product,review_original,source,review_date,original_rating,review_en,rating,threat_category
JE TESTE KIKO...,kiko c'était vraiment donné avant maintenant les prix c'est de la folie 🥲,YouTube,,,kiko it was really cheap before now the prices are crazy 🥲,3.0,Neutral/Positive
JE TESTE KIKO...,❤❤❤,YouTube,,,❤❤❤,3.0,Neutral/Positive
JE TESTE KIKO...,coucou as tu déjà fait une vidéo full face fenty beauty ?,YouTube,,,"Hello, have you ever made a Fenty Beauty full face video?",4.0,Neutral/Positive
JE TESTE KIKO...,bonjour fabian peux tu nous faire une full face de la marque l’oréal...avec ta maman vous êtes trop beau et génial ensemble. merci,YouTube,,,hello fabian can you give us a full face of the l'oréal brand...with your mom you are so beautiful and awesome together. THANKS,5.0,Neutral/Positive
JE TESTE KIKO...,"salut fabian, j’ai le même fond de teint chez moi et même sans utiliser de base c’est une catastrophe (au début, moi aussi je pensais que ça venait de la base). il marque toutes mes zones de sécheresse et je ne t’explique même pas quand je le poudre derrière. pourtant, je n’ai jamais eu de problème avec les autres marques de fond teint que j’ai pu tester avant.",YouTube,,,"hi fabian, I have the same foundation at home and even without using a base it's a disaster (at first, I too thought it came from the base). it marks all my dry areas and I don't even explain to you when I powder it behind. However, I have never had a problem with the other brands of foundation that I have tested before.",2.0,Product Quality Threat
JE TESTE KIKO...,le focuuuus 😢,YouTube,,,the focus 😢,3.0,Neutral/Positive
JE TESTE KIKO...,t’es le goat mon fabian,YouTube,,,you are the goat my fabian,3.0,Neutral/Positive
JE TESTE KIKO...,merci ! c'est quoi ton type de peau ? et aussi où tu t'épile les sourcils stp ? mercii,YouTube,,,THANKS ! what is your skin type? and also where do you pluck your eyebrows please? thank you,4.0,Neutral/Positive
JE TESTE KIKO...,apparament kiko teste sur les animaux c’est vrai ?,YouTube,,,"apparently kiko tests on animals, is that true?",4.0,Neutral/Positive
JE TESTE KIKO...,refait charlotte tilbury par pitiééé ou catrice,YouTube,,,remade charlotte tilbury by pityééé or catrice,3.0,Neutral/Positive
JE TESTE KIKO...,idées full face à faire : essence ; sephora ; fenty,YouTube,,,full face ideas to do: essence; sephora; fenty,4.0,Neutral/Positive
JE TESTE KIKO...,le rouge à lèvre 102 a changé de compo et de teinte il est moins rose clair ! je suis deg c’était mon best depuis des années,YouTube,,,"lipstick 102 has changed composition and shade, it is less light pink! I'm deg it was my best for years",4.0,Neutral/Positive
JE TESTE KIKO...,j adore kiko mais les fond de teint il y a pas assais de teinte c est dommage et oui le fond de teint serum etait incroyable j aimais que celui la.,YouTube,,,"I love Kiko but the foundations don't have any shade, it's a shame and yes the serum foundation was incredible, I only loved that one.",5.0,Neutral/Positive
JE TESTE KIKO...,je pense que ta pas assais attendu avec la base qu elle seche et tu en a trop mis.,YouTube,,,I think you didn't wait with the base for it to dry and you used too much.,2.0,Product Quality Threat
JE TESTE KIKO...,c’est moi ou le focus fait chier,YouTube,,,is it me or the focus sucks,2.0,Neutral/Positive
JE TESTE KIKO...,❤,YouTube,,,❤,3.0,Neutral/Positive
JE TESTE KIKO...,on adore tes vidéos de crash test continu !!,YouTube,,,we love your continuous crash test videos!!,5.0,Health & Safety Threat
JE TESTE KIKO...,une full face ysl,YouTube,,,une full face ysl,4.0,Neutral/Positive
JE TESTE KIKO...,full face kylie cosmetics stp,YouTube,,,full face kylie cosmetics stp,4.0,Neutral/Positive
JE TESTE KIKO...,ravie de te revoir fabian,YouTube,,,nice to see you again fabian,5.0,Neutral/Positive
The WORST Skincare Products #shorts,don't use nutravim. it's a scam!,YouTube,,,don't use nutravim. it's a scam!,3.0,Fraud & Scam Threat
The WORST Skincare Products #shorts,it's white akash,YouTube,,,it's white akash,3.0,Neutral/Positive
The WORST Skincare Products #shorts,i actually loveeee the lemon toner for my pores!!!! it worked amazing on me! and also smelled so fresh and a little sour like lemon haha but fresh like lemon. i always swore by it and told people it was my favorite!! lemon is amazing for your insides so i wonder why it wouldn’t be good for certain skin care treatments. but in an exfoliation pad like they showed???? ouch!! that’s just like micro scratching your face and putting lemon in it! no thanks! lol,YouTube,,,i actually loveeee the lemon toner for my pores!!!! it worked amazing on me! and also smelled so fresh and a little sour like lemon haha but fresh like lemon. i always swore by it and told people it was my favorite!! lemon is amazing for your insides so i wonder why it wouldn’t be good for certain skin care treatments. but in an exfoliation pad like they showed???? ouch!! that’s just like micro scratching your face and putting lemon in it! no thanks! lol,4.0,Neutral/Positive
The WORST Skincare Products #shorts,what works for some might not work for others i'm just saying 🤷🏽,YouTube,,,what works for some might not work for others i'm just saying 🤷🏽,3.0,Neutral/Positive
The WORST Skincare Products #shorts,"i am 68 and have very sensitive reactive skin (psa and sjogrens disease which yields extreme dryness).  legit sensitive. i have used seabreeze original formula for as long as i remember. it absolutely doesn't not tear your face off! that is simply untrue. it is very refreshing, eases facial and scalp itching and has never irritated my skin.",YouTube,,,"i am 68 and have very sensitive reactive skin (psa and sjogrens disease which yields extreme dryness).  legit sensitive. i have used seabreeze original formula for as long as i remember. it absolutely doesn't not tear your face off! that is simply untrue. it is very refreshing, eases facial and scalp itching and has never irritated my skin.",4.0,Health & Safety Threat
The WORST Skincare Products #shorts,"sea breeze been used by my mom with shampoo to help with my scalp dermatitis. and, it works. now as an adult, i still go back to that remedy. i can't say it's good for everyone but it helps me. only skin care product that i'll never give up is noxzema. great for my oily skin. but, if you have sensitive skin, don't use. wash your face with oatmeal soap😉",YouTube,,,"sea breeze been used by my mom with shampoo to help with my scalp dermatitis. and, it works. now as an adult, i still go back to that remedy. i can't say it's good for everyone but it helps me. only skin care product that i'll never give up is noxzema. great for my oily skin. but, if you have sensitive skin, don't use. wash your face with oatmeal soap😉",4.0,Neutral/Positive
The WORST Skincare Products #shorts,bro looks like the first pokemon evolution stage of harald glööckler,YouTube,,,bro looks like the first pokemon evolution stage of harald glööckler,4.0,Neutral/Positive
The WORST Skincare Products #shorts,i learnt the hard way that lemon doesn’t go on the face. i tried making a home yoghurt tumeric face mask and stupidly squeezed in lemon juice.. my face was on fireeeee🔥🔥🔥,YouTube,,,i learnt the hard way that lemon doesn’t go on the face. i tried making a home yoghurt tumeric face mask and stupidly squeezed in lemon juice.. my face was on fireeeee🔥🔥🔥,1.0,Neutral/Positive
The WORST Skincare Products #shorts,"i agree with the astringent! my mom for whatever reason gave me that as a teenager to help control my face oil and acne! all it did was dry out my skin and make it more angry! 

a gentle cleanser was all i needed!",YouTube,,,"i agree with the astringent! my mom for whatever reason gave me that as a teenager to help control my face oil and acne! all it did was dry out my skin and make it more angry! 

a gentle cleanser was all i needed!",3.0,Product Quality Threat
The WORST Skincare Products #shorts,"my favorite homemade mask for cleansing when your pores are filthy: make a paste with lemon juice and baking soda. cake it on and let it dry. then gently rinse off, rubbing in small circles. pat dry & moisturize. i use it on dudes that almost never cleanse, or on me but no more than once a month to every 6 months, moisturize right after.",YouTube,,,"my favorite homemade mask for cleansing when your pores are filthy: make a paste with lemon juice and baking soda. cake it on and let it dry. then gently rinse off, rubbing in small circles. pat dry & moisturize. i use it on dudes that almost never cleanse, or on me but no more than once a month to every 6 months, moisturize right after.",3.0,Product Quality Threat
The WORST Skincare Products #shorts,what about sincerely yours?,YouTube,,,what about sincerely yours?,5.0,Neutral/Positive
The WORST Skincare Products #shorts,"everything that seemed to work for me they took off shelves like that lemon zesty scrub he showed by clean and clear! they actually had a face wash that worked wonders and removed dark marks and more! also, they use to have ambi with the hydroquinone that they removed and that pair was amazing!!!!!!!! i’m very disappointed it’s like they do it on purpose!!!",YouTube,,,"everything that seemed to work for me they took off shelves like that lemon zesty scrub he showed by clean and clear! they actually had a face wash that worked wonders and removed dark marks and more! also, they use to have ambi with the hydroquinone that they removed and that pair was amazing!!!!!!!! i’m very disappointed it’s like they do it on purpose!!!",4.0,Neutral/Positive
The WORST Skincare Products #shorts,"btw you will not feel moisturized after using this, the video maker will lie to you 😂",YouTube,,,"btw you will not feel moisturized after using this, the video maker will lie to you 😂",3.0,Neutral/Positive
The WORST Skincare Products #shorts,please i need your help and advice i’ have used a face mask and now i have chemical burns with severe hypopigmentation and irritation . this has been devastating for me . the company doesn’t reach out . this company has no warning labels and had a law suit in 2024 for cancer causing and carcinogens . not safe for sensitive skin and i have never had skin issues . what should i do to relieve this . i have videos of the product and what i’m going through 😢😢,YouTube,,,please i need your help and advice i’ have used a face mask and now i have chemical burns with severe hypopigmentation and irritation . this has been devastating for me . the company doesn’t reach out . this company has no warning labels and had a law suit in 2024 for cancer causing and carcinogens . not safe for sensitive skin and i have never had skin issues . what should i do to relieve this . i have videos of the product and what i’m going through 😢😢,2.0,Neutral/Positive
The WORST Skincare Products #shorts,those lemon pads worked wonders for me..  and then they discontinued it....,YouTube,,,those lemon pads worked wonders for me..  and then they discontinued it....,3.0,Neutral/Positive
The WORST Skincare Products #shorts,love that you’re reacting to lotr! but this looks like such an uncomfortable way to enjoy a long movie 😩 these movies need a comfy couch with all the lights off and a good snack!,YouTube,,,love that you’re reacting to lotr! but this looks like such an uncomfortable way to enjoy a long movie 😩 these movies need a comfy couch with all the lights off and a good snack!,4.0,Neutral/Positive
The WORST Skincare Products #shorts,that black mask is ass!!,YouTube,,,that black mask is ass!!,2.0,Neutral/Positive
The WORST Skincare Products #shorts,i regret to use facemask now im insecure to go outside🥲😅,YouTube,,,i regret to use facemask now im insecure to go outside🥲😅,1.0,Neutral/Positive
The WORST Skincare Products #shorts,all these products i used as a kid and oh my god. the burn. the pain. the acneeee,YouTube,,,all these products i used as a kid and oh my god. the burn. the pain. the acneeee,3.0,Neutral/Positive
The WORST Skincare Products #shorts,"what about the good beauty by meg kilcup, ??",YouTube,,,"what about the good beauty by meg kilcup, ??",5.0,Neutral/Positive
KIKO MILANO HUG COUTURE: Recensione completa,"ciao anna, anche io ho acquistato il blush nel pottino n.1, mi piace molto, utilizzo l'applicatore per metterlo sulle guance e poi lo sfumo con le mani, forse è un fatto igienico non dover mettere le dita dentro al pot, non lo utilizzo sulle labbra, poi ho acquistato il nuovo fondotinta love fusion ma non lo ho ancora testato. le tue recensioni sono sempre interessanti. sono contenta che tu non abbia le unghie finte, adesso tanto di moda , e se posso dire la mia, sono proprio brutte da vedere. sei bravissima come sempre.",YouTube,,,"Hi Anna, I also purchased the blush in pot no. 1, I really like it, I use the applicator to put it on the cheeks and then blend it with my hands, maybe it's a hygienic thing not to have to put my fingers inside the pot, I don't use it on the lips, then I bought the new love fusion foundation but I haven't tested it yet. your reviews are always interesting. I'm glad you don't have fake nails, which are so fashionable now, and if I may say so, they're really ugly to look at. you are great as always.",4.0,Fraud & Scam Threat
KIKO MILANO HUG COUTURE: Recensione completa,grazie mille per la tua sincerità.,YouTube,,,Thank you so much for your sincerity.,4.0,Neutral/Positive
KIKO MILANO HUG COUTURE: Recensione completa,ciao cara volevo sapere se quale primer spray fix valido tra essense o catrice....o altri con buon inci....❤,YouTube,,,"Hi dear, I wanted to know if which primer spray fix is ​​valid between Essense or Catrice....or others with good results....❤",5.0,Neutral/Positive
KIKO MILANO HUG COUTURE: Recensione completa,"il fondotinta in stick sulla mia pelle matura è tremendo : si infila in pori e rughe, e, anche settato con la polvere della stessa collezione ( molto pigmentata) , dopo circa tre ore in alcune zone è proprio sparito, mentre si accumula  nelle rughe di espressione. pessimo acquisto. peccato, perché per i primi cinque minuti ( tempo della prova in negozio) è molto bello.",YouTube,,,"the stick foundation on my mature skin is terrible: it gets into pores and wrinkles, and, even set with the powder from the same collection (very pigmented), after about three hours in some areas it really disappeared, while it accumulates in expression lines. bad purchase. It's a shame, because for the first five minutes (test time in the store) it's very nice.",3.0,Neutral/Positive
KIKO MILANO HUG COUTURE: Recensione completa,"ciao anna! grazie per questa recensione! continuo a non essere attratta dalle limited di kiko, più da alcuni prodotti in gamma permanente! ❤",YouTube,,,"hi anna! thanks for this review! I'm still not attracted to Kiko's limited ones, more so to some products in the permanent range! ❤",4.0,Neutral/Positive
KIKO MILANO HUG COUTURE: Recensione completa,kiko destinato ha chiudere... sempre vuoto... ogni tanto entro.... ma scappo via di corsa.... che brutii prodotti... che prezzi... vado alla mac  se devo....,YouTube,,,kiko destined to close... always empty... every now and then I come in.... but I run away.... what brutal products... what prices... I go to Mac if I have to....,1.0,Neutral/Positive
KIKO MILANO HUG COUTURE: Recensione completa,"ciao anna ❤ immancabile la tua review e sempre completa e dettagliata! grazie mille, il blush in pot è effettivamente il pezzo più interessante ma concordo sul prezzo eccessivo rispetto alle formule coreane. un abbraccio ❤",YouTube,,,"hi Anna ❤ your review is inevitable and always complete and detailed! thank you very much, the blush in pot is actually the most interesting piece but I agree that it is too expensive compared to Korean formulas. a hug ❤",4.0,Neutral/Positive
KIKO MILANO HUG COUTURE: Recensione completa,"ciao anna hai totalmente ragione su tutto quello che hai detto, ho visto la collezione, si i pack molto belli, ma non mi è piaciuto niente di quello che c'era, tutto visto e rivisto, sempre le solite cose e se c'è qualcosa di diverso alla fine per il prezzo non conviene, quindi dopo aver visto la tua recensione ho deciso di non comprare niente, sei di grande aiuto 😄👍❤",YouTube,,,"Hi Anna, you're totally right about everything you said, I saw the collection, yes the packs were very nice, but I didn't like anything about what was there, everything seen and seen again, always the same things and if there's something different in the end it's not worth it for the price, so after seeing your review I decided not to buy anything, you're a great help 😄👍❤",4.0,Neutral/Positive
KIKO MILANO HUG COUTURE: Recensione completa,io guardo tutti i video tuoi anche se non compro kiko da anni ormai.,YouTube,,,I watch all your videos even though I haven't bought Kiko for years now.,3.0,Neutral/Positive
KIKO MILANO HUG COUTURE: Recensione completa,"evvivaaaaaaa🎉🎉🎉🎉🎉🎉🎉🎉🎉 finalmente abbiamo il nostro bel prodotto ciofeca della collezione 😂😂😂😂😂 grazie !!! ora sto meglio 😂😂😂 al di là del gioco io anche cone te e penso come tutti compriamo sempre meno prodotti non solo di kiko ma un po ' di tutti i brand perché ormai si assomigliano tutti, hanno fatto uscire talmente tanto in poco tempo che tutto è troppo, è uguale, è inflazionato. aben vedere questi prodotti li abbiano già tutti e non siano invogliati a comprare perché nessuno ha voglia di prendere doppioni di ciò che già si possiede a prezzi triplicati.  detto ciò,  like, hyoe e un bacione , alla prossima ❤❤❤",YouTube,,,"hurray🎉🎉🎉🎉🎉🎉🎉🎉🎉 we finally have our beautiful ciofeca product from the collection 😂😂😂😂😂 thank you!!! I'm better now 😂😂😂 beyond the game I'm like you too and I think like we all buy fewer and fewer products not only from Kiko but from all the brands because now they all look alike, they've released so much in a short time that everything is too much, it's the same, it's inflated. apparently everyone already has these products and is not tempted to buy because no one wants to buy duplicates of what they already have at tripled prices.  that said, like, hyoe and a big kiss, see you next time ❤❤❤",4.0,Neutral/Positive
KIKO MILANO HUG COUTURE: Recensione completa,avevo intravisto questi nuovi blush e mi incuriosiscono molto…grazie per la recensione! le palette pure mi incuriosivano ma mi pare che abbiano ridotto molto le dimensioni dei quad per alzare i prezzi in maniera indecente…quindi doppiamente grazie per questo video!😊,YouTube,,,I had glimpsed these new blushes and I'm very curious...thanks for the review! I was also intrigued by the palettes but it seems to me that they have greatly reduced the size of the quads to raise the prices in an indecent way... so thank you doubly for this video!😊,4.0,Neutral/Positive
KIKO MILANO HUG COUTURE: Recensione completa,"ciao anna ❤ ho preso il blush come il tuo, speriamo che duri sulla mia pelle mista 😂",YouTube,,,"hi anna ❤ I got the blush like yours, let's hope it lasts on my combination skin 😂",3.0,Neutral/Positive
KIKO MILANO HUG COUTURE: Recensione completa,"questa collezione l'ho zompata allegramente, troppo plain (e io che non vedevo l'ora della fine della clean girl era, speravo in qualcosa di coloratissimo e invece... sempre sul pezzo da kiko, devo dire 😂 mannaggetty!)
quantomeno mi sono consolata con una bella palettona di cosmic brushes e con il blush liquido di mulac, quello lilla fotonico (colore bellissimo e adoro quei prodottini, sono ottimi!)",YouTube,,,"I walked through this collection happily, too plain (and I couldn't wait for the end of the clean girl era, I was hoping for something very colorful and instead... always on the kiko piece, I must say 😂 mannaggetty!)
at least I consoled myself with a nice scoop of cosmic brushes and with the mulac liquid blush, the photonic lilac one (beautiful color and I love those products, they are excellent!)",5.0,Neutral/Positive
KIKO MILANO HUG COUTURE: Recensione completa,"ora ho le idee chiarissime. sei minuziosa ed esaustiva, come sempre. credo andrò diretta ai blush in pot ❤. grazie annina, le tue recensioni sono preziose ❤",YouTube,,,"Now I have very clear ideas. you are thorough and exhaustive, as always. I think I'll go straight to the blushes in pot ❤. thank you annina, your reviews are precious ❤",4.0,Neutral/Positive
KIKO MILANO HUG COUTURE: Recensione completa,"stesse medesime considerazioni sul packaging del rossetto (anch’io ho preso lo 03): avevo resistito al my crush di pupa proprio per quanto erano ingombranti, ma questo pack di kiko leggermente più snello mi ha soddisfatto e in più la shade sembrava fatta apposta per me 😍
è sempre un piacere ascoltarti, hype per te!🫶🏻😘",YouTube,,,"same considerations on the packaging of the lipstick (I also got the 03): I had resisted my crush from pupa precisely because of how bulky they were, but this slightly slimmer Kiko pack satisfied me and what's more the shade seemed made especially for me 😍
it's always a pleasure to listen to you, hype for you!🫶🏻😘",4.0,Neutral/Positive
KIKO MILANO HUG COUTURE: Recensione completa,"ciao anna !!! le tue recensioni sono sempre top!! amando il rosa sono stata attratta da questa collezione e pensa che ho preso gli stessi prodotti che hai preso tu ovvero il blush ma quello rosa e il rossetto nella tua stessa colorazione. il rossetto è molto bello e grazie davvero per la dritta della matita che sono subito andata a prendere e ci sta benissimo. il blush sono sincera mi ha lasciata un po' perplessa perchè dalla tua recensione sembra essere durevole mentre invece quando lo metto mi sparisce subito e ne devo proprio mettere tanto perchè si veda un pochino. io avevo utilizzato il suo applicatore facendo tre pallini sul viso e poi stendendo col pennello ma ahimè non ha performato bene. proverò come hai fatto tu mettendolo sulla mano e usando un pennello a setole meno fitte, salvo che proprio cambi la performance da colore a colore ma non credo. poi siccome volevo la pochette rosa ( ne avrò tremila !!! 🤣🤣 ) ho preso gli smalti colorazione 02 ma non li ho ancora provati sulle unghie ma su un pezzo di carta bianca. sinceramente quello scuro non mi sembra proprio un topper perchè colora abbastanza e infatti mi sa che non lo sfrutterò piu di tanto ma non per il colore che non è malaccio ma per il fatto che io detesto i brillantini in generale quindi anche sulle unghie e mi da l'idea che si vedano abbastanza.  cmq sperimenterò e vediamo.  ho provato sulla mano in negozio anche il fondo di cui parlavi però per me  che sono mozzarella anche la shade piu chiara virava troppo al giallognolo e quindi nulla. il pennello sarebbe stato carino ma costa troppo e poi non so tu ma con i pennelli di kiko ho avuto pessime esperienze ovvero che perdono i peli in modo inaccettabile e non solo all'inizio che uno potrebbe dire beh è un eccesso che una volta eliminato si stabilizzano. no! continuano a perderli, nel lavello e soprattuto sulla faccia quindi non lo avrei preso anche per questo. a te è mai successo? certo c'è da dire che kiko esagera un po' sia con queste collezioni a raffica sia con i prezzi. vediamo se tra qualche giorno esce la collezione estate 2026 !!!!  🤣se esce aspetto la tua recensione ovviamente! un abbraccio e grazie. manu",YouTube,,,"hi anna!!! your reviews are always top!! loving pink I was attracted by this collection and think that I bought the same products as you, i.e. the blush but the pink one and the lipstick in the same color as you. the lipstick is very beautiful and thank you very much for the tip on the pencil which I immediately went to get and it fits perfectly. To be honest, the blush left me a little perplexed because from your review it seems to be long-lasting whereas when I put it on it disappears immediately and I really have to put a lot of it on so that it can be seen a little. I had used its applicator by making three dots on the face and then applying with the brush but unfortunately it didn't perform well. I'll try as you did by placing it on my hand and using a brush with less dense bristles, unless it really changes the performance from color to color but I don't think so. then since I wanted the pink clutch bag (I'll have three thousand!!! 🤣🤣) I got the 02 color nail polishes but I haven't tried them on my nails yet but on a piece of white paper. honestly the dark one doesn't really seem like a topper to me because it colors enough and in fact I think I won't use it too much but not because of the color which isn't too bad but because of the fact that I hate glitter in general and therefore also on the nails and it gives me the idea that it's quite visible.  Anyway I'll experiment and see.  I also tried the base you were talking about on my hand in the shop but for me, being a mozzarella person, even the lighter shade turned too yellowish and therefore nothing. the brush would have been nice but it costs too much and then I don't know about you but I've had very bad experiences with kiko brushes meaning that they shed hair in an unacceptable way and not just at the beginning which one might say well it's an excess which once eliminated stabilizes. No! they keep losing it, in the sink and especially on the face so I wouldn't have taken it for that too. has this ever happened to you? Of course, it must be said that Kiko exaggerates a bit both with these rapid-fire collections and with the prices. Let's see if the summer 2026 collection comes out in a few days!!!!  🤣if it comes out I'll obviously wait for your review! a hug and thanks. manual",3.0,Neutral/Positive
KIKO MILANO HUG COUTURE: Recensione completa,"meravigliosamente accurata e precisa come sempre, apprezzo davvero la tua dedizione a questa ""missione"" sei unica non smettere mai di recensire le collezioni kiko per noi!!",YouTube,,,"wonderfully accurate and precise as always, I really appreciate your dedication to this ""mission"" you are unique never stop reviewing kiko collections for us!!",4.0,Neutral/Positive
KIKO MILANO HUG COUTURE: Recensione completa,"sulla collezione la penso come te, non mi fa pensare per niente alla primavera e purtroppo o perfortuna non mi è piaciuto proprio niente, le palettine poi, sciapissime. comunque grazie sempre per le tue preziosissime opinioni 🥰 🥰 🥰",YouTube,,,"I think like you about the collection, it doesn't make me think of spring at all and unfortunately or fortunately I didn't like anything at all, then the palettes, very tasteless. anyway thank you always for your precious opinions 🥰 🥰 🥰",3.0,Neutral/Positive
KIKO MILANO HUG COUTURE: Recensione completa,"arrivo in ritardo, ma apprezzo molto il discorso finale. non vale solo per kiko, anche se sembra che loro ci si mettano proprio di buzzo buono a uscire ogni 3x2 con collezioni nuove, ma un po' tutti i brand ultimamente, anche indi. non se ne può più, ormai ci sfornano palette da 70€ di media l'una ogni 2/3 settimane!!! ho notato che in diverse creator stanno cominciando a chiedere ai brand di darsi una calmata 😅
comunque bravissima che non hai ceduto alla tentazione di prendere il terzo prodotto per avere la pochette gratis!! 👏🏼👏🏼👏🏼
il pennellino gommoso prova ad usarlo per gli shimmer all'angolo interno dell'occhio, io ce l'ho simile e lo uso con le formule più flaky 😊",YouTube,,,"I'm late, but I really appreciate the final speech. it doesn't just apply to kiko, even if it seems like they really try very hard to come out with new collections every 3x2, but almost all brands lately, even India. we can't stand it anymore, now they're churning out palettes for an average of €70 each every 2/3 weeks!!! I've noticed that several creators are starting to ask brands to calm down 😅
Anyway, very good that you didn't give in to the temptation to take the third product to get the free clutch bag!! 👏🏼👏🏼👏🏼
try using the rubbery brush for shimmers on the inner corner of the eye, I have a similar one and I use it with the flakiest formulas 😊",3.0,Neutral/Positive
KIKO MILANO HUG COUTURE: Recensione completa,"ciao anna grazie per la precisa recensione molto utile... ❤
risparmio 😂😂😂",YouTube,,,"Hi Anna, thank you for the precise, very useful review... ❤
savings 😂😂😂",4.0,Neutral/Positive
KIKO 3D Hydra Gloss😍🩷✨#unboxing #kikocosmetics,which shade is it?,YouTube,,,which shade is it?,3.0,Neutral/Positive
KIKO 3D Hydra Gloss😍🩷✨#unboxing #kikocosmetics,"i have  the  same  lipstick  but it  smells
like  chocolate ❤",YouTube,,,"i have  the  same  lipstick  but it  smells
like  chocolate ❤",3.0,Neutral/Positive
KIKO 3D Hydra Gloss😍🩷✨#unboxing #kikocosmetics,"ciao,che numero è il gloss?",YouTube,,,"hi, what number is the gloss?",3.0,Neutral/Positive
KIKO 3D Hydra Gloss😍🩷✨#unboxing #kikocosmetics,لطفا بگو خونه تون کجاستvery good take me pleas,YouTube,,,لطفا بگو خونه تون کجاستvery good take me pleas,5.0,Neutral/Positive
KIKO 3D Hydra Gloss😍🩷✨#unboxing #kikocosmetics,hello❤😊,YouTube,,,hello❤😊,3.0,Neutral/Positive
KIKO 3D Hydra Gloss😍🩷✨#unboxing #kikocosmetics,who remembered ang mutya ng section e kiko after hearing kiko milano assemble here😂,YouTube,,,who remembered ang mutya ng section e kiko after hearing kiko milano assemble here😂,3.0,Neutral/Positive
KIKO 3D Hydra Gloss😍🩷✨#unboxing #kikocosmetics,song name,YouTube,,,song name,3.0,Neutral/Positive
KIKO 3D Hydra Gloss😍🩷✨#unboxing #kikocosmetics,wow❤,YouTube,,,wow❤,3.0,Neutral/Positive
KIKO 3D Hydra Gloss😍🩷✨#unboxing #kikocosmetics,neciyedi?,YouTube,,,for what reason?,3.0,Neutral/Positive
KIKO 3D Hydra Gloss😍🩷✨#unboxing #kikocosmetics,22❤,YouTube,,,22❤,3.0,Neutral/Positive
KIKO 3D Hydra Gloss😍🩷✨#unboxing #kikocosmetics,17❤,YouTube,,,17❤,3.0,Neutral/Positive
KIKO 3D Hydra Gloss😍🩷✨#unboxing #kikocosmetics,it smells like watermelon?,YouTube,,,it smells like watermelon?,3.0,Neutral/Positive
KIKO 3D Hydra Gloss😍🩷✨#unboxing #kikocosmetics,girly ik this lip gloss it's the best! i have it and im so grateful  for this lip gloss❤✌🏻✨️,YouTube,,,girly ik this lip gloss it's the best! i have it and im so grateful  for this lip gloss❤✌🏻✨️,5.0,Neutral/Positive
KIKO 3D Hydra Gloss😍🩷✨#unboxing #kikocosmetics,i have that one.,YouTube,,,i have that one.,3.0,Neutral/Positive
KIKO 3D Hydra Gloss😍🩷✨#unboxing #kikocosmetics,is it scented,YouTube,,,is it scented,3.0,Neutral/Positive
KIKO 3D Hydra Gloss😍🩷✨#unboxing #kikocosmetics,i love that colour😊,YouTube,,,i love that colour😊,5.0,Neutral/Positive
KIKO 3D Hydra Gloss😍🩷✨#unboxing #kikocosmetics,beauty fulll,YouTube,,,beauty fulll,3.0,Neutral/Positive
KIKO 3D Hydra Gloss😍🩷✨#unboxing #kikocosmetics,i have this but my is from italy,YouTube,,,i have this but my is from italy,3.0,Neutral/Positive
"Once my mom finds a product she loves, she’ll never let it go🤩 #skincare #korean #glowyskin",genetics,YouTube,,,genetics,3.0,Neutral/Positive
"Once my mom finds a product she loves, she’ll never let it go🤩 #skincare #korean #glowyskin",she sad smooth liker butter remind med of bts song butter,YouTube,,,she sad smooth liker butter remind med of bts song butter,3.0,Neutral/Positive
"Once my mom finds a product she loves, she’ll never let it go🤩 #skincare #korean #glowyskin",to me her mother looks like asa from babymonster,YouTube,,,to me her mother looks like asa from babymonster,3.0,Neutral/Positive
"Once my mom finds a product she loves, she’ll never let it go🤩 #skincare #korean #glowyskin",shes also rich….are u really that out of touch?,YouTube,,,shes also rich….are u really that out of touch?,4.0,Neutral/Positive
"Once my mom finds a product she loves, she’ll never let it go🤩 #skincare #korean #glowyskin",she looks late 30's omgggggggggggggggg,YouTube,,,she looks late 30's omgggggggggggggggg,2.0,Neutral/Positive
"Once my mom finds a product she loves, she’ll never let it go🤩 #skincare #korean #glowyskin","and thousands of dollars worth of facials, laser and microneedling 😂",YouTube,,,"and thousands of dollars worth of facials, laser and microneedling 😂",4.0,Neutral/Positive
"Once my mom finds a product she loves, she’ll never let it go🤩 #skincare #korean #glowyskin",you forget the fact shes asian and has had a face lift...,YouTube,,,you forget the fact shes asian and has had a face lift...,3.0,Neutral/Positive
"Once my mom finds a product she loves, she’ll never let it go🤩 #skincare #korean #glowyskin",what?!shes 50years old?! i thought she was like 30......hehe,YouTube,,,what?!shes 50years old?! i thought she was like 30......hehe,4.0,Neutral/Positive
"Once my mom finds a product she loves, she’ll never let it go🤩 #skincare #korean #glowyskin",because she has been under the knife darling. you need to be rich to look young. i have never met a single rich woman who looks old. 😂,YouTube,,,because she has been under the knife darling. you need to be rich to look young. i have never met a single rich woman who looks old. 😂,4.0,Neutral/Positive
"Once my mom finds a product she loves, she’ll never let it go🤩 #skincare #korean #glowyskin",she's beautiful but also that can't just be her secret bobby brown cleansing oils only been around for about a decade maybe the night serum because that's been around for 40 years❤😅,YouTube,,,she's beautiful but also that can't just be her secret bobby brown cleansing oils only been around for about a decade maybe the night serum because that's been around for 40 years❤😅,4.0,Neutral/Positive
"Once my mom finds a product she loves, she’ll never let it go🤩 #skincare #korean #glowyskin","like the content like what they're putting together hot congratulations , keep up wonderful work",YouTube,,,"like the content like what they're putting together hot congratulations , keep up wonderful work",5.0,Neutral/Positive
"Once my mom finds a product she loves, she’ll never let it go🤩 #skincare #korean #glowyskin",i'm not seeing a ring on that finger.,YouTube,,,i'm not seeing a ring on that finger.,3.0,Neutral/Positive
"Once my mom finds a product she loves, she’ll never let it go🤩 #skincare #korean #glowyskin","i’m 52 and have similar skin.
i can honestly say, being half asian helps. my mom’s genetics was my lottery, but i also follow up with the same products i have used since the 90s.
dhc skincare is my holy grail and i will not be caught out with out it ❤",YouTube,,,"i’m 52 and have similar skin.
i can honestly say, being half asian helps. my mom’s genetics was my lottery, but i also follow up with the same products i have used since the 90s.
dhc skincare is my holy grail and i will not be caught out with out it ❤",3.0,Neutral/Positive
"Once my mom finds a product she loves, she’ll never let it go🤩 #skincare #korean #glowyskin",she looks 50 😂🤣🤣🤣,YouTube,,,she looks 50 😂🤣🤣🤣,3.0,Neutral/Positive
"Once my mom finds a product she loves, she’ll never let it go🤩 #skincare #korean #glowyskin",why does she have a grey cast jawline?,YouTube,,,why does she have a grey cast jawline?,3.0,Neutral/Positive
"Once my mom finds a product she loves, she’ll never let it go🤩 #skincare #korean #glowyskin","beautiful hair style 😍 
the products don't interest me",YouTube,,,"beautiful hair style 😍 
the products don't interest me",5.0,Neutral/Positive
"Once my mom finds a product she loves, she’ll never let it go🤩 #skincare #korean #glowyskin",all on boycott list! don't support the holocaust inflicted on the people of gaza!🇵🇸,YouTube,,,all on boycott list! don't support the holocaust inflicted on the people of gaza!🇵🇸,3.0,Neutral/Positive
"Once my mom finds a product she loves, she’ll never let it go🤩 #skincare #korean #glowyskin",i thought she was in late 30s 😂,YouTube,,,i thought she was in late 30s 😂,2.0,Neutral/Positive
"Once my mom finds a product she loves, she’ll never let it go🤩 #skincare #korean #glowyskin",shes 50 i though she was 39,YouTube,,,shes 50 i though she was 39,3.0,Neutral/Positive
"Once my mom finds a product she loves, she’ll never let it go🤩 #skincare #korean #glowyskin",boycotting 🇬🇱,YouTube,,,boycotting 🇬🇱,3.0,Neutral/Positive
Kiko Milano General,"les produits ont été réduits en taille.
rouge à lèvres longue durée qui casse au bout de 2/3 utisations.
idem pour le eyeshadow en stick  utilisé 2 fois et ça casse.....vraiment très déçu...je changerai de fournisseur",Trustpilot,2026-05-03T09:48:33.000Z,3.0,"products have been reduced in size.
long-lasting lipstick that breaks after 2/3 uses.
ditto for the eyeshadow stick used twice and it breaks...really very disappointed...I will change supplier",3.0,Neutral/Positive
Kiko Milano General,"me ha decepcionado muchísimo. hace 10 dias q hice un pedido on line y todavía no lo he recibido, no tenía ni idea q podrían tardar tanto. por supuesto,  no comprare nada más con ellos. de todas formas desde hace tiempo q han subido mucho los precios. empezó siendo una red de tiendas asequible y ahora están de una manera que son muy exclusivos. tampoco es para tanto. hay mejores productos en la competencia, como druni o primor que tienen mejor relación calidad precio y por supuesto el plazo de entrega en pedidos on line es muchísimo más rápido. no se cuando recibire lo q pedí,  pq tampoco fueron productos exclusivos...definitivamente no repetiré.",Trustpilot,2026-05-02T12:02:04.000Z,3.0,"It has disappointed me very much. I placed an order online 10 days ago and I still haven't received it, I had no idea it could take so long. Of course, I won't buy anything else from them. In any case, prices have risen a lot for a long time. It started as an affordable network of stores and now they are in a way that is very exclusive. It's not that big of a deal either. There are better products in the competition, such as druni or primor that have a better quality-price ratio and of course the delivery time for online orders is much faster. I don't know when I will receive what I ordered, because they weren't exclusive products either...I definitely won't repeat.",3.0,Neutral/Positive
Kiko Milano General,"i was at kiko milano 30/4/26 and i must say, your customer service rep clar was amazing, she helped me find my shade, market other product, that i will need and i got them. she did this with calmness and empathy… i  will surely, be coming back to manchester arndale for more products, due to this amazing service.",Trustpilot,2026-05-01T10:03:34.000Z,3.0,"i was at kiko milano 30/4/26 and i must say, your customer service rep clar was amazing, she helped me find my shade, market other product, that i will need and i got them. she did this with calmness and empathy… i  will surely, be coming back to manchester arndale for more products, due to this amazing service.",3.0,Neutral/Positive
Kiko Milano General,"i purchased a concealer and unsealed it to find there was barely any product in it, so little that the doe foot applicator couldn’t pick any of it up! unfortunately i didn’t get the receipt because i trusted this brand and have used this many times before so that leaves me with a empty concealer i spent £10 on  i should have just bought the hourglass concealer.",Trustpilot,2026-04-30T10:41:32.000Z,3.0,"i purchased a concealer and unsealed it to find there was barely any product in it, so little that the doe foot applicator couldn’t pick any of it up! unfortunately i didn’t get the receipt because i trusted this brand and have used this many times before so that leaves me with a empty concealer i spent £10 on  i should have just bought the hourglass concealer.",3.0,Neutral/Positive
Kiko Milano General,veelste druk. personeel niet behulpzaam en niet vriendelijk en veel producten niet verkrijgbaar in de winkel die wel op de site staan.,Trustpilot,2026-04-29T17:27:08.000Z,3.0,most pressure. staff not helpful and not friendly and many products not available in the store that are on the site.,3.0,Neutral/Positive
Kiko Milano General,"ordini perennemente in ritardo, anche oltre una settimana rispetto a quando si effettua l'ordine, problemi ricorrenti riguardo il tracciamento,  mancanza di un contatto diretto,rapido e  semplice di assistenza al post vendita . in poche parole... o comprate in negozio o passate alla concorrenza.",Trustpilot,2026-04-29T15:16:45.000Z,3.0,"orders perpetually late, even more than a week compared to when the order was placed, recurring problems regarding tracking, lack of direct, quick and simple after-sales assistance contact. in short... either buy in store or go to the competition.",3.0,Neutral/Positive
Kiko Milano General,"la dependienta del centro comercial de artea, bastante borde en el trato. la verdad que una lástima, no creo que vuelva a comprar en esta tienda.",Trustpilot,2026-04-25T12:03:47.000Z,3.0,"The saleswoman at the Artea shopping center, quite rude in her dealings. It's really a shame, I don't think I will buy from this store again.",3.0,Neutral/Positive
Kiko Milano General,"oggi al punto kiko presso il centro commerciale le befane di rimini, siamo state accolte da una bravissima commessa, rebecca, con tanta cortesia, competenza e solarità !!! brava rebecca♥️",Trustpilot,2026-04-24T21:10:57.000Z,3.0,"today at the kiko point at the le befane shopping center in rimini, we were welcomed by a very good sales assistant, rebecca, with such courtesy, competence and cheerfulness!!! well done rebecca♥️",3.0,Neutral/Positive
Kiko Milano General,"kiko cosmetics è uno di quei marchi che ti conquista subito. offre prodotti di qualità sorprendente a prezzi accessibili, con una scelta enorme che va dal make‑up alla skincare. molti clienti apprezzano la durata dei mascara, la pigmentazione degli ombretti e la resa dei rossetti, spesso paragonati a marchi molto più costosi. anche l’esperienza in negozio viene descritta in modo molto positivo: personale preparato, disponibile e capace di consigliare davvero ciò che serve. è un brand italiano che negli anni si è costruito una reputazione solida grazie a innovazione, sicurezza dei prodotti e attenzione ai dettagli. per chi cerca qualità senza spendere troppo, kiko è una scelta che difficilmente delude.",Trustpilot,2026-04-24T20:56:34.000Z,3.0,"kiko cosmetics is one of those brands that wins you over immediately. offers amazing quality products at affordable prices, with a huge choice ranging from make-up to skincare. many customers appreciate the durability of the mascaras, the pigmentation of the eyeshadows and the performance of the lipsticks, often compared to much more expensive brands. the in-store experience is also described in a very positive way: trained staff, available and able to really recommend what you need. is an Italian brand that has built a solid reputation over the years thanks to innovation, product safety and attention to detail. for those looking for quality without spending too much, kiko is a choice that is unlikely to disappoint.",3.0,Neutral/Positive
Kiko Milano General,"alcuni dei prodotti kiko non sono male ma altri aspetti del brand sono da bocciare: innanzitutto le commesse insistenti a dismisura, a tratti maleducate e irrispettose e sarà una prerogativa durante la selezione del personale perchè ho riscontrato la stessa cosa in diversi punti vendita in città differenti. prezzi che aumentano vertiginosamente nel giro di un paio di mesi e, a volte, la mancanza di corrispodenza del numero di un prodotto da un acquisto a quello successivo.",Trustpilot,2026-04-24T14:36:11.000Z,3.0,"some of the kiko products are not bad but other aspects of the brand are to be rejected: first of all the excessively insistent sales assistants, at times rude and disrespectful and this will be a prerogative during the selection of staff because I found the same thing in different stores in different cities. prices that skyrocket within a couple of months and, sometimes, the mismatch of a product number from one purchase to the next.",3.0,Neutral/Positive
Kiko Milano General,"sono costretto a lasciare una recensione molto negativa riguardo il kiko make-up milano è situato nel centro commerciale di cavallino lecce. 
non allego foto per privacy, 
nonostante l'attesa vicino ai prodotti che avrei voluto acquistare, le ragazze mi guardavano parlavano tra di loro, alla fine ha fatto cenno e una addirittura una risposta un attimo si è accostato e vicino a una porta , presumo del deposito,pensando di non essere vista, continuando la chiacchierata con la collega, beh ovviamente sono andata via 
peccato che non danno importanza il valore al lavoro, ci vorrebbero più controlli",Trustpilot,2026-04-22T16:01:53.000Z,3.0,"I am forced to leave a very negative review regarding Kiko make-up Milan which is located in the Cavallino Lecce shopping centre. 
I don't attach photos for privacy, 
despite the wait near the products I wanted to buy, the girls looked at me and talked to each other, in the end he made a sign and one even replied, for a moment he approached and near a door, I presume from the warehouse, thinking of not being seen, continuing the chat with the colleague, well obviously I left 
It's a shame that they don't give importance to the value of work, more controls would be needed",3.0,Neutral/Positive
Kiko Milano General,"he intentado hacer un primer pedido por la web con recogida en tienda, o hice el 13 de abril, y hoay casi 10 días despues lo cancelan por falta de disponibilidad... me parece excesivo el tiempo que han tardado en tramitarlo para que encima no lo tengan (podían tener más control del stock), así que una y no más.",Trustpilot,2026-04-20T14:13:19.000Z,3.0,"I have tried to place a first order on the website with in-store pickup, or I placed it on April 13, and today almost 10 days later they canceled it due to lack of availability... the time it took them to process it seems excessive to me so that on top of that they don't have it (they could have had more control of the stock), so once and no more.",3.0,Neutral/Positive
Kiko Milano General,"boutique de platja d’aro
trois personnes, magasin vide, je cherche un rouge à lèvres, l’une d’entre elles ouvre des tiroirs juste sous mes jambes, alors que je regarde les produits, pour faire du rangement, très désagréable, une autre me demande quand même ce que je recherche, me propose d’essayer un rouge à lèvres puis disparait. aucun accompagnement mais le produit me plaît, je m’apprête à l’acheter sauf que j’ai le malheur d’ouvrir la boîte pour vérifier la couleur. la troisième vendeuses depuis la caisse lance « il faut pas ouvrir », je lui explique que je vais acheter le produit et que je vérifie juste la couleur, réponse : « il faut pas ouvrir, il faut nous demander » comme si j’étais un enfant de 4 ans. résultat : je laisse le produit et lui rappelle qu’elle perd une vente pour son manque de sympathie et que le magasin est vide! très mauvaise expérience, des vendeuses pas du tout formées ou peu motivées à mon avis, je n’irai plus.",Trustpilot,2026-04-19T06:07:53.000Z,3.0,"platja d’aro shop
three people, empty store, I'm looking for a lipstick, one of them opens drawers just under my legs, while I'm looking at the products, to tidy up, very unpleasant, another asks me what I'm looking for, suggests I try a lipstick then disappears. no accompaniment but I like the product, I am about to buy it except that I have the misfortune of opening the box to check the color. the third saleswoman from the checkout says ""you must not open"", I explain to her that I am going to buy the product and that I am just checking the color, response: ""you must not open, you must ask us"" as if I were a 4 year old child. result: I leave the product and remind her that she is losing a sale for her lack of sympathy and that the store is empty! very bad experience, salespeople not at all trained or not very motivated in my opinion, I will not go again.",3.0,Neutral/Positive
Kiko Milano General,kein email oder telefon!,Trustpilot,2026-04-18T10:28:48.000Z,3.0,no email or telephone!,3.0,Neutral/Positive
Kiko Milano General,ordinato due rossetti il giorno 8 aprile..ancora non sono arrivati. mandato mail all 'assistenza ma non hanno risolto nulla e non rispondono. mai più...davvero esperienza pessima.,Trustpilot,2026-04-17T21:01:02.000Z,3.0,ordered two lipsticks on April 8th...they still haven't arrived. I sent an email to support but they didn't solve anything and don't respond. never again...really bad experience.,3.0,Neutral/Positive
Kiko Milano General,"il 30 marzo ho fatto un acquisto online con spedizione a domicilio. il 2 aprile ho ricevuto e-mail di spedizione , mai possibile tracciarla. oggi è il 17 aprile e non ho mai ricevuto risposta ai reclami e tantomeno il rimborso. procederò per vie legali. che vergogna!",Trustpilot,2026-04-17T20:07:57.000Z,3.0,"on March 30th I made an online purchase with home delivery. on April 2nd I received a shipping email, never possible to track it. today is April 17th and I have never received a response to my complaints, much less a refund. I will proceed through legal channels. what a shame!",3.0,Neutral/Positive
Kiko Milano General,"mal trato por parte de las trabajadoras de plaza el duque 
voy pidiendo que me asesoren con una pomada de cejas aparte de darme un tono no adecuado , voy a reclamar una solución una de las mujeres me habla estupendamente y la compañera se mete en mi conversación hablándome de malas formas y diciendo que me valla que no es su problema diciéndole además a su compañera que no me eche cuenta, y que pase de mí a lo que me voy molesta sin solución aparte de no querer darme la hoja de reclamaciones. molesta sin 11 euros y mal trato. no recomiendo nada ir a kiko",Trustpilot,2026-04-16T16:04:31.000Z,3.0,"bad treatment by the workers at Plaza El Duque 
I am asking for advice with an eyebrow pomade apart from giving me an inappropriate tone, I am going to demand a solution, one of the women speaks wonderfully to me and the colleague gets into my conversation, speaking to me in a bad way and telling me to go away that it is not her problem, also telling her colleague not to notice me, and to move on from me to what I am leaving, annoying with no solution apart from not wanting to give me the complaint form. annoying without 11 euros and bad treatment. I do not recommend going to kiko at all",3.0,Neutral/Positive
Kiko Milano General,"the super stay lipstick is not as good as it used to be some years ago... i live now in norway and it has been difficult to buy the products, i was super happy when i finally could buy some products, but i am really dissapointed now... this lipstick was the best of the best, it wouldnt go away with anything the whole night... and now it couldn't even last 6 hours",Trustpilot,2026-04-16T15:29:12.000Z,3.0,"the super stay lipstick is not as good as it used to be some years ago... i live now in norway and it has been difficult to buy the products, i was super happy when i finally could buy some products, but i am really dissapointed now... this lipstick was the best of the best, it wouldnt go away with anything the whole night... and now it couldn't even last 6 hours",3.0,Neutral/Positive
Kiko Milano General,"commande non reçu depuis plus d’un mois de commande, 5 relances au service client et aucun retour. non professionnel / inadmissible / incompétence/ déception !",Trustpilot,2026-04-14T17:36:55.000Z,3.0,"order not received for more than a month of ordering, 5 reminders to customer service and no returns. unprofessional / unacceptable / incompetence / disappointment!",3.0,Neutral/Positive
Kiko Milano General,en dos meses han subido algunos productos más del 20%. es una vergüenza. todo esto debería de controlarse y poner multas disuasorias de estos comportamientos,Trustpilot,2026-04-12T18:24:09.000Z,3.0,In two months some products have risen more than 20%. It's a shame. All this should be controlled and fines should be imposed to discourage these behaviors.,3.0,Neutral/Positive
Kiko Milano General,"vind het echt heeel jammer dat ik bij kiko den haag engels moet praten en moet nadenken over kleurnummers in het engels, omdat niemand meer nl spreekt...",Trustpilot,2026-04-11T19:22:50.000Z,3.0,"I really think it's a shame that I have to speak English at Kiko Den Haag and think about color numbers in English, because no one speaks English anymore...",3.0,Neutral/Positive
Kiko Milano General,beth was so helpful and kind. i have really sensitive skin and she helped my find the best products for me. i ended up buying three products due to beth's excellent advice. i would highly recommend this store.,Trustpilot,2026-04-10T14:54:42.000Z,3.0,beth was so helpful and kind. i have really sensitive skin and she helped my find the best products for me. i ended up buying three products due to beth's excellent advice. i would highly recommend this store.,3.0,Neutral/Positive
Kiko Milano General,"ho acquistato on line un paio di prodotti, scegliendo l'opzione "" ritira in negozio"", dove dovevano essere pronti nell'arco di un paio di ore. ho atteso qualche giorno controllando lo stato dell'ordine, che risultava sempre ""in preparazione"". dopo 8 giorni e solo dopo aver contattato l'assistenza, ho appreso che l'ordine era stato bloccato. inoltre contattando il numero di telefono del negozio, mai mi hanno risposto, se non con una voce automatica che parlava inglese.",Trustpilot,2026-04-08T13:19:10.000Z,3.0,"I purchased a couple of products online, choosing the ""collect in store"" option, where they had to be ready within a couple of hours. I waited a few days checking the status of the order, which was always ""in preparation"". after 8 days and only after contacting support, I learned that the order had been blocked. furthermore, when I contacted the shop's telephone number, they never answered me, except with an automatic voice that spoke English.",3.0,Neutral/Positive
Kiko Milano General,commande passée pour un click and collect. je paye 3 articles. résultat : 1 seul article disponible en magasin ? alors que les 3 étaient dispo en retrait à ce magasin et le sont toujours à l’heure actuelle d’ailleurs. alors pourquoi pas dans ma commande ? en litige.,Trustpilot,2026-04-07T23:20:37.000Z,3.0,order placed for click and collect. I pay for 3 items. result: only 1 item available in store? while the 3 were available for pickup at this store and still are at present. so why not in my order? in dispute.,3.0,Neutral/Positive
Kiko Milano General,"ordine mai arrivato, tante mail di richiesta info e l'ultima dopo 3 settimane di rimborso e mai, dico mai una risposta, solo la stessa mail automatica. se non sapete gestire le consegne on line non date questo servizio e non è possibile che dopo 3 settimane nessun operatore, se ci sono, possa rispondere. francesca",Trustpilot,2026-04-04T13:59:54.000Z,3.0,"order never arrived, many emails requesting info and the last one after 3 weeks of refund and never, I mean never a response, just the same automatic email. If you don't know how to manage online deliveries, don't provide this service and it's not possible that after 3 weeks no operator, if there are any, will be able to respond. francesca",3.0,Fraud & Scam Threat
Kiko Milano General,"ifi could have given 0 stars i would ! ordered items on 19march in usa as i live there 6 months and still don’t have any product and am now back in the uk. i keep checking my order status and in preparation stage never changes. i contacted customer service who send a link to progress a complaint which doesn’t work. no help given then sent messages on insta, x and facebook and still nothing. will never order from hear again. appalling customer service",Trustpilot,2026-04-04T04:46:18.000Z,3.0,"ifi could have given 0 stars i would ! ordered items on 19march in usa as i live there 6 months and still don’t have any product and am now back in the uk. i keep checking my order status and in preparation stage never changes. i contacted customer service who send a link to progress a complaint which doesn’t work. no help given then sent messages on insta, x and facebook and still nothing. will never order from hear again. appalling customer service",3.0,Neutral/Positive
Kiko Milano General,"ho fatto un ordine online. l ordine doveva arrivare dopo 10 giorni. è stato spedito dopo 3 e ho subito provato a tracciare il pacco. non si trovava ma ho comunque scelto di avere fiducia. ho aspettato. il giorno in cui doveva arrivare non è arrivato. ho aspettato e ho cercato un numero di assistenza da chiamare inesistente. mi è stata data una mail (dopo che ho chiamato almeno 20 negozi che non mi hanno saputo aiutare) che non ha fatto nulla se non dirmi di avere pazienza e che neanche loro sapevano dove era. potevano ridarmi i soldi, potevano spedire un altro ordine ma hanno scelto di dirmi solo che dovevo avere pazienza. non ho ancora ricevuto il mio pacco o tanto meno i miei soldi indietro.",Trustpilot,2026-04-01T12:50:22.000Z,3.0,"I placed an order online. the order was supposed to arrive after 10 days. it was shipped after 3 and I immediately tried to track the package. it couldn't be found but I still chose to have faith. I waited. the day it was supposed to arrive did not arrive. I waited and looked for a non-existent helpline number to call. I was given an email (after I called at least 20 stores who couldn't help me) that did nothing except tell me to be patient and that they didn't know where it was either. they could give me my money back, they could ship another order but they chose to just tell me that I had to be patient. I still haven't received my package or much less my money back.",3.0,Neutral/Positive
Kiko Milano General,"ich war bei kiko in der kölner hohen straße. ich bin super begeistert. als ich reinkam, wurde ich direkt super nett empfangen bedient von anetta. sie hat mich geschminkt mit meiner richtigen foundation war genau mein auf meiner haut angepasst",Trustpilot,2026-03-30T21:01:56.000Z,3.0,"I was at Kiko's on Cologne Hohe Strasse. I'm super excited. When I came in, I was greeted very nicely and served by Anetta. She put my make-up on with my correct foundation that was exactly the right one for my skin",3.0,Neutral/Positive
Kiko Milano General,"non dovrei essere io a dirlo ma le recensioni dovrebbero riguardare il sito mentre leggo di recensioni sulla commessa x del negozio y. 
non è qui che vanno scritti questi commenti.
qui si tratta di valutare l’esperienza online: il sito è il sito kiko ufficiale, vende tutti i prodotti kiko (spesso ho trovato qui anche i prodotti che ormai non erano più reperibili nei negozi perché in edizioni limitate).  per quanto riguarda la mia esperienza personale posso solo dire che è stata positiva, perché la merce è arrivata in ottime condizioni , correttamente confezionata e la spedizione è stata puntuale.",Trustpilot,2026-03-30T10:26:12.000Z,3.0,"I shouldn't be the one to say it but the reviews should concern the site while I read reviews on shop assistant x of shop y. 
This is not where these comments should be written.
here it's about evaluating the online experience: the site is the official kiko site, it sells all kiko products (I often found here also products that were no longer available in stores because they were in limited editions).  As far as my personal experience is concerned, I can only say that it was positive, because the goods arrived in excellent condition, correctly packaged and the shipment was on time.",3.0,Neutral/Positive
Kiko Milano General,"hoy he estado con mi hija de 15 años nos ha  atendido ángeles y de verdad maravillosa, profesional, simpática y mi  hija encantada con lo que la ha enseñado , mil gracias y volveré espero que esté ella.",Trustpilot,2026-03-28T21:47:47.000Z,3.0,"Today I was with my 15-year-old daughter, Angels attended to us and she was truly wonderful, professional, friendly and my daughter was delighted with what she had taught her, thank you very much and I will return, I hope she is there.",3.0,Neutral/Positive
Kiko Milano General,"sono una cliente abituale di kiko, ho chiesto la matita n 5 delle sopracciglia e la commessa (store di viale marconi, roma) mi ha dato in mezzo a tutto il resto degli acquisti la matita n 4..mettendola sulle sopracciglia ho visto che era chiara e mi sono accorta del suo errore ! mi reco subito con lo scontrino e la matita per chiedere il cambio e mi risponde che avendola usata (preciso ho solo iniziato a metterla e l'ho subito chiusa senza usarla), che non poteva cambiarla e se non mi piacesse la potevo regalare a qualcuno! l'errore è stato il suo sbagliando il numero da me richiesto ed è stata maleducata ed arrogante ...chiedo gentilmente di poter fare il cambio visto che la matita è intonsa
grazie",Trustpilot,2026-03-28T19:09:18.000Z,3.0,"I'm a regular Kiko customer, I asked for eyebrow pencil no. 5 and the sales assistant (store in Viale Marconi, Rome) gave me pencil no. 4 among all the rest of the purchases... putting it on my eyebrows I saw that it was clear and I realized her mistake! I immediately go with the receipt and the pencil to ask for the exchange and he replies that having used it (I'm precise, I only started to put it on and immediately closed it without using it), that he couldn't exchange it and if I didn't like it I could give it to someone as a gift! the mistake was that she got the number I requested wrong and she was rude and arrogant...I kindly ask to be able to make the change since the pencil is untouched
thanks",3.0,Neutral/Positive
Kiko Milano General,"primo ordine con sconto da altro sito, seleziono la consegna in negozio. mi arriva mail che posso andare a ritirare. vado. nulla. pacco svanito. mi pare che la transazione paypal non sia andata in porto. pazientemente, riprovo. stavolta consegna a domicilio.controllo il tracking qualche giorno dopo: spedizione inesistente ma ordine esistente. spedito. scrivo all’assistenza. “grazie per averci contattato!! ti faremo sapere!” oggi al 17 esimo giorno di silenzio, tracking inesistente e nessuna risposta dall’assistenza, chiedo rimborso. non perdete tempo su questo sito e comprate altrove o in negozio. pessima pessima pessima pessima pessima che se potessi darei meno di una stella!!!!",Trustpilot,2026-03-26T09:26:51.000Z,3.0,"first order with discount from another site, I select in-store delivery. I get an email that I can go and collect. I go. Nothing. package vanished. It seems to me that the PayPal transaction did not go through. patiently, I try again. this time home delivery. I check the tracking a few days later: shipping does not exist but the order exists. shipped. I'm writing to support. ""Thanks for contacting us!! We'll let you know!"" today on the 17th day of silence, non-existent tracking and no response from support, I ask for a refund. Don't waste your time on this site and buy elsewhere or in store. terrible bad bad bad bad that if I could I would give less than one star!!!!",3.0,Customer Service Threat
Kiko Milano General,commande passée la semaine dernière et toujours en cours de préparation. pour 5 articles cela fait très long. depuis un an environ la livraison de vos commandes est devenue désastreuse et tout ce que vous trouvez à dire c'est d'attendre. livraison gratuite mais rapidement c'est mieux parce que sinon autant la faire payer... bref je vous avais laissé une chance cette fois-ci mais ça sera la dernière. si d'ici vendredi ma commande est toujours en préparation je ferai appel à paypal pour régler le problème. les commentaires de vos clients sont à l'image de ce que vaut votre enseigne à la date d'aujourd'hui. bref décevant,Trustpilot,2026-03-25T23:24:52.000Z,3.0,Order placed last week and still being prepared. for 5 articles that's a very long time. For about a year the delivery of your orders has become disastrous and all you can say is wait. free delivery but quickly it's better because otherwise you might as well charge for it... in short I gave you a chance this time but it will be the last. If by Friday my order is still being prepared I will use Paypal to resolve the problem. your customers' comments reflect what your brand is worth as of today. in short disappointing,3.0,Neutral/Positive
Kiko Milano General,"la tienda del centro comercial de diagonal mar, fuimos atendidas por omayra. felicitaciones, perque recibimos un trato immejorable, con mucha profesionalidad. muchas gracias por tu ayuda omayra.",Trustpilot,2026-03-25T12:41:27.000Z,3.0,"the store in the diagonal mar shopping center, we were served by omayra. Congratulations, because we received unbeatable treatment, with great professionalism. Thank you very much for your help Omayra.",3.0,Neutral/Positive
Kiko Milano General,"bonjour, heureuse de voir que je ne suis pas la seule cliente à être déçue  
problème de qualité des poudres et aussi des crayons lèvres à 12e99
la poudre achetée en début décembre 25 s est avérée périmée et là je cite la vendeuse de kiko
j avais acheté la poudre en double 
j ai tenté auprès de la responsable de la boutique,une jeune femme charmante mais incompetente pour cette demande, de me faire un avoir ou me rembourser puisque la poudre était encore cellee 
impossible :""nous sommes mi février et l achat a eu lieu mi décembre "" on ne peut rien y faire
bon,peut-être, mais 1 crayon acheté la veille était complètement bousillé à l  intérieur, ça elle me l a échangé 
ensuite,la fidélité: alors kiko propose 15e pour vous remercier d avoir acheté pour 250e de marchandise environ. oui,sauf qu il faut racheter pour 25e minimum 
enfin ,je suis très déçue du fond de teint,ca doit être de ma faute...encore
oui,normal, la cliente se doit d être jeune,belle,bien disposée pour leur make up révolutionnaire 
c est une belle arnaque,sans parler des pubs pour leur crème de peau qui vous provoque des petits boutons, mais ça ne dure pas trop longtemps 
voilà, sinon vendeuses ravissantes,souriantes mais pas plus de 2 donc s armer de patience",Trustpilot,2026-03-25T11:19:34.000Z,3.0,"hello, happy to see that I am not the only customer to be disappointed  
quality problem with powders and also lip pencils at 12e99
the powder purchased at the beginning of December 25 turned out to be expired and here I quote the saleswoman from Kiko
I bought the powder in duplicate 
I tried with the store manager, a charming young woman but incompetent for this request, to give me a credit or refund me since the powder was still the same. 
impossible: ""it's mid-February and the purchase took place mid-December"" there's nothing we can do about it
well, maybe, but 1 pencil bought the day before was completely ruined inside, she exchanged that for me 
then, loyalty: then kiko offers 15th to thank you for having purchased approximately 250th worth of merchandise. yes, except that you have to buy back for 25th minimum 
Finally, I am very disappointed with the foundation, it must be my fault...again
yes, normal, the client must be young, beautiful, well prepared for their revolutionary make-up 
it's a great scam, not to mention the ads for their skin cream which causes small pimples, but it doesn't last too long 
that's it, otherwise lovely, smiling salespeople but no more than 2 so be patient",3.0,Health & Safety Threat
Kiko Milano General,"en la tienda de salera castellón, la dependienta me ha acusado hoy de haberme quedado con el importe de una devolución que ella realizó por error hace dos años. evidentemente no tengo ni idea de qué me está hablando pero, si es así, cosa que dudo ya que lo he comprobado con mi extractos bancarios, que haga mejor su trabajo. por supuesto ya he puesto una reclamación por la acusación y aunque les de lo mismo, han perdido una clienta, o más de una porque por supuesto nadie de mi entorno volverá a esa tienda.",Trustpilot,2026-03-22T01:21:45.000Z,3.0,"At the Salera Castellón store, the saleswoman accused me today of having kept the amount of a return that she made by mistake two years ago. Obviously I have no idea what you are talking about but, if so, which I doubt since I have verified it with my bank statements, let it do its job better. Of course I have already filed a complaint against the accusation and even if it doesn't matter to them, they have lost a customer, or more than one because of course no one around me will return to that store.",3.0,Neutral/Positive
Kiko Milano General,j'ai fais une commande sur internet le 11/03 date de livraison prévue le 16/03 on est le 21/03 rien .... je n'ai jamais vu des livraisons aussi longues depuis bien longtemps ... je me rends donc sur le site internet voir si il y a un problème et là surprise ma commande est en préparation depuis 10 jours ça fait très long pour si peu à l'heure ou certains livrent en 24h... par contre l'encaissement de la commande lui à pris effet de suite quand d'autres prélèvent au moment de l'envoi ! je vais régulièrement en magasin et c'est parfait ... bref je ne referai pas la même erreur 2 fois fini le en ligne kiko pour moi !!,Trustpilot,2026-03-21T14:55:25.000Z,3.0,"I placed an order on the internet on 03/11 delivery date scheduled for 03/16 it is 03/21 nothing.... I have never seen such long deliveries for a long time... so I go to the website to see if there is a problem and there surprise my order has been in preparation for 10 days that's a very long time for so little on time or some deliver in 24 hours... on the other hand the collection of the order has taken effect immediately when others collect at the time of sending! I go to the store regularly and it's perfect... in short I won't make the same mistake twice, finished the kiko online for me!!",3.0,Neutral/Positive
Kiko Milano General,"recensione negativa kiko c/o mongolfiera via santa caterina a bari , perché sempre sprovvisto di prodotti.",Trustpilot,2026-03-20T08:58:51.000Z,3.0,"Negative review of Kiko c/o Mongolfiera via Santa Caterina in Bari, because it always lacks products.",3.0,Neutral/Positive
Kiko Milano General,"ho ordinato 4 eyeliner sul sito, ovviamente pagato immediatamente,  ma la consegna non arriva.
il corriere dice che è bloccata dal mittente, il mittente dice che bisogna aspettare che si sbocchi...quindi????? 
intanto i soldi li hanno già!!!!
vergognoso, nessuna assistenza.",Trustpilot,2026-03-19T14:01:28.000Z,3.0,"I ordered 4 eyeliners on the site, obviously paid immediately, but the delivery doesn't arrive.
the courier says that it is blocked by the sender, the sender says that you have to wait for it to be released...so????? 
Meanwhile they already have the money!!!!
shameful, no assistance.",3.0,Neutral/Positive
Kiko Milano General,"al momento de revisar mis pagos  con la tarjeta de credito, en kiko cosmetics israel, encontre que pague dos veces. una vez por los dos productos que encargue por internet y la segunda vez solo por el producto que supuestamente habia. todo esto porque hicieron muy mal las cuentas, por supuesto en su beneficio. cuando decidi anular la compra, el sitio no me lo permitio y por mail no me respondieron. mandaron el producto dos dias despues de la anulacion, producto que obviamente no fui a buscar. me devolvieron solo una parte del dinero y se niegan a aclarar la situacion con la tarjeta de credito",Trustpilot,2026-03-19T12:48:22.000Z,3.0,"When I reviewed my credit card payments, at Kiko Cosmetics Israel, I found that I paid twice. once for the two products that I ordered online and the second time only for the product that was supposedly there. All this because they did the math very badly, of course for their benefit. When I decided to cancel the purchase, the site did not allow me to do so and they did not respond by email. They sent the product two days after the cancellation, a product that I obviously did not go looking for. They returned only part of the money and refuse to clarify the situation with the credit card",3.0,Neutral/Positive
Kiko Milano General,"j’ai passé commande le 11 mars et je n’ai eu aucune nouvelle pendant plusieurs jours (environ 5 jours), ma commande restant simplement “en préparation”.

j’ai donc contacté le service client, en fournissant pourtant dès le départ mon numéro de commande et mon nom. 

malgré cela, on m’a demandé de nombreuses informations supplémentaires : captures d’écran de la commande, preuve de paiement paypal, etc.
le processus est très lourd et peu fluide pour une commande à moins de 50 euros.

de plus, on m’a indiqué que je n’écrivais pas depuis la “bonne adresse email”, ce qui a encore compliqué la situation et retardé l’accès aux informations.

après 5 échanges de mails, je n’avais toujours aucune réponse concrète à ma question principale : quand ma commande allait-elle être expédiée ?

en parallèle, je me suis aperçue que côté paypal, le paiement était toujours en “autorisation en cours”, donc non validé par kiko, ce qui n’était jamais clairement expliqué.

avant-hier, j’ai relancé une nouvelle fois avec mon autre mail.

on m’a répondu que la commande était “en préparation”, alors que sur le site elle apparaissait expédiée, avec un numéro de suivi non fonctionnel.

finalement, j’ai reçu ma commande 2 jours plus tard, donc la livraison a été rapide une fois expédiée.

en résumé : 

produits conformes et livraison efficace, mais expérience client à améliorer :

manque de transparence sur le statut réel des commandes

communication confuse

processus de support lourd et répétitif

en espérant que cela s'améliore nettement.

un groupe whatsapp sav serait bien apprécié en 2026.",Trustpilot,2026-03-18T12:46:40.000Z,3.0,"I placed an order on March 11 and had no news for several days (around 5 days), my order simply remaining “in preparation”.

I therefore contacted customer service, although providing my order number and name from the start. 

despite this, I was asked for a lot of additional information: screenshots of the order, proof of PayPal payment, etc.
the process is very cumbersome and not very smooth for an order costing less than 50 euros.

in addition, I was told that I was not writing from the “correct email address”, which further complicated the situation and delayed access to information.

after 5 email exchanges, I still had no concrete answer to my main question: when was my order going to be shipped?

at the same time, I noticed that on the Paypal side, the payment was still in “authorization in progress”, therefore not validated by kiko, which was never clearly explained.

The day before yesterday, I launched again with my other email.

I was told that the order was “in preparation”, even though on the site it appeared shipped, with a non-functional tracking number.

Ultimately, I received my order 2 days later, so delivery was quick once shipped.

in summary: 

compliant products and efficient delivery, but customer experience needs improvement:

lack of transparency on the real status of orders

confusing communication

cumbersome and repetitive support process

hoping that it improves significantly.

a whatsapp after-sales group would be much appreciated in 2026.",3.0,Neutral/Positive
Kiko Milano General,"metto 1 stella perché non è possibile mettere zero, ma meriterebbero zero!
ho fatto un ordine online il 12 gennaio 2026, ordine n. 106963597. gli articoli non soddisfacevano le mie aspettative per cui ho fatto richiesta di reso e rimborso. il reso l'hanno ricevuto il 06/02/2026 (ho le prove) ma continuano a chiedermi documenti via mail senza rimborsare. 
assistenza pessima, procederò per vie legali!",Trustpilot,2026-03-17T15:12:59.000Z,3.0,"I give 1 star because it is not possible to give zero, but they deserve zero!
I placed an online order on January 12, 2026, order no. 106963597. the items did not meet my expectations so I requested a return and refund. they received the return on 02/06/2026 (I have proof) but they continue to ask me for documents via email without refunding. 
terrible assistance, I will take legal action!",3.0,Neutral/Positive
Kiko Milano General,"leila 
ze gaf ons een super make up advies,ook super vriendelijk echt aanrader om daar kij te gaan x",Trustpilot,2026-03-15T14:32:28.000Z,3.0,"leila 
she gave us great make up advice, also super friendly, highly recommended to go there x",3.0,Neutral/Positive
Kiko Milano General,"per quale motivo fate i prezzi 4,99 se poi non date il resto in centesimi?
ma dico io allora arrotondate i prezzi.
stessa cosa i supermercati, ok non c'entrano con voi, ma i centesimi li vogliono quando vai a pagare e poi non te li danno di resto. ma è tutto normale?",Trustpilot,2026-03-14T08:56:47.000Z,3.0,"why do you make prices 4.99 if you don't give the change in cents?
but I say then round up the prices.
Same thing with supermarkets, ok they have nothing to do with you, but they want the cents when you go to pay and then they don't give you change. but is everything normal?",3.0,Neutral/Positive
Kiko Milano General,"metto una sola stellina perchè meno non è possibile; ho ordinato dei lucidalabbra e una matita, per un valore di circa 46 euro, ben tre settimane fa. prima mi dicono che la cosegna sarebbe avvenuta il 28 febbraio e mi rimandano ad amazon shipping, per la tracciatura della spedizione. qui il numero di spedizione è inesistente. poi mi danno il 7 marzo e nulla!! ho scritto all'assistenza e mi hanno risposto che, quando avranno aggiornamenti, me lo diranno. oggi è il 13 marzo e lo stato di spedizione aggiornato è ritornato al 28 febbraio.. vorrei capire dove è finito il mio pacco",Trustpilot,2026-03-13T16:36:14.000Z,3.0,"I give only one star because less is not possible; I ordered some lip glosses and a pencil, worth around 46 euros, three weeks ago. first they told me that the delivery would take place on February 28th and they sent me back to Amazon Shipping to track the shipment. here the shipping number does not exist. then they give me March 7th and nothing!! I wrote to support and they replied that when they have updates, they will tell me. today is March 13th and the updated shipping status has returned to February 28th.. I would like to understand where my package ended up",3.0,Neutral/Positive
Kiko Milano General,"customer service is atrocious, rude, arrogant staff member apparently she is new, she stared at my 13yr old daughter and i like we were going to steal. we felt uncomfortable. i advised the lady at the front, she said she will tell the manager. is this the kind of staff you employ to represent your brand? i'm appalled it did put a damper on our day out after 2 weeks of being indoors. we wont be supporting kiko or walking in there again!",Trustpilot,2026-03-13T15:38:57.000Z,3.0,"customer service is atrocious, rude, arrogant staff member apparently she is new, she stared at my 13yr old daughter and i like we were going to steal. we felt uncomfortable. i advised the lady at the front, she said she will tell the manager. is this the kind of staff you employ to represent your brand? i'm appalled it did put a damper on our day out after 2 weeks of being indoors. we wont be supporting kiko or walking in there again!",3.0,Neutral/Positive
Kiko Milano General,"i prodotti kiko non sono male, ma le commesse sono di un'insistenza veramente fastidiosa. ovviamente quando entri ti inseguono chiedendo se ti serve qualcosa, ed è giusto che sia così. però proseguono: ""lo sa che abbiamo il rossetto labbrabelle in offerta""?  non sono interessata, grazie. ""abbiamo anche il mascara cigliafighe in offertissima se prende il fondotinta pirolillo"". la ringrazio, non mi interessa. la trafila prosegue anche alla cassa...""lo sa che abbiamo in offerta la crema maipiurughe""? per sfinimento ho acquistato (in offerta) il mascara dreamphoria. valutazione: pessimo",Trustpilot,2026-03-13T09:55:04.000Z,3.0,"Kiko products aren't bad, but the orders are really annoying. obviously when you enter they chase you asking if you need anything, and rightly so. but they continue: ""do you know that we have the lipstick lipstick on offer""?  I'm not interested, thanks. ""We also have the lashes mascara on offer if you use the Pirolillo foundation."" Thank you, I don't care. the process also continues at the checkout...""do you know that we have maipiurughe cream on offer""? out of exhaustion I bought (on offer) the dreamphoria mascara. rating: terrible",3.0,Neutral/Positive
Kiko Milano General,"j'ai acheté le nettoyant pure clean eyes et lips... au bout de 2 jours, j'avais une conjonctivite et les yeux rouges ! rdv en urgence chez mon ophtalmologue qui m'a confirmé d'arrêter immédiatement d'utiliser ce produit.
produit dangereux. je vais demander le remboursement 
marie",Trustpilot,2026-03-12T23:14:51.000Z,3.0,"I bought the pure clean eyes and lips cleanser... after 2 days, I had conjunctivitis and red eyes! Emergency appointment with my ophthalmologist who confirmed that I should immediately stop using this product.
dangerous product. I will request a refund 
marie",3.0,Neutral/Positive
Kiko Milano General,"darei zero stelle, veramente pessimi in tutto . ordino una gift card da 50€,non mi arriva nessuna email di conferma ma i soldi vengono intascati immediatamente. passano i giorni e continua a non arrivarmi nessuna email. provo a contattare l’assistenza, non esiste alcun numero al mondo. l’unico modo possibile per segnalare il problema è compilare dei moduli di m***a dal sito, la cui risposta è sempre un’email generata automaticamente. mando moduli su moduli ma nessuna risposta concreta. l’unico operatore umano che mi risponde mi dice di controllare nelle spam dove ovviamente avevo giá controllato, dopo avergli chiesto altro non mi risponde più. mi hanno rubato i soldi praticamente, sono degli schifosi. mi riferisco esclusivamente al sito.",Trustpilot,2026-03-12T20:41:46.000Z,3.0,"I would give zero stars, really bad in everything. I order a €50 gift card, I don't receive any confirmation email but the money is pocketed immediately. Days go by and I still don't get any emails. I try to contact support, there is no number in the world. the only possible way to report the problem is to fill out some bullshit forms from the site, the response to which is always an automatically generated email. I send form after form but no concrete response. the only human operator who answers me tells me to check my spam where obviously I had already checked, after asking him something else he doesn't answer me anymore. they practically stole my money, they are disgusting. I'm referring exclusively to the site.",3.0,Fraud & Scam Threat
Kiko Milano General,"les filles qui travaillent là sont très désagréables, on ne s’occupe pas des clients, l’une d’entre elle était avec une cliente, les 2 autres discutaient sans prêter attention au fait que j’attendais, j’ai dû leur dire que je n’avais pas toute la journée, je demandais un renseignement sur un produit, elle me répond bah j’en ai plus, enfin bref je ne recommande pas du tout le kiko du cap sacré cœur",Trustpilot,2026-03-12T11:19:24.000Z,3.0,"the girls who work there are very unpleasant, we don't take care of the customers, one of them was with a customer, the other 2 were chatting without paying attention to the fact that I was waiting, I had to tell them that I didn't have all day, I was asking for information on a product, she answered me well I have more, anyway, I don't recommend the kiko du cap Sacré Coeur at all",3.0,Neutral/Positive
Kiko Milano General,"ni se os ocurra invertir un euro en este producto: neutral eye base (base neutralizante y fijadora para ojos) 
no cumple para nada con lo que publicitan: prolongar la duración de la sombra de ojos. 
en menos de dos horas, ya no hay rastro de la sombra de ojos. 
otras marcas, como urban decay, funciona perfecto.",Trustpilot,2026-03-12T09:33:13.000Z,3.0,"Don't even think about investing a euro in this product: neutral eye base (neutralizing and fixing base for eyes) 
It doesn't do what they advertise at all: prolonging the duration of the eye shadow. 
In less than two hours, there is no longer a trace of the eye shadow. 
Other brands, like urban decay, work perfectly.",3.0,Neutral/Positive
Kiko Milano General,"en las tiendas físicas todo muy bien, pero la venta online... pedí una vez hace tiempo y ahora recuerdo por qué no volví a hacerlo. hice otro pedido y tras esperar una semana, sólo aparece como confirmado. para contactar con ellos por un retraso es casi imposible, y tras hacerlo para ver si me pueden informar de qué está pasando, cancelan mi pedido alegando ""incidente técnico"" y no me dan más soluciones. definitivamente compraré en otras marcas.",Trustpilot,2026-03-12T09:21:27.000Z,3.0,"In physical stores everything is very good, but online sales... I ordered once a long time ago and now I remember why I didn't do it again. I made another order and after waiting a week, it only appears as confirmed. Contacting them about a delay is almost impossible, and after doing so to see if they can inform me what is happening, they cancel my order claiming a ""technical incident"" and do not give me any further solutions. I will definitely buy from other brands.",3.0,Neutral/Positive
Kiko Milano General,"pésima experiencia con kiko milano online. hice una compra, el paquete no llegó y nadie me dio una solución real. cobran rápido, pero cuando hay un problema con el envío la atención al cliente es deficiente. muy decepcionado con el servicio.",Trustpilot,2026-03-10T13:03:08.000Z,3.0,"Terrible experience with kiko milano online. I made a purchase, the package did not arrive and no one gave me a real solution. They charge quickly, but when there is a problem with shipping, customer service is poor. very disappointed with the service.",3.0,Neutral/Positive
Kiko Milano General,"uso spesso prodotti kiko, purtroppo l'ultimo mascara che ha proposto è  al quanto deludente, sia come impasto ma soprattutto ho trovato scomodissimo il pennello ,per me il prodotto peggiore e voto 0 .  
mi sto riferendo al prodotto hug couture piume lash mascara .",Trustpilot,2026-03-09T12:47:46.000Z,3.0,"I often use Kiko products, unfortunately the latest mascara you proposed is quite disappointing, both in terms of mixture but above all I found the brush very uncomfortable, for me the worst product and rating 0.  
I'm referring to the hug couture feather lash mascara product.",3.0,Neutral/Positive
Kiko Milano General,"a parte il fatto che gli ombretti li ho trovati buoni, e su quest' articolo non ho nulla da dire; purtroppo i rossetti sono stati deludenti, perché ben tre mondi sono rotti durante l'applicazione, ed io quando uso il rossetto non lo faccio mai uscire completamente dal suo contenitore. ma ciò che mi ha maggiormente irritata e contrariata l'atteggiamento delle commesse nel centro commerciale! soprattutto l'ultimo episodio, dove mi ha risposto in maniera per niente appropriata, con fare seccato, indisponente e aggressivo passivo. ed è per questo motivo che non metterò mai più piede in un negozio kiko! ci sono negozi di cosmetici dove i commessi sono talmente gentili, accoglienti di e sempre sorridenti con i clienti che giuro anche se vado solo per una matita fanno venire voglia di comprare altro! mettono le clienti talmente a proprio agio che ci vado molto ben volentieri.",Trustpilot,2026-03-08T12:07:57.000Z,3.0,"apart from the fact that I found the eyeshadows good, and I have nothing to say about this article; unfortunately the lipsticks were disappointing, because three worlds were broken during application, and when I use the lipstick I never let it come out completely from its container. but what irritated and annoyed me the most was the attitude of the shop assistants in the shopping centre! especially the last episode, where he responded to me in a way that was not at all appropriate, in an annoyed, irritating and passive aggressive manner. and this is why I will never set foot in a Kiko store again! there are cosmetic shops where the shop assistants are so kind, welcoming and always smiling towards customers that I swear even if I only go for a pencil they make me want to buy more! They make customers feel so comfortable that I'm happy to go there.",3.0,Product Quality Threat
Kiko Milano General,2 produits arrivé cassé car le colis n'est pas assez bien emballé et si je veux retourner les produits pour être remboursé je dois payez moi les fdp ils précisent que le retour en boutique est gratuit mais bon quand la boutique la plus proche est a 60km.....,Trustpilot,2026-03-07T22:17:29.000Z,3.0,2 products arrived broken because the package was not well packaged and if I want to return the products to be refunded I have to pay the FDP they specify that the return to the store is free but hey when the nearest store is 60km away.....,3.0,Product Quality Threat
Kiko Milano General,top experience!,Trustpilot,2026-03-03T13:35:16.000Z,3.0,top experience!,3.0,Neutral/Positive
Kiko Milano General,"professionalità e cortesia  del personale di kiko store del centro commerciale marcianise (ce) . un particolare ringraziamento va a beatrice che  ha saputo consigliarmi, con competenza  e simpatia, i prodotti giusti per un trucco delicato ed elegante.",Trustpilot,2026-02-28T15:15:27.000Z,3.0,"professionalism and courtesy of the Kiko store staff in the Marcianise shopping center (CE). A special thanks goes to Beatrice who was able to advise me, with competence and kindness, on the right products for delicate and elegant make-up.",3.0,Neutral/Positive
Kiko Milano General,"sav ? quel sav??
inexistant j’ai envoyé 3 mails sans réponse !
commande passée il y a 7 jours et toujours en préparation ? ça va être drôlement bien fait vu le temps. 
cela dessert la marque. manque de respect, trop de clients pour ne pas tenir compte des remarques?
catrice et essence sont bien moins chers et s’occupent de leur clients. 
à bon entendeur !",Trustpilot,2026-02-28T13:31:23.000Z,3.0,"sav? what after-sales service??
non-existent I sent 3 emails without response!
Order placed 7 days ago and still in preparation? This is going to be really well done given the time. 
this does a disservice to the brand. lack of respect, too many customers to ignore the comments?
catrice and gasoline are much cheaper and take care of their customers. 
to the wise!",3.0,Neutral/Positive
Kiko Milano General,acquistato ieri un fondotinta stamattina apro e vedo che non è quello scelto lo riporto indietro la commessa davanti a me lo riapre fa uscire completamente lo stantuffo e sporca la bottiglietta richiude scelgo quello che ieri avevo provato arrivo in cassa e mi dice che non può cambiarlo perché io lo usato e pure sporcato la bottiglietta questa si chiama truffa da denuncia vergognoso sono cliente storica di kiko mai più a san donà di piave,Trustpilot,2026-02-28T12:42:34.000Z,3.0,"I bought a foundation yesterday, this morning I open it and I see that it's not the one I chose, I take it back, the shop assistant in front of me reopens it, she pulls out the plunger completely and soils the bottle, she closes it again, I choose the one I tried yesterday, I get to the cash register and she tells me that she can't change it because I used it and also dirtied the bottle, this is called a complaint scam, shameful, I'm a long-standing customer of Kiko, never again in San Donà di Piave",3.0,Fraud & Scam Threat
Kiko Milano General,"ça fait 7 jours que j' ai commandé un produit,la livraison était estimée au bout de 5 jours, puis 7 maintenant 10! c'est du n'importe quoi, c'est la première fois que je commande en ligne et sûrement la dernière,je conseille pas du tout !",Trustpilot,2026-02-27T19:29:16.000Z,3.0,"It's been 7 days since I ordered a product, delivery was estimated after 5 days, then 7 now 10! It's nonsense, it's the first time I've ordered online and probably the last, I don't recommend it at all!",3.0,Neutral/Positive
Kiko Milano General,"je tiens à remercier chaleureusement toute l’équipe de kiko grenoble pour son accueil exceptionnel.
un grand merci à vanessa, la responsable, qui a été particulièrement souriante et très sympathique avec moi. nous avons même pris le temps d’échanger un peu sur les commerçants du coin, un moment très agréable.
merci également à marie, qui m’a servi hier : une jeune femme très agréable, de très bon conseil et vraiment sympathique.
et un grand bravo à rachel, ma préférée,  particulièrement souriante, très présente et aux petits soins.
une équipe formidable, professionnelle et chaleureuse. c’est toujours un plaisir de venir chez vous !",Trustpilot,2026-02-26T20:14:00.000Z,3.0,"I would like to warmly thank the entire Kiko Grenoble team for their exceptional welcome.
A big thank you to Vanessa, the manager, who was particularly cheerful and very friendly to me. we even took the time to chat a little about the local traders, a very pleasant moment.
Thanks also to Marie, who served me yesterday: a very pleasant young woman, very good advice and really friendly.
and a big congratulations to Rachel, my favorite, particularly smiling, very present and caring.
a wonderful, professional and warm team. It’s always a pleasure to come to your home!",3.0,Neutral/Positive
Kiko Milano General,"hice un pedido a las 23:00 del 15 de febrero, dentro del periodo de descuento de san valentín (del 12 al 15 de febrero). en teoría, la promoción debía terminar a las 23:59 del 15 de febrero.

sin embargo, tras realizar el pedido, este fue cancelado diez minutos después. al actualizar la página web a las 23:10, el descuento de san valentín ya había desaparecido.

me parece una práctica engañosa, ya que la promoción supuestamente estaba vigente hasta medianoche, pero en realidad dejó de aplicarse antes. contacté con atención al cliente y me dijeron que nadie lo había denunciado anteriormente.

en cualquier caso, esta experiencia me ha decepcionado bastante. 

en fin, me ahorré 120 euros y kiko milano perdió una venta. mi marido se lo agradecerá.",Trustpilot,2026-02-25T18:55:37.000Z,3.0,"I placed an order at 11:00 p.m. on February 15, within the Valentine's Day discount period (February 12 to 15). In theory, the promotion was supposed to end at 11:59 p.m. on February 15.

However, after placing the order, it was canceled ten minutes later. When I updated the website at 11:10 p.m., the Valentine's Day discount had already disappeared.

It seems like a deceptive practice to me, since the promotion was supposedly valid until midnight, but in reality it stopped applying before. I contacted customer service and they told me that no one had reported it before.

In any case, this experience has disappointed me quite a bit. 

Anyway, I saved 120 euros and Kiko Milano lost a sale. my husband will thank you.",3.0,Neutral/Positive
Kiko Milano General,"pues está firma tan famosa,me cobra cierta cantidad de productos y me envían los que ellos creen conveniente,me indican que me mandan un código para un descuento que supera la cantidad de los productos que no me mandan y agregó el cupón a la compra que intento realizar y es mentira no me hacen el descuento....dais vergüenza",Trustpilot,2026-02-25T14:04:13.000Z,3.0,"Well, this famous company charges me a certain amount of products and sends me the ones they think are appropriate. They tell me that they send me a code for a discount that exceeds the amount of the products they don't send me and they added the coupon to the purchase I'm trying to make and it's a lie, they don't give me the discount....you're embarrassing.",3.0,Neutral/Positive
Kiko Milano General,"vandaag in antwerpen meir geweest met een probleempje die zeer professioneel en met de grote glimlach werd opgelost door ferre.
daar zien ze mij zeker terug.
bedankt ferre voor jouw vriendelijkheid.
marie-claire",Trustpilot,2026-02-24T21:46:43.000Z,3.0,"Today I was in Antwerp with a small problem that was solved very professionally and with a big smile by Ferre.
They will definitely see me there again.
thank you ferre for your kindness.
marie-claire",3.0,Neutral/Positive
Kiko Milano General,"personale antipatico, indisponente e per niente disponibile, come in pochi negozi al mondo. 
non compravo da 10 anni e adesso ricordo perché, non tornerò mai più.",Trustpilot,2026-02-23T22:06:16.000Z,3.0,"unpleasant, unsympathetic and not at all helpful staff, like in few shops in the world. 
I hadn't bought for 10 years and now I remember why, I'll never go back.",3.0,Neutral/Positive
Kiko Milano General,j'ai eu une allergie assez conséquente après l'utilisation d'un mascara. cela m'a obligée à me rendre aux urgences ophtalmiques. j'ai signalé le problème au service client et je n'ai jamais reçu aucune réponse. c'est gravissime !,Trustpilot,2026-02-23T19:48:32.000Z,3.0,I had a fairly significant allergy after using mascara. This forced me to go to the ophthalmic emergency room. I reported the problem to customer service and never received any response. It’s extremely serious!,3.0,Health & Safety Threat
Kiko Milano General,i prodotti costano poco e valgono ancora meno,Trustpilot,2026-02-23T10:40:42.000Z,3.0,the products are cheap and worth even less,3.0,Neutral/Positive
Kiko Milano General,"bonjour
me suis rendue pour la 1ere fois dans un kiko à strasbourg. j'ai eu affaire à lisa, une experte en maquillage. 
produit au top, professionnelle au top, accueil au top. rien à redire.",Trustpilot,2026-02-22T11:33:47.000Z,3.0,"hello
I went to a kiko in Strasbourg for the first time. I dealt with Lisa, a makeup expert. 
top product, top professional, top welcome. nothing to complain about.",3.0,Neutral/Positive
Kiko Milano General,kiko milano de calle lealtad 10 en santander muy buena atención!! la señorita que me atendió tuvo muchísima paciencia!! quedé encantada con la compra ❤️,Trustpilot,2026-02-21T19:03:46.000Z,3.0,"Kiko Milano from Calle Fidelidad 10 in Santander, very good service!! The lady who helped me was very patient!! I was delighted with the purchase ❤️",3.0,Neutral/Positive
Kiko Milano General,"salve 
ogni volta che vado alla kiko delle brentelle di padova 
ultimamente trovo commesse ke sono sempre frettolose non ti seguono vanno da una persona all’altra non si interessano di aiutare la cliente vogliono che prendi acquisti e te ne vai senza poter consigliare da notare che non vado mai negli orari di punta dunque non ci sono tantissime clienti che si fermano il tempo ce l’avrebbero per fare il suo lavoro !!",Trustpilot,2026-02-21T16:29:08.000Z,3.0,"hello 
every time I go to Kiko delle Brentelle in Padua 
lately I find sales assistants who are always in a hurry they don't follow you they go from one person to another they aren't interested in helping the customer they want you to take purchases and leave without being able to advise, note that I never go during peak times so there aren't many customers who stop they would have time to do their job!!",3.0,Neutral/Positive
Kiko Milano General,"utilizzo la matita per occhi della kiko everlasting kajal 01 (preciso che la uso solamente per la rima interna inferiore), in 2 mesi ho utilizzato 2 matite in quanto mi si sono quasi subito consumate  perché, arrivata neanche a metà, la mina è diventata mobile, cioè entrava ed usciva e, probabilmente, era anche molto più corta della matita stessa, costringendomi a fare più volte la punta fino a rimanermi quasi un terzo della stessa senza avere più la mina. segnalato alla kiko, con foto in allegato, ma nessun rimborso.",Trustpilot,2026-02-21T12:20:28.000Z,3.0,"I use the Kiko Everlasting Kajal 01 eye pencil (I specify that I only use it for the lower inner rim), in 2 months I used 2 pencils as they almost immediately wore out because, even when I didn't even get halfway, the lead became mobile, that is, it went in and out and, probably, it was also much shorter than the pencil itself, forcing me to refill the tip several times until I was left with almost a third of it without having any lead left. reported to kiko, with photo attached, but no refund.",3.0,Neutral/Positive
Kiko Milano General,"had per ongeluk een verkeerde topcoat gekocht.. dacht, heb het bonnetje nog dus breng hem terug om te ruilen. mag je geen nagellak ruilen!!! staat nergens in de winkel, staat niet op de bon.. daarbij moest ik verschrikkelijk lang wachten en kon alleen in het engels geholpen worden. nu is engels geen probleem maar ik woon in nederland. voor mij geen kiko meer!",Trustpilot,2026-02-20T19:12:26.000Z,3.0,"I accidentally bought the wrong topcoat...thought I still have the receipt so I'm returning it to exchange it. you are not allowed to exchange nail polish!!! it is not listed anywhere in the store, it is not on the receipt... I had to wait an awfully long time and could only be helped in English. Now English is not a problem, but I live in the Netherlands. no more kiko for me!",3.0,Neutral/Positive
Kiko Milano General,"i bought some items in victoria square store which is 50miles from where i live, i have receipt. i spend alot of money in kiko milano. the store gave me an incorrect item, we wanted candy crush gloss for my 7yr old who is very upset as we were given a horrible pencil which is dark wine instead. it was the fault of the store and they admitted the same. but they are making an issue about refunding me by card as they are saying they dont have the physical card, this is absolute nonsense.",Trustpilot,2026-02-18T13:27:08.000Z,3.0,"i bought some items in victoria square store which is 50miles from where i live, i have receipt. i spend alot of money in kiko milano. the store gave me an incorrect item, we wanted candy crush gloss for my 7yr old who is very upset as we were given a horrible pencil which is dark wine instead. it was the fault of the store and they admitted the same. but they are making an issue about refunding me by card as they are saying they dont have the physical card, this is absolute nonsense.",3.0,Neutral/Positive
Kiko Milano General,"ho usato la matita occhi della linea bio kiko, non è assolutamente vegetale, mi ha rovinato gli occhi, creato un allergia che non va via.
non fidatevi degli ingredienti, vi rovinate.",Trustpilot,2026-02-15T16:09:00.000Z,3.0,"I used the eye pencil from the Kiko organic line, it is absolutely not vegetal, it ruined my eyes, created an allergy that doesn't go away.
Don't trust the ingredients, you'll ruin yourself.",3.0,Health & Safety Threat
Kiko Milano General,livraison longue et reçu lime à ongle désastre...déçue,Trustpilot,2026-02-13T15:03:11.000Z,3.0,long delivery and received disaster nail file...disappointed,3.0,Neutral/Positive
Kiko Milano General,"quando entri in un negozio della catena c'è poca disponibilità a salutare e quando si chiede un aiuto c'è un atteggiamento di forte sufficienza e poca empatia con le necessità del cliente, questo ho potuto riscontrare nei negozi di pavia, montebello e piacenza.
la qualità dei prodotti è molto peggiorata",Trustpilot,2026-02-13T13:55:42.000Z,3.0,"when you enter a chain store there is little willingness to say hello and when you ask for help there is an attitude of strong condescension and little empathy with the customer's needs, this I have found in the shops of Pavia, Montebello and Piacenza.
the quality of the products has deteriorated a lot",3.0,Neutral/Positive
Kiko Milano General,"ho comprato il nuovo eyeliner di colore nero della kiko ,si chiama high definition , fuori  é di colore verdino chiaro ,scrive talmente male che é andato a finire nell' angolo dell'occhio anche e avevo tracciato una linea sottile e mi ha macchiato così tanto che ho dovuto usare 7 cotton fioc per sistemare il trucco in più si é tolto il fondotinta e ho dovuto usare un altro po' di fondotinta ,ci ho messo mezz'ora per truccarmi di nuovo perché continuava ad uscire l'inchiostro dall'angolo dell'occhio il quale si é arrossato e mi ha bruciato , precedentemente avevo usato l'eyeliner kiko nero all'esterno e non avevo avuto problemi ma questo lo butterò (ed era nuovo).totalmente bocciato .",Trustpilot,2026-02-13T08:43:43.000Z,3.0,"I bought the new black eyeliner from Kiko, it's called high definition, it's a light green color on the outside, it writes so badly that it ended up in the corner of my eye and I had drawn a thin line and it stained me so much that I had to use 7 cotton swabs to fix my makeup, plus the foundation took off and I had to use a little more foundation, it took me half an hour to put my makeup on again because the ink kept coming out from the corner of my eye which became red and burned, I had previously used the black Kiko eyeliner on the outside and had no problems but I will throw this one away (and it was new). Totally rejected.",3.0,Neutral/Positive
Kiko Milano General,"ho avuto l’onore di partecipare alla cerimonia di apertura delle olimpiadi invernali di milano cortina 2026 nella località di predazzo, a rendere il tutto ancora più speciale sono state le make up artist fabiana ed elisabetta di kiko milano che ringrazio per il loro ottimo lavoro!!!",Trustpilot,2026-02-12T12:26:27.000Z,3.0,"I had the honor of participating in the opening ceremony of the Milan Cortina 2026 Winter Olympics in the town of Predazzo, to make everything even more special were the make up artists Fabiana and Elisabetta from Kiko Milano who I thank for their excellent work!!!",3.0,Neutral/Positive
Kiko Milano General,"ho effettuato un ordine kiko, dopo più di due settimane dalla data di consegna comunicata, e più di un sollecito per mancanza di aggiornamenti sull’ordine mi è stato detto che è stato perso e di effettuarlo nuovamente. peccato i coupon applicati non siano più validi (blue monday) e dovrei pagare gli stessi articoli quasi 30 euro di più. al di là dei prodotti che utilizzo spesso, pessima logistica e gestione.",Trustpilot,2026-02-10T19:45:31.000Z,3.0,"I placed a Kiko order, more than two weeks after the delivery date communicated, and after more than one reminder due to lack of updates on the order I was told that it was lost and to place it again. Too bad the coupons applied are no longer valid (blue Monday) and I would have to pay almost 30 euros more for the same items. beyond the products I often use, terrible logistics and management.",3.0,Neutral/Positive
Kiko Milano General,"service client qui vous prend pour un imbécile.  est ce réellement une personne ou un chatbot ? depuis quand le transporteur ne livre pas paris ?! oser répondre de telles âneries avant même d'avoir vérifié ce que dit le client,  c'est honteux. 
j'ai acheté à la concurrence.",Trustpilot,2026-02-10T08:50:54.000Z,3.0,"customer service that takes you for an idiot.  is this really a person or a chatbot? since when has the carrier not delivered to Paris?! daring to respond with such nonsense before even checking what the customer says, it's shameful. 
I bought from the competition.",3.0,Neutral/Positive
Kiko Milano General,"1 stella solo perchè non ne posso mettere 0, ci siamo recate in data 8/02 alle 17:00 io ed una mia amica allo store di malpensa, per ritirare un regalo che ci ha dato il pop up store a castello sforzesco. oltre ad essere le ragazze molto poco informate per non dire incompetenti all’ennesima potenza, io e la mia amica volevamo acquistare la medesima cosa e ricevere il primer in omaggio, chissá come alla mia amica è stato possibile ed a me no, dicendomi anche come una pezzente “vuoi che regalo anche a te 2 euro?” , purtroppo non le ho chiesto il nome, ma non comprerò più nessun prodotto kiko, spero che la ragazza si renda conto di essere una cafona, buonagiornata!",Trustpilot,2026-02-08T18:14:03.000Z,3.0,"1 star only because I can't give 0, a friend of mine and I went to the Malpensa store on 8/02 at 5pm to pick up a gift given to us by the pop up store in Castello Sforzesco. in addition to the girls being very poorly informed, not to mention incompetent to the nth degree, my friend and I wanted to buy the same thing and receive the primer for free, who knows how it was possible for my friend and not for me, also telling me like a beggar ""do you want me to give you 2 euros too?"" , unfortunately I didn't ask her name, but I won't buy any Kiko products anymore, I hope the girl realizes she's a rude person, good morning!",3.0,Neutral/Positive
Kiko Milano General,"mi sono recata di fretta al negozio presso il centro commerciale la grande mela a sona (verona) solo per l'acquisto di un articolo. prima di uscire con insistenza la commessa ha cercato di vendermi minimo altri cinque prodotti malgrado la mia prima risposta fosse già stata che non mi interessava altro. troppo insistenti nel tentativo di rifilarti articoli non richiesti, troppo insistenti nella vendita.",Trustpilot,2026-02-07T11:17:34.000Z,3.0,"I rushed to the shop at the La Grande Mela shopping center in Sona (Verona) just to purchase an item. before leaving, the sales assistant insistently tried to sell me at least five more products even though my first response had already been that I wasn't interested in anything else. too insistent in trying to give you unwanted items, too insistent in selling.",3.0,Neutral/Positive
Kiko Milano General,"sono stata  da kiko a castelfranco veneto. arianna ha fatto la differenza!!!!!
la sua solarità, empatia e professionalità mi ha fatto sentire a mio agio e anche mio marito ha subito notato la
differenza.  ovviamente sono uscita con tanti prodotti",Trustpilot,2026-02-06T13:17:18.000Z,3.0,"I went to Kiko in Castelfranco Veneto. arianna made the difference!!!!!
her cheerfulness, empathy and professionalism made me feel at ease and even my husband immediately noticed it
difference.  obviously I came out with a lot of products",3.0,Neutral/Positive
Kiko Milano General,bestelling gedaan duurde al lang voor het binnen kwam zat een product tussen dat stuk is aangekomen ik weiger voor een item dat stuk aan komt retour kosten te betalen dus maar naar de winkel geweest daar zagen ze wel me bestelling maar niet het product dat ik kapot binnen heb gekregen koop hier nooit meer wat,Trustpilot,2026-02-05T22:19:38.000Z,3.0,"Ordered took a long time before it arrived, a product arrived among the broken pieces, I refuse to pay return costs for an item that arrives broken, so I went to the store, they saw my order, but not the product that I received broken. I will never buy anything here again.",3.0,Product Quality Threat
Kiko Milano General,"leider meine bestellung ist nicht angekommen 
ich habe mehrere mal der kundenservice kontaktiert,leider kommt immer automatische antwort….katastrophe ..
bitte finger weg von diese webseite!!!!!!",Trustpilot,2026-02-05T13:16:29.000Z,3.0,"Unfortunately my order didn't arrive 
I have contacted customer service several times, unfortunately there is always an automatic response... catastrophe..
please stay away from this website!!!!!!",3.0,Neutral/Positive
Kiko Milano General,"mi dispiace ma kiko non fa per me.
due esperienze a qualche anno di distanza e sempre allergie.
rimmel comprato a fano e ombretto comprato a sanremo, tutti e due mi danno problemi. occhi e palpebra rossi e gonfi.  quindi per me, mai più!",Trustpilot,2026-02-04T13:32:45.000Z,3.0,"I'm sorry but Kiko isn't for me.
two experiences a few years apart and always allergies.
rimmel bought in fano and eyeshadow bought in sanremo, both give me problems. eyes and eyelids red and swollen.  so for me, never again!",3.0,Neutral/Positive
Kiko Milano General,"ho acquistato il 24 dicembre dei prodotti sul sito, il pacco sarebbe dovuto arrivare entro il 7 gennaio. il pacco non è mai arrivato, è stato reso al mittente senza nessun motivo poiché non è mai arrivato alla filiale di consegna. ho contattato l’assistenza e mi hanno risposto dicendomi che avrebbero fatto delle verifiche e contattato poi successivamente. era il 9 gennaio e da quel momento spariti. siamo al 4 febbraio e non ho più ricevuto aggiornamenti, il pacco è arrivato al mittente il 19 gennaio e non mi hanno fatto sapere nulla. non ho ancora ricevuto neanche il rimborso per questa pessimo trattamento.",Trustpilot,2026-02-04T12:22:49.000Z,3.0,"I purchased some products on the site on December 24th, the package should have arrived by January 7th. the package never arrived, it was returned to the sender for no reason as it never arrived at the delivery branch. I contacted support and they replied telling me that they would do some checks and contact me later. it was January 9th and from that moment they disappeared. It's February 4th and I haven't received any more updates, the package arrived at the sender on January 19th and they didn't let me know anything. I still haven't even received a refund for this terrible treatment.",3.0,Fraud & Scam Threat
Kiko Milano General,commande non livrée fin décembre. service client qui ne répond plus. pas de remboursement ni de nouvel envoi après 6 semaines d'attente. à fuir.,Trustpilot,2026-02-03T07:41:58.000Z,3.0,order not delivered at the end of December. customer service no longer responding. no refund or new shipment after 6 weeks of waiting. to flee.,3.0,Neutral/Positive
Kiko Milano General,"ich habe schon mehrmals bei kiko milano bestellt, hatte nie probleme, kenne die produkte aus spanien  , und ich bin sowas von begeistert, habe jetzt auch lippenstifte bestellt, habe mir nicht viel hoffnung gemacht, weil ich einen bestimmten ton mag, aber diese 3 lippenstifte haben mich mehr als überrascht. bin happy , noch dazu gab es eine parfüm probe von gucci und eine probe von shiseido!!!! danke dafür, und ihr werdet mich als kunden nicht verlieren!!!
andrea",Trustpilot,2026-01-30T20:53:35.000Z,3.0,"I've already ordered several times from Kiko Milano, never had any problems, I know the products from Spain, and I'm so impressed, I've now also ordered lipsticks, I didn't have much hope because I like a certain shade, but these 3 lipsticks more than surprised me. I'm happy, there was also a perfume sample from Gucci and a sample from Shiseido!!!! Thank you for that, and you won't lose me as a customer!!!
Andrea",3.0,Neutral/Positive
Kiko Milano General,"questa matita è durata 2 giorni. pessima esperienza. io sono cliente da diversi anni e trovo che ultimamente i prodotti validi sono stati tolti in sostituzione di prodotti scadenti. 
maria grazia",Trustpilot,2026-01-30T08:52:44.000Z,3.0,"this pencil lasted 2 days. bad experience. I have been a customer for several years and I find that recently good products have been removed to replace poor quality products. 
Mary Grace",3.0,Neutral/Positive
Kiko Milano General,"i don’t know why there are so many bad reviews here. i visited the guildford friary store today and honestly my experience was 12/10 if i have to put it in a number. staff was really friendly and extremely helpful, especially karima she explained everything to me because i’m new to make up and she even helped me find my concealer skin tone. she taught me how to apply my lip liner correctly and help me choose which size and shade is best for my lips, she even explained the skincare to me and helped me decide which products i should start with she was literally most helpful than my dermatologist back to my country. she was really patient and explained things i couldn’t understand or didn’t know because english isn’t my first language. even when the store got busy she would serve other costumers and then come back to help me until i was good to go. honestly if that’s not prime costumer service i don’t know what is. i even went back to ask her her name and how i could leave a review because unlike some staff members in other places who do nothing but they give you their cards and are fishing for reviews, she didn’t even mention anything even tho she took at least 40 minutes helping me. i was having a bad day and her explaining everything to me and making sure i understand and am satisfied made my day way better. for me that’s beyond someone doing simply their job, otherwise i wouldn’t even care to leave a review.",Trustpilot,2026-01-29T21:14:30.000Z,3.0,"i don’t know why there are so many bad reviews here. i visited the guildford friary store today and honestly my experience was 12/10 if i have to put it in a number. staff was really friendly and extremely helpful, especially karima she explained everything to me because i’m new to make up and she even helped me find my concealer skin tone. she taught me how to apply my lip liner correctly and help me choose which size and shade is best for my lips, she even explained the skincare to me and helped me decide which products i should start with she was literally most helpful than my dermatologist back to my country. she was really patient and explained things i couldn’t understand or didn’t know because english isn’t my first language. even when the store got busy she would serve other costumers and then come back to help me until i was good to go. honestly if that’s not prime costumer service i don’t know what is. i even went back to ask her her name and how i could leave a review because unlike some staff members in other places who do nothing but they give you their cards and are fishing for reviews, she didn’t even mention anything even tho she took at least 40 minutes helping me. i was having a bad day and her explaining everything to me and making sure i understand and am satisfied made my day way better. for me that’s beyond someone doing simply their job, otherwise i wouldn’t even care to leave a review.",3.0,Neutral/Positive
Kiko Milano General,lo smalto marrone si toglie dopo una notte anche senza fare niente non vale nulla,Trustpilot,2026-01-26T14:41:23.000Z,3.0,brown nail polish comes off after one night even without doing anything it's worth nothing,3.0,Neutral/Positive
Kiko Milano General,"palette achetée il y a même pas deux semaines à kiko italie2 paris 13
au bout de quelques jours premier fard cassé… et là aujourd’hui j’ouvre la palette, un deuxième.
je ne fais rien d’extraordinaire avec a part mettre ma palette dans la trousse de maquillage.
j’ai pour habitude d’acheter des produits de la marque guerlain, et depuis peu j’ai voulu changer pour moins cher… au final je ne fais aucune économie, au contraire!
dommage que je ne puisse pas publier de photo pour montrer l’ampleur des dégâts.
je ne rachèterais plus cette marque!",Trustpilot,2026-01-22T13:43:11.000Z,3.0,"palette bought not even two weeks ago at kiko italy2 paris 13
After a few days, the first eyeshadow broke... and today I opened the palette, a second one.
I don't do anything extraordinary with it other than putting my palette in the makeup bag.
I usually buy products from the Guerlain brand, and recently I wanted to change for less… in the end I don’t save any money, on the contrary!
too bad I can't post a photo to show the extent of the damage.
I would not buy this brand again!",3.0,Neutral/Positive
Kiko Milano General,"bei tempi quando kiko vendeva cosmetici a buon mercato; va beh probabilmente ora che è più caro avrà migliorato la qualità.. mia idea opinabile, ovviamente. ma non è questo commento il fulcro della mia recensione, piuttosto il fatto che ho fatto un ordine sotto le feste (mea culpa) e il pacco è stato rubato (da qualche impiegato/a delle poste che probabilmente voleva fare un bel regalo gratis! ehi, tu, se mi leggi, ti dico solo una cosa: vergognati!) lo spedizionere era amazon shipping che si appoggiava alle poste (che io ho immediatamente contattato in quanto sul tracking c'era scritto a chiare lettere pacco smarrito)  mi hanno detto che a loro risultava furtato/smarrito e che il rimborso lo doveva effettuare kiko.. ora, kiko non ha un call center, si può solo mandare mail... li ho tempestati di mail fin quando finalmente dopo un mese sono stata rimborsata. nonostante tutto coi prodotti kiko mi sono sempre trovata bene ma d'ora in poi.. e lo consiglio a tutti: solo contrassegno!",Trustpilot,2026-01-21T09:45:02.000Z,3.0,"good times when kiko sold cheap cosmetics; okay, probably now that it's more expensive, the quality will have improved... my questionable idea, obviously. but this comment is not the focus of my review, rather the fact that I placed an order during the holidays (mea culpa) and the package was stolen (by some post office employee who probably wanted to give a nice free gift! hey, if you read me, I'll only tell you one thing: shame on you!) the shipping company was Amazon Shipping which relied on the post office (which I immediately contacted as it was clearly written on the tracking as lost package) they told me that they thought it was stolen/lost and that the refund had to be made by kiko.. now, kiko doesn't have a call center, you can only send emails... I bombarded them with emails until finally after a month I was refunded. Despite everything, I've always felt good about Kiko products, but from now on... and I recommend it to everyone: cash on delivery only!",3.0,Fraud & Scam Threat
Kiko Milano General,des vrais voleurs. je n’ai pas reçu ma commande complète et le sav ne répond pas à mes mails,Trustpilot,2026-01-20T01:26:02.000Z,3.0,real thieves. I have not received my complete order and the after-sales service does not respond to my emails,3.0,Neutral/Positive
Kiko Milano General,"muy mala gestión por parte de la encargada de la tienda de cc plaza rio en madrid.
con ticket regalo hizo una devolucion a la tarjeta de credito de quien lo compro, pero en realidad no fue asi.
con lo cual me tocó volver para que finalmente me dieran el dinero en efectivo.
además una persona, la encargada, muy altiva y desde luego a esa tienda jamás volveré,
gracias",Trustpilot,2026-01-19T19:39:29.000Z,3.0,"very bad management on the part of the manager of the CC Plaza Rio store in Madrid.
With a gift ticket he made a refund to the credit card of the person who bought it, but in reality it was not like that.
So I had to go back so they could finally give me the cash.
Also, a person in charge, very haughty and of course I will never return to that store,
thank you",3.0,Neutral/Positive
Kiko Milano General,"non arriva nessun pacco ordinando on line! mai più a meno che non ""cambino corriere"" , visto che hanno amazon shipping e non consegnano e kiko intervenga subito, visto che li avevamo già avvertiti giorni fa che amazon ci aveva scritto che la strada non era accessibile, quando è molto accessibile a tutti, ed avevano indicato come consegna roma e noi siamo in provincia di frosinone. pacco sparito e noi abbiamo pagato e kiko non fa ancora nulla, mai più compreremo da loro, nemmeno nei negozi visto che si comportano così!!! ed ho già lasciata questa recensione ad amazon shipping, corrieri di amazon:
""non consegnano e mandano il messaggio che hanno consegnato!!! accaduto oggi in provincia di frosinone, a piglio!!! alle 13,07 hanno inviato un sms che avevano consegnato, sono subito uscita fuori ma non c'era nessuno, ho chiesto alle persone giù nella strada e ai negozietti su strada ed hanno detto che non era passato nessun corriere! pacco mai ricevuto!!! già due giorni fa avevano scritto che non potevano entrare nella strada e non era vero!, ci passano auto e furgoni, tutti ci passiamo cone auto, è una strada per tutti e solo loro non riescono? e poi avevano scritto roma, quando l'indirizzo è in prov.di frosinone! oggi hanno messo la consegna qui nell'indirizzo giusto ma non hanno suonato, io e mia figlia presenti e la gente giù nella strada, ma... il ""corriere ed il pacco fantasmi""??!!! ho fatto presente per la seconda volta alla kiko questa sutuazione e... mai più ordinerò da chi ha le consegne con amazon!!! mai più!!!""
ora dovete rimborsarci kiko! !! erano due regali mai avuti!!!! ed abbiamo pagato!!!",Trustpilot,2026-01-19T15:24:54.000Z,3.0,"no package arrives when ordering online! never again unless they ""change courier"", given that they have Amazon shipping and don't deliver and Kiko intervenes immediately, given that we had already warned them days ago that Amazon had written to us that the road was not accessible, when it is very accessible to everyone, and they had indicated Rome as delivery and we are in the province of Frosinone. package disappeared and we paid and kiko still doesn't do anything, we will never buy from them again, not even in stores since they behave like this!!! and I have already left this review to Amazon Shipping, Amazon couriers:
""they don't deliver and they send the message that they delivered!!! it happened today in the province of Frosinone, in Piglio!!! at 1.07pm they sent a text message that they had delivered, I immediately went out but there was no one, I asked the people down the street and at the shops on the street and they said that no courier had passed by! package never received!!! already two days ago they had written that they couldn't enter the street and it wasn't true!, cars and vans pass through it, we all pass through it like cars, it's a road for everyone and only they can't? and then they had written Rome, when the address is in the province of Frosinone! today they put the delivery here at the right address but they didn't ring, my daughter and I were present and the people down in the street, but... the ""courier and the ghost package""??!!! I brought this situation to Kiko's attention and... I will never order from anyone who delivers with Amazon again!!!""
now you have to reimburse us kiko! !! they were two gifts I never had!!!! and we paid!!!",3.0,Neutral/Positive
Kiko Milano General,"they took my money and said after 33 days that it was delivered??...to my adress, but it never came. now they say they are looking in to it and that i should have patience??? omg...lowlife people. they can put the shit up there as for what i care, and i hope no one will ever shop a thing from them.",Trustpilot,2026-01-18T00:04:53.000Z,3.0,"they took my money and said after 33 days that it was delivered??...to my adress, but it never came. now they say they are looking in to it and that i should have patience??? omg...lowlife people. they can put the shit up there as for what i care, and i hope no one will ever shop a thing from them.",3.0,Neutral/Positive
Kiko Milano General,"lunedì 12 gennaio 2026 ore 11,30mi sono recata al kiko del c comm poseidon carini( palermo)x cambiare un regalo ricevuto con lo scontrino di cortesia,ma la signorina mi ha detto che nn potevo cambiarlo,dicendomi che era una disposizione dell' azienda,ma se io ho lo scontrino di cortesia xké nn posso cambiarlo a cosa serve qst scontrino,cmq x farla breve sono andata al c.comm del conca d' oro palermo e me lo hanno cambiato,io vorrei che qst mia lamentela arrivi all azienda x fare sapere cosa combinano le addette alla vendita al c poseidon stia no attenti a chi assumono,mi dispiace di scrivere tutto qst,ma è giusto che sappiano.",Trustpilot,2026-01-17T13:26:08.000Z,3.0,"Monday 12 January 2026 at 11.30am I went to the Kiko of the C Comm Poseidon Carini (Palermo) to exchange a gift received with the courtesy receipt, but the lady told me that I couldn't exchange it, telling me that it was a company provision, but if I have the courtesy receipt because I can't change it, what is the purpose of this receipt, anyway to make a long story short I went to the C.Comm of the Conca d'Oro Palermo and they changed it for me, I would like this complaint of mine to reach the company to let them know what the sales staff at C Poseidon are up to, be careful who they hire, I'm sorry to write all this, but it's right that they know.",3.0,Neutral/Positive
Kiko Milano General,"oggi 17 gennaio 2026 mi sono recata da kiko a san biagio di callalta ( tv) e con mia grande gioia ho ri-trovato alice.che dire di lei? !brava,simpatica,competente.mi ha pure insegnato a fare contouring usando prodotti  che poi ho acquistato.anche la sua collega vittoria( unghie stupende)è stata molto accogliente..alice però è alice.unica.una forza della natura.",Trustpilot,2026-01-17T12:49:50.000Z,3.0,"today 17 January 2026 I went to Kiko in San Biagio di Callalta (TV) and to my great joy I re-found Alice. What can I say about her? She's good, friendly, competent. She even taught me how to do contouring using products that I then purchased. Even her colleague Vittoria (beautiful nails) was very welcoming. Alice, however, is Alice. Unique. A force of nature.",3.0,Neutral/Positive
Kiko Milano General,rotterdam alexandrium ben de winkel uitgelopen. dit is rotterdam nederland en van de 4 personeelsleden sprak er niet 1 nederlands. alleen engels gebrabbel. dag hoor tot nooit meer ziens. waardeloos. diverse keren gevraagd om in het nederlands te praten maar no. en daar kon ik het mee doen. bah.,Trustpilot,2026-01-17T00:19:29.000Z,3.0,"rotterdam alexandrium I walked out of the store. This is Rotterdam, Netherlands and of the 4 employees, not 1 spoke Dutch. only english gibberish. goodbye, see you never again. worthless. asked several times to speak in Dutch but no. and I could do with that. Bah.",3.0,Neutral/Positive
Kiko Milano General,"le service client est inefficace et incompétent.  il ne m'ont jamais remboursé mes produits rendus. 
ils répondent des semaines après et vous baladent pendant des mois entiers pour au final ne pas vous rembourser. leurs  réponses sont générées par l'ia car toujours les mêmes malgré vos questions différentes. je ne suis pas prête de racheter des cosmétiques chez eux. ils ont perdu une cliente et ceux à qui je parle de mon expérience désastreuse. kiko 0/10",Trustpilot,2026-01-16T15:05:41.000Z,3.0,"customer service is inefficient and incompetent.  They never reimbursed me for my returned products. 
They respond weeks later and lead you around for months, ultimately not reimbursing you. their answers are generated by AI because they are always the same despite your different questions. I'm not ready to buy cosmetics from them again. they lost a client and those I speak to about my disastrous experience. kiko 0/10",3.0,Neutral/Positive
Kiko Milano General,"the attendant was very rude on the phone, didn't provide clear information, and hung up before i could finish the conversation. very dissatisfied, i hope it's not like this at the next store i visit. this was at the regent street store.",Trustpilot,2026-01-15T20:53:43.000Z,3.0,"the attendant was very rude on the phone, didn't provide clear information, and hung up before i could finish the conversation. very dissatisfied, i hope it's not like this at the next store i visit. this was at the regent street store.",3.0,Neutral/Positive
Kiko Milano General,"en kiko milano de vialia en málaga no pueden ser más atentas, te asesoran y te atienden estupendamente. gracias",Trustpilot,2026-01-14T21:45:12.000Z,3.0,"At Kiko Milano de Vialia in Malaga they couldn't be more attentive, they advise you and take great care of you. thank you",3.0,Neutral/Positive
Kiko Milano General,"no compréis nunca online. llevo desde el 29 de noviembre haciendo la devolución de un pedido. como es obvio fui a tienda a devolverlo. me decían que el ticket lo tenían bloqueado y no me lo podían devolver. me puse en contacto vía email a través de la página web porque eso es otra no tiene ningún teléfono ni correo ni nada para ponerse en contacto con ellos. me enviar un correo que lo tengo que enviar pagando de mi dinero el envío a francia para devolver. lo envié el día 2/01 y a día hoy no tengo ninguna respuesta de nada. un timo total. han dejado mucho que desear. se ha. quedado con mi dinero y con el pedido devuelto. 

ladrones
informales",Trustpilot,2026-01-14T15:26:12.000Z,3.0,"Never buy online. I have been returning an order since November 29. Obviously I went to the store to return it. They told me that the ticket was blocked and they couldn't return it to me. I contacted them via email through the website because that's another thing, they don't have any phone number or email or anything to contact them. Send me an email that I have to send paying my money for shipping to France to return. I sent it on 01/02 and today I have not had any response about anything. a total scam. They have left much to be desired. has been I kept my money and the returned order. 

thieves
informal",3.0,Fraud & Scam Threat
Kiko Milano General,"achtung!!!katastrophal!kann niemand erreichen,nur per mail!bekommt nie antwort.bestullung bis heute nicht erhalten!!!
werde ansonsten rechtliche schritte einleiten.",Trustpilot,2026-01-14T11:36:35.000Z,3.0,"Attention!!!catastrophic!can't reach anyone, only by email!never gets an answer.order not received to date!!!
Otherwise I will take legal action.",3.0,Neutral/Positive
Kiko Milano General,"ho acquistato un rossetto unlimited stylo durata 10 ore etc, dopo 2 applicazioni mi si è spaccato dalla base, mi trucco da 40 anni mai rotto un rossetto. poi avete tolto un prodotto fantastico a matitone con blister in plastica per le sopracciglia che usavo da anni per quei così  appiccicosi e cari. comprerò sempre meno, i prezzi aumentano la qualità peggiora.",Trustpilot,2026-01-14T00:52:40.000Z,3.0,"I bought an unlimited stylo lipstick that lasted 10 hours etc, after 2 applications it cracked at the base, I've been wearing makeup for 40 years, never broken a lipstick. then you removed a fantastic product in pencil with plastic blister for eyebrows that I had been using for years for those so sticky and expensive ones. I will buy less and less, prices increase and quality worsens.",3.0,Neutral/Positive
Kiko Milano General,"in de winkel een enorm grote rij met maar 1 bediende en dat ging vreselijk langzaam. dus maar via de webwinkel besteld. dat heeft 11 dagen geduurd en is bezorgd. alleen niet in de juiste brievenbus. pakket, ondanks navraag alle buren, niet kunnen achterhalen. dan benader je de klantenservice. die lezen mijn informatie niet goed en geven vervolgens tot 2 x toe via de mail advies om handelingen uit te voeren die ik al heb uitgevoerd. geen persoonlijk contact. dus trage onprofessionele  service op alle vlakken.",Trustpilot,2026-01-13T20:07:48.000Z,3.0,"There was a huge queue in the store with only 1 clerk and it was terribly slow. so I ordered via the online store. that took 11 days and was delivered. just not in the right mailbox. package, despite asking all neighbors, could not find it. then you approach customer service. they do not read my information properly and then twice give me advice by email to carry out actions that I have already carried out. no personal contact. so slow unprofessional service in all areas.",3.0,Neutral/Positive
Kiko Milano General,"no compren por internet  , realice un pedido en noviembre y aun no he recibido nada, no tengo respuesta y no te ayudan en nada, en tienda no se hacen responsable de los pedidos por internet ni te dan informacion del porque no llega el pedido.",Trustpilot,2026-01-13T19:04:48.000Z,3.0,"Do not buy online, I placed an order in November and I still have not received anything, I have no response and they do not help you with anything, the store is not responsible for online orders nor do they give you information about why the order does not arrive.",3.0,Customer Service Threat
Kiko Milano General,"commande passée le 29 novembre jamais reçue.
toujours aucune nouvelle à ce jour .( 13/01 ) 
service client ne répond pas eux mails envoyés .
on n’a aucun moyen de manifester son mécontentement car c’est une énorme boîte qui est au dessus de tout . en parallèle ils continuent de vendre et d’encaisser des millions alors que de nombreuses acheteuses ont ce même problème .
n’achetez pas chez kiko",Trustpilot,2026-01-13T09:42:42.000Z,3.0,"Order placed on November 29 never received.
still no news to date. (01/13) 
Customer service does not respond to emails sent.
we have no way of expressing our dissatisfaction because it is a huge box that is above everything. at the same time they continue to sell and collect millions while many buyers have this same problem.
do not buy from kiko",3.0,Neutral/Positive
Kiko Milano General,"ho acquistato da kiko e mi sono iscritto....ricevo molte email pubblicitarie. 
tra le tante una truffa ....dicevano che avrei vinto.....state molto attenti ti fango sottoscrivere abbonamenti con addebiti ....
state attenti",Trustpilot,2026-01-13T08:48:33.000Z,3.0,"I purchased from Kiko and signed up....I receive many advertising emails. 
among many a scam .... they said I would win ..... be very careful I'll make you sign up for subscriptions with charges ....
be careful",3.0,Fraud & Scam Threat
Kiko Milano General,"très déçue ne convient pas aux peaux matures
j’ai acheté le skin trainer cc blur de kiko milano chez kiko nantes beaulieu, conseillé par une vendeuse en formation.
après test à la maison, le produit est une véritable catastrophe pour les peaux matures : il accentue les ridules, assèche la peau et ne donne absolument pas l’effet lisse attendu.
en magasin, le rendu sur la main semblait prometteur, mais il est trompeur.
je ne recommande pas ce produit à celles qui ont une peau mature. très déçue,  ne convient pas aux peaux matures.",Trustpilot,2026-01-12T21:30:34.000Z,3.0,"very disappointed not suitable for mature skin
I bought the Kiko Milano CC Blur skin trainer at Kiko Nantes Beaulieu, recommended by a saleswoman in training.
after testing at home, the product is a real disaster for mature skin: it accentuates fine lines, dries the skin and absolutely does not give the expected smooth effect.
in store, the rendering on the hand seemed promising, but it is misleading.
I do not recommend this product to those with mature skin. very disappointed, not suitable for mature skin.",3.0,Neutral/Positive
Kiko Milano General,"week geleden besteld, nog steeds status ‘in voorbereiding’. geen klantenservice beschikbaar, de insta van kikomilano helpt ook niet. kreeg een email van een medewerker van kiko, daar reageren ze ook niet op.",Trustpilot,2026-01-12T16:44:43.000Z,3.0,"Ordered a week ago, still status 'in preparation'. no customer service available, kikomilano's insta doesn't help either. received an email from a kiko employee, they did not respond to that either.",3.0,Neutral/Positive
Kiko Milano General,"ho effettuato l’ordine il 5/1, ma ad oggi, 12/1 l’ordine non è ancora sta evaso, non rispettando gli standard previsti dal sito, e non ho nessuna comunicazione in merito. purtroppo, non riuscendo a trovare disponibili i prodotti nei negozi,ho dovuto fare l’ordine online, ma essendo già la seconda volta in cui i tempi sono lunghi non acquisterò nuovamente",Trustpilot,2026-01-12T15:09:46.000Z,3.0,"I placed the order on 5/1, but as of today, 12/1, the order has not yet been processed, not respecting the standards set by the site, and I have no communication on the matter. Unfortunately, as I wasn't able to find the products available in stores, I had to order online, but since it's already the second time the times are long, I won't purchase again.",3.0,Neutral/Positive
Kiko Milano General,"bonjour 7jour et ma commende pas traiter ,et au que une  réponse l argent bloquer  c est a fuir pourtant j ai écrie plus de 4 fois  et rien",Trustpilot,2026-01-12T11:30:53.000Z,3.0,"hello 7day and my order cannot be processed, and when a response the money is blocked it is to be avoided yet I have written more than 4 times and nothing",3.0,Neutral/Positive
Kiko Milano General,"“ho acquistato dei trucchi a dicembre, in vista del natale, ma ad oggi, 8 gennaio, non ho ancora ricevuto nulla. il pagamento è stato effettuato solo dopo che ho inviato una mail per avere informazioni sul mio ordine, e la spedizione è avvenuta solo 5 giorni fa. adesso, l’ordine risulta in consegna da ieri, ma non è ancora arrivato. impossibile contattare il servizio clienti telefonicamente, e le email rimangono senza risposta. in pratica, i tempi ci si ritrova ad aspettare quasi un mese. un’esperienza davvero deludente e non la consiglio affatto.per finire e tutto il gg che sn in casa ad aspettare sto pacco che ovviamente hanno inviato ora il
messaggio che non è stato consegnato perché nn c’era nessuno in casa!!!! pessima esperienza",Trustpilot,2026-01-08T18:46:18.000Z,3.0,"""I purchased some makeup in December, in view of Christmas, but as of today, January 8, I have not yet received anything. The payment was made only after I sent an email to get information on my order, and the shipment took place only 5 days ago. Now, the order appears to have been delivered yesterday, but it has not yet arrived. It is impossible to contact customer service by telephone, and the emails remain unanswered. In practice, we find ourselves waiting almost a month. A truly disappointing experience and I do not recommend it at all. To finish and I've been at home all day waiting for this package which they obviously sent now
message that was not delivered because no one was home!!!! bad experience",3.0,Neutral/Positive
Kiko Milano General,"ho acquistato sul sito kiko  per la prima volta,con un po di scetticismo, visto le recensioni non troppo positive e invece ....devo ricredermi.
la merce è arrivata inpacchettata con molta cura e precisione nel dettaglio. 
i prodotti li conoscevo già, per cui una piacevole conferma. 
c'è stato un ritardo nella consegna, dovuto sicuramente al periodo delle festività natalizie ,ma il servizio clienti è stato efficiente a risolvere il problema molto velocemente. 
molto bene!",Trustpilot,2026-01-08T16:31:47.000Z,3.0,"I purchased on the Kiko website for the first time, with a bit of skepticism, seeing the not too positive reviews and instead....I have to change my mind.
the goods arrived packaged with great care and precision in detail. 
I already knew the products, so a pleasant confirmation. 
There was a delay in delivery, certainly due to the Christmas holiday period, but customer service was efficient in resolving the problem very quickly. 
Very good!",3.0,Neutral/Positive
Kiko Milano General,"habe im november 3 mal bei kiko bestellt (3+3 aktion). 2 pakete sind ohne probleme angekommen, das andere ist nie angekommen, der kundenservice ist nicht in der lage zu antworten (nach über 4 wochen). unzählige anfragen gesendet - keine beantwortet. katastrophe",Trustpilot,2026-01-08T10:17:48.000Z,3.0,"I ordered 3 times from Kiko in November (3+3 promotion). 2 packages arrived without problems, the other never arrived, customer service is unable to respond (after over 4 weeks). Countless inquiries sent - none answered. disaster",3.0,Fraud & Scam Threat
Kiko Milano General,"i love love kikomilano
the are the best",Trustpilot,2026-01-07T19:38:43.000Z,3.0,"i love love kikomilano
the are the best",3.0,Neutral/Positive
Kiko Milano General,"i wanted to return my order, so i had the choice to return in store or send by mail. i didn’t want to send by mail because that was €38 (!!!), so i decided to return in store. when i was in store (twice) the ipad to return items wasn’t working, so she told me to contact customer service. customer service couldn’t do anything for me and said to just pay the €38 to return my package by mail, even tho it was their fault the ipad (also in 2 stores) wasn’t working. never ordering here again, because of the lack of customer support.",Trustpilot,2026-01-06T10:53:59.000Z,3.0,"i wanted to return my order, so i had the choice to return in store or send by mail. i didn’t want to send by mail because that was €38 (!!!), so i decided to return in store. when i was in store (twice) the ipad to return items wasn’t working, so she told me to contact customer service. customer service couldn’t do anything for me and said to just pay the €38 to return my package by mail, even tho it was their fault the ipad (also in 2 stores) wasn’t working. never ordering here again, because of the lack of customer support.",3.0,Neutral/Positive
Kiko Milano General,ich war mit meiner tochter am 5ten januar 2026 um 10 uhr in der koblenzer kiko filiale. wir sind sehr nett und freundlich von einer jungen frau bedient worden. super beratung. ich komme immer wieder gerne. ich selbst arbeite im industriegebiet mülheim-kärlich und würde es so toll finden wenn dort eine kiko filiale wäre. der standort wäre mehr als super im industriegebiet. lg melanie d'ambrosio,Trustpilot,2026-01-06T10:09:07.000Z,3.0,"I was with my daughter at the Kiko branch in Koblenz on January 5th, 2026 at 10 a.m. We were served very nicely and friendly by a young woman. great advice. I always enjoy coming back. I myself work in the Mülheim-Kärlich industrial area and would think it would be so great if there was a Kiko branch there. The location would be more than great in an industrial area. Greetings Melanie D'Ambrosio",3.0,Neutral/Positive
Kiko Milano General,"2 weeks, marked as ''shipped'' but never handed over to gls. when i asked for a return they only returned the money for the products and not the shipping which was expensive. really weird from such a trusted company",Trustpilot,2026-01-05T20:40:11.000Z,3.0,"2 weeks, marked as ''shipped'' but never handed over to gls. when i asked for a return they only returned the money for the products and not the shipping which was expensive. really weird from such a trusted company",3.0,Neutral/Positive
Kiko Milano General,"suite à une commande passée début décembre cette dernière est arrivée incomplète. j'ai sollicité le service client le 8 décembre et depuis pas de retour et aucune solution proposée 
en attendant ma commande complète à été payée 
c'est une honte !",Trustpilot,2026-01-05T16:39:21.000Z,3.0,"following an order placed at the beginning of December, the latter arrived incomplete. I requested customer service on December 8 and since then no response and no solution offered 
while waiting for my complete order to be paid 
it's a shame!",3.0,Customer Service Threat
Kiko Milano General,"wacht al 1.5 week op een bestelling! en status is nog steeds ''in voorbereiding''. wat slecht dit, eerste keer dat ik hier heb besteld en zeker ook gelijk de laatste keer.",Trustpilot,2026-01-05T11:24:40.000Z,3.0,"been waiting for an order for 1.5 weeks! and status is still ''in preparation''. How bad this is, the first time I ordered here and certainly the last time.",3.0,Neutral/Positive
Kiko Milano General,hice un pedido el día 28 de diciembre y a día 5 de enero todavía está en preparación....no se para qué dan máximo 5 días para la entrega.entiendo que pille campaña de navidad y reyes pero después de tantos días aún está en preparación....tiene toda la pinta de que llegará cuando les dé la gana y era regalo de reyes......no pediré nunca mas,Trustpilot,2026-01-05T10:25:25.000Z,3.0,I placed an order on December 28 and as of January 5 it is still being prepared....I don't know why they give a maximum of 5 days for delivery. I understand that it caught the Christmas and kings campaign but after so many days it is still being prepared...it looks like it will arrive whenever they feel like it and it was a gift from the kings......I will never order again,3.0,Neutral/Positive
Kiko Milano General,"worst shopping trip ever!! they were slagging us off whilst purchasing our goods, sadly i still gave them my money as this is what pays their wages! so unprofessional for such a professional brand. kiko would highly recommend you thoroughly vet your staff, who are the face of your branch before hiring them! if there was a rating for 0, i would of gave a 0.

thank god belgium has more than kiko to offer as my trip would have been an utter waste of fresh air - ratings!!! avoid and by online!!",Trustpilot,2026-01-04T19:14:37.000Z,3.0,"worst shopping trip ever!! they were slagging us off whilst purchasing our goods, sadly i still gave them my money as this is what pays their wages! so unprofessional for such a professional brand. kiko would highly recommend you thoroughly vet your staff, who are the face of your branch before hiring them! if there was a rating for 0, i would of gave a 0.

thank god belgium has more than kiko to offer as my trip would have been an utter waste of fresh air - ratings!!! avoid and by online!!",3.0,Neutral/Positive
Kiko Milano General,"commandé le 10 décembre, rien recu et on est le 4 janvier. a fuir, aucune information a part le suivi mediocre de gls.",Trustpilot,2026-01-04T14:32:16.000Z,3.0,"ordered on December 10, nothing received and it is January 4. to escape, no information apart from the poor monitoring of gls.",3.0,Neutral/Positive
Kiko Milano General,"kiko - merano
pessimo comportamento della commessa con i cappelli lunghi marroni, si é comportata in modo arrogante e prepotente, rifiutandosi di farsi identificare con il suo cartellino. molto gentile la commessa bionda alla cassa!",Trustpilot,2026-01-03T21:00:31.000Z,3.0,"kiko - merano
bad behavior of the sales assistant with the long brown hats, she behaved in an arrogant and overbearing way, refusing to be identified with her card. The blonde shop assistant at the checkout was very kind!",3.0,Neutral/Positive
Kiko Milano General,"zakupy w tym sklepie internetowym to najgorsze doświadczenie jakie dotychczas miałam.
dostałam niekompletną przesyłkę i od miesiąca nikt nie reaguje na moją reklamację. otrzymałam jedynie automatyczne wiadomości z prośbą o cierpliwość. nie istnieje infolinia ani adres e-mail gdzie można skontaktować sie z żywą osobą. nie polecam tej firmy, nigdy wiecej z niej nie skorzystam.",Trustpilot,2026-01-02T14:01:36.000Z,3.0,"shopping in this online store is the worst experience I have ever had.
I received an incomplete shipment and no one has responded to my complaint for a month. I only received automatic messages asking for patience. There is no hotline or e-mail address where you can contact a live person. I do not recommend this company and will never use them again.",3.0,Neutral/Positive
Kiko Milano General,ho acquistato il lucidalabbra kiko 3d hydra xtreme a riccione in v.le ceccarini oggi 01 gen. 2026 durante una vacanza. nel viaggio di ritorno ho provato il prodotto avvertendo subito un forte bruciore alle labbra. ho naturalmente provveduto a toglierlo. arrivata a casa ho nuovamente provato il prodotto ottenendo lo stesso effetto. questa mia recensione vuole essere una utile segnalazione che ritengo debba essere presa in seria considerazione dalla ditta produttrice.,Trustpilot,2026-01-01T20:44:38.000Z,3.0,I purchased the Kiko 3D Hydra Xtreme lip gloss in Riccione in V.le Ceccarini today 01 Jan. 2026 during a vacation. on the return journey I tried the product and immediately felt a strong burning sensation on my lips. I naturally proceeded to remove it. When I got home I tried the product again and obtained the same effect. This review of mine is intended to be a useful report which I believe should be taken into serious consideration by the manufacturing company.,3.0,Health & Safety Threat
Kiko Milano General,una de las dependientas de kiko milano cosmetics del parkesur en leganes de españa me ha tratado de lo mejor es una chica muy joven. de las mejores dependientas sin duda.,Trustpilot,2025-12-30T19:56:18.000Z,3.0,"One of the sales assistants at Kiko Milano Cosmetics in Parkesur in Leganes, Spain, has treated me the best. She is a very young girl. one of the best shop assistants without a doubt.",3.0,Neutral/Positive
Kiko Milano General,"recentemente ho fatto un acquisto online con l'opzione di ritiro in negozio, attratta dal fatto che sul sito era chiaramente indicato che l'ordine poteva essere ritirato entro 2/3 ore. 
una volta completato il pagamento, la data di ritiro prevista era fissata a 5 giorni dopo. questo è stato un enorme disservizio, considerando che avevo pianificato il mio acquisto basandomi sulle informazioni fornite sul sito.",Trustpilot,2025-12-30T09:43:30.000Z,3.0,"I recently made an online purchase with the in-store collection option, attracted by the fact that on the site it was clearly indicated that the order could be collected within 2/3 hours. 
once payment was complete, the expected pickup date was 5 days later. this was a huge disservice, considering I had planned my purchase based on the information provided on the site.",3.0,Neutral/Positive
Kiko Milano General,llevo un mes esperando por un pedido que a dia de hoy no ha llegado. no compréis online una estafa de manual porque bien que han estado para cobrarme y no devolverme el dinero y mucho menos responderme a los correos.,Trustpilot,2025-12-30T02:07:29.000Z,3.0,"I have been waiting a month for an order that has not arrived today. Do not buy online a textbook scam because they have been there to charge me and not return my money, much less respond to my emails.",3.0,Fraud & Scam Threat
Kiko Milano General,"kiko padova
pessima accoglienza da parte del personale: ho chiesto di poter far provare a una amica un ombretto, poiché lei non si trucca, la responsabile del negozio si è visivamente scocciata e ancor peggio, la ragazza in cassa ha richiamato dietro un setto la truccatrice che ci stava servendo.
pessimo comportamento",Trustpilot,2025-12-28T14:58:47.000Z,3.0,"kiko padua
terrible reception from the staff: I asked to be able to let a friend try an eyeshadow, since she doesn't wear make-up, the store manager was visually annoyed and even worse, the girl at the cash register called the make-up artist who was serving us behind a curtain.
bad behavior",3.0,Neutral/Positive
Kiko Milano General,"commande passée sur internet d'un produit a 8,49 € et ce même produit est a 9,99€ en magasin..... après, ils vont se plaindre qu'on commande sur internet. déçue !",Trustpilot,2025-12-27T13:48:30.000Z,3.0,"order placed on the internet for a product for €8.49 and this same product is for €9.99 in store..... afterwards, they will complain that we order on the internet. disappointed!",3.0,Neutral/Positive
Kiko Milano General,"orribile esperienza! acquisto regolarmente online da altri venditori ma sicuramente mai più da kiko!!!
merce mai arrivata e mai rimborsata per la mia spesa! vergogna: pessimo servizio:( statene lontani tutti !",Trustpilot,2025-12-27T12:07:49.000Z,3.0,"horrible experience! I regularly purchase online from other sellers but certainly never from Kiko again!!!
goods never arrived and never refunded for my expense! shame: terrible service :( everyone stay away!",3.0,Fraud & Scam Threat
Kiko Milano General,"ne jamais commander sur leur site
j’ai passé une commande le 12/12/2025 et depuis le 14/12 le suivi reste bloqué « en livraison « 
service client aux abonnés absents 
aucune réponse à ma réclamation 
aujourd’hui vendredi 26/12 toujours pas de colis.
je vais annuler la cde via paypal",Trustpilot,2025-12-26T16:46:23.000Z,3.0,"never order from their site
I placed an order on 12/12/2025 and since 14/12 the tracking remains blocked “in delivery” 
customer service for absent subscribers 
no response to my complaint 
today Friday 26/12 still no package.
I will cancel the order via paypal",3.0,Customer Service Threat
Kiko Milano General,"fregatura!!!!!kiko forlì punta di ferro!prendo 2 blush e un gloss,li porto per impacchettare,sigillare e oggi,giorno di natale, mia figlia trova 2 gloss ed un blush come regalo!la commessa aveva preso dietro al bancone le 3 cose e mi riufiuto di credere che l'ha fatto apposta però è chiaro che qualcosa è andato storto!inoltre il blush costava il doppio del gloss.non credo di avere più lo scontrino e comunque come lo dimostro?!?vabbe,buon natale kiko!",Trustpilot,2025-12-25T12:47:53.000Z,3.0,"rip-off!!!!!kiko forlì iron tip! I take 2 blushes and a gloss, I take them to package, seal and today, Christmas day, my daughter finds 2 glosses and a blush as a gift! The sales assistant had taken the 3 things behind the counter and I refuse to believe that she did it on purpose but it's clear that something went wrong! Furthermore, the blush cost double the gloss. I don't think I have the receipt anymore and in any case how I demonstrate?!? Oh well, Merry Christmas Kiko!",3.0,Neutral/Positive
Kiko Milano General,"vergognoso che un ordine fatto i 6/12 non sia ancora arrivato per il 24/12. 
non mi date spiegazioni, i dite via mail solo che è in viaggio .... intanto io non ho il regalo per mia figlia sotto l'albero.
non comprerò, per questo motivo, da voi mai più. anche se poco ve ne importa, mi sembra di capire
f.dvlb",Trustpilot,2025-12-24T18:30:19.000Z,3.0,"shameful that an order placed on 6/12 has not yet arrived by 24/12. 
don't give me any explanations, just tell me via email that he's traveling... meanwhile I don't have a gift for my daughter under the tree.
For this reason, I will never buy from you again. even if it doesn't matter to you, I understand
f.dvlb",3.0,Neutral/Positive
Kiko Milano General,"commessa sigra andreina  o antonina....non ricordo nemmeno il nome, presso negozio le porte franche di erbusco.
scortese, arrabbiata, in preda a crisi di nervi capisco la vigilia di natale....tutti lavoriamo e se non reggi il tuo lavoro cambi mestiere.",Trustpilot,2025-12-24T11:45:56.000Z,3.0,"sales assistant Mrs Andreina or Antonina....I don't even remember her name, at the Le Porte Franche shop in Erbusco.
rude, angry, in the throes of nervous breakdowns I understand Christmas Eve....we all work and if you can't handle your job you change jobs.",3.0,Neutral/Positive
Kiko Milano General,"fatal, no me ha dejado cambiar la base de maquillaje, solo porque al llegar a casa vi que no era el mismo tono, no pienso comprar mas en kiko, timo!!! quedan mal con el cliente solo por no cambiar una base q les cuesta céntimos, y quedan mal con el cliente, rateros",Trustpilot,2025-12-22T19:27:00.000Z,3.0,"fatal, it didn't let me change the makeup base, just because when I got home I saw that it wasn't the same tone, I'm not going to buy more at kiko, timo!!! They look bad with the client just for not changing a base that costs them cents, and they look bad with the client, thieves",3.0,Neutral/Positive
Kiko Milano General,"couple of months ago, i went to london to buy a green metallic mascara, which i have been used for years.  as i don't live in london i decided to buy 2. the shop assistant give me them and i didn't check them but when i was at home and i realised they are the wrong green mascara. 
month later i return to london and i bring with me the mascaras to swap for right one. 
the shop assistant  told me that she cant do anything because it was pass more the 28 days and she refused to hear me or help me. 
i tried to tell her that i don't want a refund only swapping for right one and it was in that moment when she told me that the green metallic mascara was discontinued. 
i feel cheated because when i went to buy them for the first time, she couldn't told me that and not that she gave the wrong one. 
i would like to warn everyone to check everything before leaving the shop and don't trust them. they are more interested in selling than helping.",Trustpilot,2025-12-22T00:10:06.000Z,3.0,"couple of months ago, i went to london to buy a green metallic mascara, which i have been used for years.  as i don't live in london i decided to buy 2. the shop assistant give me them and i didn't check them but when i was at home and i realised they are the wrong green mascara. 
month later i return to london and i bring with me the mascaras to swap for right one. 
the shop assistant  told me that she cant do anything because it was pass more the 28 days and she refused to hear me or help me. 
i tried to tell her that i don't want a refund only swapping for right one and it was in that moment when she told me that the green metallic mascara was discontinued. 
i feel cheated because when i went to buy them for the first time, she couldn't told me that and not that she gave the wrong one. 
i would like to warn everyone to check everything before leaving the shop and don't trust them. they are more interested in selling than helping.",3.0,Neutral/Positive
Kiko Milano General,le pedí un pintalabios permanente y después de gastarme 13'99€ eso de permanente tiene poco. tras tomarme un café una hora después de pintarme ya no tenía pintalabios,Trustpilot,2025-12-21T18:19:56.000Z,3.0,"I asked for a permanent lipstick and after spending €13.99, that's not much of a permanent thing. After having a coffee an hour after painting I no longer had lipstick",3.0,Neutral/Positive
Kiko Milano General,"0 stjerner snyd og bedrag!

bestilte for 400 danske kroner og har ikke set øjet af produkterne. har haft kontakt med kundeservice der for
1 måned siden skrev at de ville overføre mine penge tilbage. (jeg bestilte vare d. 30 sep. 2025. ) ved ikke hvordan jeg nogensinde skal få fat i min penge igen.",Trustpilot,2025-12-21T17:32:26.000Z,3.0,"0 stars cheating and deception!

ordered for 400 Danish kroner and have not seen the products. have had contact with customer service there too
1 month ago wrote that they would transfer my money back. (I ordered the item on 30 Sep 2025. ) don't know how I will ever get my money back.",3.0,Neutral/Positive
Kiko Milano General,"hice un pedido el día 19 de noviembre,  el 26 me lo cobran sin especificar de donde es rl cobro.  a día de hoy todavía no sé nada. no contestan ningún correo,  hemos mandado mil.....si alguien puede decirme fonde escribir o cómo contactar.....es la 2 vez...nunca más.  de verdad unos ladrones y unos incompetentes.",Trustpilot,2025-12-21T14:58:23.000Z,3.0,"I placed an order on November 19, on the 26th they charged me without specifying where the charge came from.  To this day I still don't know anything. They don't answer any emails, we have sent a thousand.....if someone can tell me where to write or how to contact.....this is the 2nd time...never again.  They really are thieves and incompetent.",3.0,Neutral/Positive
Kiko Milano General,"merci melissa 
top conseil
top disponibilités 
bonne journée",Trustpilot,2025-12-21T14:16:48.000Z,3.0,"thank you Melissa 
top tip
top availability 
have a good day",3.0,Neutral/Positive
Kiko Milano General,sono mesi che cerco di acquistare una matita sopracciglia a livorno.le commesse molto gentili mi hanno detto durante i mesi che sarebbe arrivata.... ma' niente.non capisco la vostra politica di vendita ma certamente non andrò più nei vostri negozi.,Trustpilot,2025-12-20T09:44:41.000Z,3.0,I've been trying to buy an eyebrow pencil in Livorno for months. The very kind sales assistants told me over the months that it would arrive.... but nothing. I don't understand your sales policy but I certainly won't go to your stores anymore.,3.0,Neutral/Positive
Kiko Milano General,"ich habe 2024 beim black friday die 3+3 aktion genutzt und etliche artikel online bestellt. leider waren drei davon bereits benutzt/ausgelaufen, weswegen ich umgehend den kundenservice kontaktierte. die reklamation lief semi-zufriedenstellend. ich hätte entweder die gesamte bestellung zurücksenden müssen, oder konnte alternativ einen shopgutschein i.h.v 30€ akzeptieren. ich entschied mich für den gutschein, da ich die übrigen artikel gern behalten wollte und teilweise dann selbst schon in benutzung hatte. der gutscheincode kam in textform per mail bei mir an.
schnellvorlauf zum bf 2025 - wieder eine 3+3 aktion und ich wollte meinen 30€ gutschein einlösen, da dieser nur ein jahr lang gültig sein sollte und eh zwei-drei wochen später abgelaufen wäre. leider wurde mir prompt angezeigt, dass der code nicht gültig wäre. ich habe es mehrfach probiert - unmöglich, also habe ich direkt wieder den kundenservice kontaktiert und gefragt, wie das sein kann. zuerst bekam ich die eher allgemeine antwort, dass manche codes nicht mit gewissen aktionen kombinierbar sein würden etc. für mein verstehen ergibt das in diesem fall gar keinen sinn, denn es handelt sich hier um ein zahlungsmittel, nicht um einen code, der prozente vom preis abziehen würde. etwas später kam noch eine mail, in der es hieß, dass bei der überprüfung festgestellt wurde, dass der code bereits benutzt worden sei. komisch, denn ich habe seit über einem jahr keine bestellung abgeschlossen. ich bat darum, offengelegt zu bekommen wann, von wem und für welche bestellung mein gutschein gelöst worden sein soll und wies darauf hin, dass die letzte aktivität in meinem kundenkonto länger her ist, als ich den gutscheincode überhaupt habe.
die antwort in ungefähren worten: ""ihr gutschein wurde bereits erfolgreich eingelöst, daher ist eine erneute nutzung nicht möglich."" 
auch nach dem dritten mal nachfragen und bitten, habe ich immer wieder die gleiche, nichtssagende antwort erhalten. 
kurz: mangelhafte produkte erhalten, keine erstattung sondern einen gutschein für den shop bekommen, welchen ich am ende nicht nutzen konnte und keinerlei hilfe vom kundenservice erhalten.
nee, das muss ich nicht noch einmal haben.",Trustpilot,2025-12-19T23:36:09.000Z,3.0,"I took advantage of the 3+3 promotion on Black Friday in 2024 and ordered a number of items online. Unfortunately, three of them had already been used/expired, which is why I immediately contacted customer service. The complaint was semi-satisfactory. I would have either had to return the entire order, or alternatively I could accept a shop voucher worth €30. I decided on the voucher because I wanted to keep the remaining items and had already used some of them myself. The voucher code arrived in text form by email.
Fast forward to BF 2025 - another 3+3 promotion and I wanted to redeem my €30 voucher because it was only supposed to be valid for one year and would have expired two or three weeks later anyway. Unfortunately, I was promptly informed that the code was not valid. I tried it several times - impossible, so I immediately contacted customer service again and asked how that could be. At first I got the rather general answer that some codes couldn't be combined with certain promotions, etc. As I understand it, that doesn't make any sense in this case, because this is a means of payment, not a code that would deduct percentages from the price. A little later I received an email saying that the check revealed that the code had already been used. strange because I haven't placed an order in over a year. I asked to be told when, by whom and for which order my voucher was supposed to have been redeemed and pointed out that the last activity in my customer account was longer than I even have the voucher code.
The answer in approximate terms: ""Your voucher has already been successfully redeemed, so it is not possible to use it again."" 
Even after asking and asking for the third time, I kept getting the same, meaningless answer. 
In short: received defective products, no refund but a voucher for the shop, which I couldn't use in the end and received no help from customer service.
No, I don't have to have that again.",3.0,Neutral/Positive
Kiko Milano General,"scandalosi, pacco che doveva essere arrivato una settimana fa...non tracciabile, richiesa assistenza e riscontro tramite mail a kiko più volte....non hanno mai risposto",Trustpilot,2025-12-19T11:04:34.000Z,3.0,"scandalous, package that should have arrived a week ago...not traceable, request for assistance and feedback via email to Kiko several times...they never responded",3.0,Neutral/Positive
Kiko Milano General,très déçue de mon expérience d'achat en ligne sur kikocosmetics! l'article reçu ne correspond pas à la commande et sur le site tout est fait pour que tu ne puisse pas faire le retour! pas de possibilité de joindre le service client (aucune info sur le site) ni obtenir réponse à tes questions. a fuir!!!,Trustpilot,2025-12-18T18:53:08.000Z,3.0,very disappointed with my online purchasing experience on kikocosmetics! the item received does not correspond to the order and everything on the site is done so that you cannot make the return! no possibility of contacting customer service (no information on the site) or getting answers to your questions. to flee!!!,3.0,Neutral/Positive
Kiko Milano General,"klantenservice???
vreselijk bedrijf.....producten kloppen niet met het plaatje. en als je het terug wilt sturen moet je grof geld betalen. daarna is je pakket kwijt en mag je alsnog alles betalen. schofterig bedrijf.",Trustpilot,2025-12-18T17:43:07.000Z,3.0,"customer service???
terrible company.....products do not match the picture. and if you want to return it you have to pay a lot of money. After that, your package will be lost and you can still pay for everything. shitty company.",3.0,Neutral/Positive
Kiko Milano General,"ich warte seit über 3 wochen auf mein geld. keiner reagiert auf meine anfragen. retoure schon im november eingegangen. das kanns doch wirklich nicht sein, oder?",Trustpilot,2025-12-17T13:56:46.000Z,3.0,"I've been waiting for my money for over 3 weeks. nobody responds to my inquiries. Return received in November. That really can't be right, can it?",3.0,Neutral/Positive
Kiko Milano General,"this company clearly has a very poor culture, as i had a similar experience to other reviewers. i bought a product that was faulty and tried to return it. i was told you couldn’t return products. i pointed out legally you can when it’s faulty. i brought the wrong receipt. i returned with the correct receipt and i found both assistants to be quite rude. when i pulled the assistance up on her tone, the worker next to her said that i hadn’t let her speak which was just a bizarre comment and it was all very aggressive back to me rather than apologising. the culture is horrendous i would never buy another product in that shop ever again being rude to customers is not the way forward.",Trustpilot,2025-12-17T00:37:23.000Z,3.0,"this company clearly has a very poor culture, as i had a similar experience to other reviewers. i bought a product that was faulty and tried to return it. i was told you couldn’t return products. i pointed out legally you can when it’s faulty. i brought the wrong receipt. i returned with the correct receipt and i found both assistants to be quite rude. when i pulled the assistance up on her tone, the worker next to her said that i hadn’t let her speak which was just a bizarre comment and it was all very aggressive back to me rather than apologising. the culture is horrendous i would never buy another product in that shop ever again being rude to customers is not the way forward.",3.0,Neutral/Positive
Kiko Milano General,"ma fille en voyage scolaire à ostende a voulu se faire plaisir à kiko ostende et la vendeuse la arnaquer car elle a payer les article de une autres perssone mais elle n’a pas eu son rouge à lèvre car soie disant sa carte ne passait pas . elle est retournée avec la preuve que sa été deconter sur son compte et on lui a dit qu’elle allait être remboursé. ça fait deux semaines et toujours rien, et quand on les contacte par téléphone, ça fait semblant de pas parler français et ça raccroche au nez. vraiment déçu des vendeuses de ostende qui profitent d’une adolescence.",Trustpilot,2025-12-16T10:40:32.000Z,3.0,"my daughter on a school trip to Ostend wanted to treat herself to Kiko Ostend and the saleswoman scammed her because she had to pay for someone else's items but she didn't get her lipstick because silk said her card didn't work. She returned with proof that her account had been decontaminated and was told she would be refunded. It's been two weeks and still nothing, and when we contact them by phone, they pretend not to speak French and they hang up on us. really disappointed with the saleswomen from Ostend who are enjoying adolescence.",3.0,Fraud & Scam Threat
Kiko Milano General,je souhaite commander sur le site kiko et au moment de passer au paiement en me connectant à mon compte mon panier disparaît et impossible de me connecter à mon compte et donc passer la commande. je ne sais pas si c'est un bug du site mais ça fait plusieurs fois que je dois tout rerajouter au panier et n'ai toujours pas pu passer commande,Trustpilot,2025-12-15T14:11:01.000Z,3.0,I would like to order on the kiko website and when I go to payment by logging into my account my basket disappears and it is impossible to log in to my account and therefore place the order. I don't know if it's a site bug but I've had to add everything to the cart several times and still haven't been able to place an order,3.0,Neutral/Positive
Kiko Milano General,"ordine online effettuato il 01/12/25 in occasione del cyber monday con spedizione affidata a amazon shipping (scelta di kiko, non mia). in data 05/12/25 mi arriva un'email di consegna avvenuta, peccato che non ci sia stata alcuna consegna né in quella data né nei giorni successivi. dopo vari reclami sia al corriere (che declina ogni responsabilità al fornitore) sia a kiko (dal quale non ricevo alcuna risposta) mi rivolgo a paypal che immediatamente dopo aver visionato il mio reclamo mi invia subito il rimborso. mi ha salvato aver pagato con paypal altrimenti avrei perso l'intera somma visto che ad oggi ancora nessun riscontro da kiko. pessimi.",Trustpilot,2025-12-14T23:07:24.000Z,3.0,"online order placed on 01/12/25 on the occasion of cyber monday with shipping entrusted to amazon shipping (kiko's choice, not mine). on 05/12/25 I received an email confirming delivery, it's a pity that there was no delivery either on that date or in the following days. after various complaints both to the courier (which declines any responsibility to the supplier) and to kiko (from which I receive no response) I turn to PayPal which immediately after having reviewed my complaint immediately sends me the refund. it saved me to have paid with paypal otherwise I would have lost the entire sum given that to date there has still been no response from kiko. very bad.",3.0,Customer Service Threat
Kiko Milano General,"i got 12 (!) defective products! i returned them to their store but after 3 weeks i still did not get my refund in size of 180 euro!
probably i lost my money and they lost me as a client.
terrible!",Trustpilot,2025-12-14T17:20:35.000Z,3.0,"i got 12 (!) defective products! i returned them to their store but after 3 weeks i still did not get my refund in size of 180 euro!
probably i lost my money and they lost me as a client.
terrible!",3.0,Neutral/Positive
Kiko Milano General,"no comprar en su tienda on line yo llevo un mes esperando el pedido y no a venido , reclamo la devolución de mi dinero y no me hacen ni caso no hago más que rellenar formularios no hay atención al cliente, son unos estafadores",Trustpilot,2025-12-13T23:13:08.000Z,3.0,"Do not buy in your online store, I have been waiting for the order for a month and it has not come, I demand the return of my money and they do not pay any attention to me, I do nothing more than fill out forms, there is no customer service, they are scammers",3.0,Fraud & Scam Threat
Kiko Milano General,davvero dei furboni...l'unico negozio nell'universo (almeno al.centro commerciale di bologna) dove terminano le gift card nel periodo pre-natalizio. secondo anno di seguito.ma una bella svegliata no?? a quanti soldi rinunciano? boooh,Trustpilot,2025-12-13T14:52:44.000Z,3.0,really smart...the only shop in the universe (at least in the Bologna shopping center) where gift cards end in the pre-Christmas period. second year in a row. but a nice wake up call right?? How much money do they give up? boooh,3.0,Neutral/Positive
Kiko Milano General,"je m’adresse à une première vendeuse de la boutique kiko du centre commercial de la valette du var hier pour acheter un eyeliner unlimited précision n°18. cette dernière m’indique que le n°18 est en rupture de stock, c’est pour cela que le crayon testeur porte un petit autocollant.
je regarde sur mon téléphone où je peux trouver ce crayon  à proximité et constate qu’il est annoncé comme étant disponible dans le magasin kiko de la valette.
je fais appel à une seconde vendeuse qui me confirme la rupture de stock du n° 18. lui montrant l’info sur mon téléphone, elle va tout de même vérifier en réserve mais pense que l’info sur mon téléphone est erronée. 
elle revient avec une boite et en plus, en ouvrant le tiroir sous le présentoir, constate qu’il y avait déjà une boîte pleine de crayon du n° 18 !
ok, j’ai donc trouvé l’article recherché mais fais simplement remarquer lors du paiement que si le stock avait été à jour cela m’aurait évité de risquer de repartir sans mon achat et surtout de venir de loin pour rien.
la caissière me répond « ce n’est pas mon problème »
inadmissible !!! ils passent tout d’abord à côté de ventes en ne vérifiant pas le stock, mais en plus ils sont méprisants avec les clientes.",Trustpilot,2025-12-13T13:55:29.000Z,3.0,"I spoke to a first saleswoman from the Kiko boutique in the Valette du Var shopping center yesterday to buy an unlimited precision eyeliner n°18. the latter tells me that No. 18 is out of stock, which is why the tester pencil has a small sticker.
I look on my phone to see where I can find this pencil nearby and see that it is advertised as being available in the Kiko store in Valletta.
I call a second saleswoman who confirms that No. 18 is out of stock. Showing her the information on my phone, she still goes to check in stock but thinks that the information on my phone is incorrect. 
she comes back with a box and what's more, when she opens the drawer under the display, she notices that there was already a box full of No. 18 pencils!
ok, so I found the item I was looking for but simply point out when paying that if the stock had been up to date this would have saved me from the risk of leaving without my purchase and especially from coming from far away for nothing.
the cashier tells me “that’s not my problem”
unacceptable!!! First of all, they miss out on sales by not checking stock, but on top of that they are contemptuous of customers.",3.0,Neutral/Positive
Kiko Milano General,"j’ai commandé le 1er décembre sur le site kiko pour les cyber monday, on est le 12 décembre, ma commande est encore en statut « confirmée », je n’ai pas reçu le mail de confirmation, j’ai tout vérifié dans ma boîte mail, rien. j’ai envoyé un mail dans leur formulaire, pas de réponses. je suis en stress total pour ma commande, je ne peux même pas l’annuler",Trustpilot,2025-12-12T20:19:31.000Z,3.0,"I ordered on December 1st on the kiko website for Cyber ​​Monday, it is December 12th, my order is still in ""confirmed"" status, I did not receive the confirmation email, I checked everything in my mailbox, nothing. I sent an email in their form, no responses. I'm in total stress about my order, I can't even cancel it",3.0,Customer Service Threat
Kiko Milano General,rimborso di 40 euro mai arrivato! diffidate si son presi il mio reso e nn mi hanno mai rimborsato. sono dei truffatori,Trustpilot,2025-12-12T20:11:50.000Z,3.0,"refund of 40 euros never arrived! beware, they took my return and never refunded me. they are scammers",3.0,Fraud & Scam Threat
Kiko Milano General,"mi sono recata presso il punto vendita di palermo forum per acquistare un nuovo rossetto. non mi serviva nient'altro, tuttavia, mi lascio coinvolgere dalla commessa che mi invoglia ad aderire alla ""promozione"" 3+3.
a fatica, riesco a scegliere 5 prodotti rimanenti che comprendono 3 rossetti della collezione one magic touch.
utilizzando due di questi rossetti, mi accorgo che uno dei due ha la chiusura difettata. premetto che il packaging è il tratto distintivo di questo rossetto.
quindi mi reco in negozio per contestare il problema e con fare piuttosto supponente, la ""gentilissima"" commessa mi dice che non si può effettuare il cambio del prodotto difettoso perché fa parte di una promozione che prevede la restituzione dei sei articoli acquistati e cosa ancora più assurda la presenza dello scatolino del famigerato rossetto.
dunque, non mi hanno risolto un problema e, come se non fosse sufficiente, me ne avrebbero creato un altro, pretendendo la presenza di altri articoli, inutilmente richiesti.
quando ho obiettato, dicendo che all' atto dell' acquisto non mi era stato detto che in caso di eventuali resi sarebbe stato obbligatorio riportare tutto in dietro, la signora commessa ha fatto elegantemente ""spallucce""...
chapeau per la serietà aziendale...
ho dato una stella perché di meno non si può.",Trustpilot,2025-12-12T17:51:16.000Z,3.0,"I went to the Palermo Forum store to buy a new lipstick. I didn't need anything else, however, I let myself be drawn in by the order which enticed me to join the 3+3 ""promotion"".
with difficulty, I manage to choose 5 remaining products which include 3 lipsticks from the one magic touch collection.
using two of these lipsticks, I notice that one of them has a defective closure. I'll start by saying that the packaging is the distinctive feature of this lipstick.
so I go to the store to dispute the problem and rather arrogantly, the ""very kind"" sales assistant tells me that it is not possible to exchange the defective product because it is part of a promotion that provides for the return of the six items purchased and what is even more absurd is the presence of the box of the infamous lipstick.
therefore, they did not solve a problem for me and, as if that were not enough, they would have created another one for me, demanding the presence of other articles, which were requested in vain.
when I objected, saying that at the time of purchase I had not been told that in the event of any returns it would be mandatory to return everything back, the lady sales assistant elegantly ""shrugged""...
hats off to the company's seriousness...
I gave it one star because you can't do less.",3.0,Neutral/Positive
Kiko Milano General,une honte. jai commande pour le black friday et toujours pas livré et personne ne répond a mes mails. une honte ce site et aucun moyen de leur telephoner,Trustpilot,2025-12-12T13:27:53.000Z,3.0,a shame. I ordered for Black Friday and still not delivered and no one responds to my emails. a shame this site and no way to call them,3.0,Neutral/Positive
Kiko Milano General,"mein mann hatte für mich ein kilo milano adventskalender bestellt, ja auf den warten wir immer noch! auf mail anfragen kommen automatisierte antworten! einmal und nicht wieder! nicht zu empfehlen!",Trustpilot,2025-12-12T11:14:09.000Z,3.0,"My husband ordered a kilo of Milano Advent calendar for me, and we're still waiting for it! Email inquiries receive automated replies! once and not again! not recommended!",3.0,Neutral/Positive
Kiko Milano General,"mi sono recata nel negozio kiko milano, a roma, centro commerciale da vinci, cercando una cipria, che uso da anni di cui ricordavo solo la sigla wr (warm rose) ma non il numero. la commessa mi ha chiesto se avessi bisogno di aiuto e quando le ho detto che andavo a memoria perché cercavo una cipria wr (forse 30?), mi ha praticamente dato della rincoglionita perché cercavo un prodotto per un altro e alla fine è stata di una sgarbataggine assurda anche in presenza di altri clienti. ho ammesso che non ricordavo il numero ma la sigla wr assolutamente si e stizzita sono andata via rifiutandomi di acquistare. la
cipria wr esiste (cfr il sito) al contrario di quello che mi ha detto la commessa, ho sbagliato il numero perché é il 07 e io ricordavo 30. ma questo è un buon motivo per sottintendere che la cliente è rincoglionita? una volta il cliente non aveva sempre ragione anche se sbagliava il numero? se siete al “da vinci” evitate le commesse del kiko milano.",Trustpilot,2025-12-11T13:03:21.000Z,3.0,"I went to the Kiko store in Milan, Rome, in the Da Vinci shopping centre, looking for a powder that I have been using for years and of which I only remembered the acronym WR (Warm Rose) but not the number. the sales assistant asked me if I needed help and when I told her that I was going from memory because I was looking for a wr powder (maybe 30?), she practically called me stupid because I was looking for a product for someone else and in the end she was absurdly rude even in the presence of other customers. I admitted that I didn't remember the number but the acronym WR absolutely did and in annoyance I left, refusing to purchase. the
powder wr exists (see the site) contrary to what the sales assistant told me, I got the number wrong because it's 07 and I remembered 30. but is this a good reason to imply that the customer is stoned? Once upon a time the customer wasn't always right even if he got the number wrong? if you are at ""da vinci"" avoid the kiko milan orders.",3.0,Neutral/Positive
Kiko Milano General,bonjour j'aime beaucoup kiko milano je suis une fidèle cliente et j'ai rien à redire le magasin chez moi et très bien et à petit prix.,Trustpilot,2025-12-11T10:46:49.000Z,3.0,hello I really like kiko milano I am a loyal customer and I have no complaints about the store at home and very good and at a low price.,3.0,Neutral/Positive
Kiko Milano General,"hice el pedido y tardaron una semana en procesarlo. cuando por fin lo enviaron, pusieron mal el código postal y no hubo manera de contactar con ellos para que lo cambiaran y pudiera recibir mi pedido. al final, ellos solos, sin hablar conmigo, cancelaron el pedido y me devolvieron el dinero. muy mal servicio de atención al cliente.",Trustpilot,2025-12-11T08:59:56.000Z,3.0,"I placed the order and it took them a week to process it. When they finally sent it, they put the zip code wrong and there was no way to contact them to change it so I could receive my order. In the end, they alone, without talking to me, canceled the order and refunded my money. very bad customer service.",3.0,Customer Service Threat
Kiko Milano General,délai de livraison trop long !,Trustpilot,2025-12-10T18:56:27.000Z,3.0,Delivery time too long!,3.0,Neutral/Positive
Kiko Milano General,"ho effettuato un acquisto online il 17 novembre e oggi è il 12 dicembre: tra poco sarà passato un mese e sto ancora aspettando il mio ordine.

è normale una consegna così lunga?

inoltre non è presente nemmeno un numero di supporto da contattare.


esperienza per nulla soddisfacente.",Trustpilot,2025-12-10T16:53:53.000Z,3.0,"I made an online purchase on November 17th and today is December 12th: soon a month will have passed and I'm still waiting for my order.

Is such a long delivery normal?

furthermore there is not even a support number to contact.


not at all satisfactory experience.",3.0,Neutral/Positive
Kiko Milano General,"non meritano manco una stella, non so come è possibile che continuano ad esistere sapendo dell’esistenza di altri negozi di cosmetici molto ma molto efficaci,sia con ordini online che in negozio. se uno non riesce a gestire nulla, non fatte le offerte, non accettate ordini così da evitare figure di m*** alla gente. non aggiungo altro perché spenderei altro tempo non meritato.adieu!",Trustpilot,2025-12-10T14:38:10.000Z,3.0,"they don't even deserve one star, I don't know how it is possible that they continue to exist knowing of the existence of other very, very effective cosmetics shops, both with online and in-store orders. if someone can't manage anything, don't make offers, don't accept orders so as to avoid making people look like shit. I won't add anything else because I would spend more undeserved time. Adieu!",3.0,Neutral/Positive
Kiko Milano General,"really bad experience in the store, super crowded, staff not very friendly and helpful, couldn't buy anything in the end.",Trustpilot,2025-12-10T10:35:56.000Z,3.0,"really bad experience in the store, super crowded, staff not very friendly and helpful, couldn't buy anything in the end.",3.0,Neutral/Positive
Kiko Milano General,"péssimo atendimento . fui atendida por uma funcionária de nacionalidade brasileira , na loja do norteshopping , dia 8.12.2025 , por volta das 18 horas , a qual , assim que lhe solicitei ajuda , rispidamente disse : “ o que é ? “ . perante tal atitude , extremamente malcriada , disse lhe que cumprisse a sua função de atendimento . a senhora , de imediato , respondeu que não era burra . sem perceber porque disse tal , respondi-lhe , novamente , que cumprisse o seu trabalho em condições e que seria melhor rever o que estava ali a fazer . um atendimento destes tem de ser urgentemente revisto e será mister reverem cuidadosamente o tipo de funcionárias que contratam para atender os clientes",Trustpilot,2025-12-09T21:32:14.000Z,3.0,"terrible service. I was attended to by an employee of Brazilian nationality, at the Norteshopping store, on 12/8/2025, around 6 pm, who, as soon as I asked her for help, rudely said: “what is it?”. Faced with such an extremely rude attitude, I told him to fulfill his duty of care. The lady immediately replied that she was not stupid. Without understanding why he said that, I replied, again, that he would do his job properly and that it would be better to review what he was doing there. Service like this needs to be urgently reviewed and it will be necessary to carefully review the type of employees they hire to serve customers",3.0,Neutral/Positive
Kiko Milano General,mi sono recata in negozio a napoli stazione centrale negozio fornito dove ho trovato le ragazze gentilissime e sempre disponibili alla clientela tra cui agnese di una dolcezza unica.brave e buon per kiko che ha delle dipendenti attente e preparate,Trustpilot,2025-12-09T18:02:00.000Z,3.0,"I went to the shop in Naples central station, a well-stocked shop where I found the girls very kind and always available to customers, including Agnese with a unique sweetness. Well done and good for Kiko who has attentive and trained employees",3.0,Neutral/Positive
Kiko Milano General,"ma fille est en attente d'un colis depuis le 21/11. elle reçoit des messages pour qu'elle mette un avis alors que le colis n'a pas été livré. toujours en attente chez gls depuis le 24/11 ! soit plus de 15 jours. une honte. gls est la pire société de transport qui existe, pourquoi faire subir ça à vos clients ? en lisant les avis, beaucoup de personnes ayant acheté pendant les promos du black friday chez kiko sont dans la situation. remboursez ou livrez !",Trustpilot,2025-12-09T14:43:49.000Z,3.0,"my daughter has been waiting for a package since 11/21. she receives messages asking her to post a notice even though the package has not been delivered. still waiting at gls since 24/11! i.e. more than 15 days. a shame. gls is the worst transport company there is, why put your customers through this? reading the reviews, many people who bought during the black friday promotions at kiko are in the same situation. refund or deliver!",3.0,Neutral/Positive
Kiko Milano General,"hace un tiempo fui a la tienda de kiko en un centro comercial de santander (cantabria), me compré un eyeliner líquido de color negro, al día siguiente me lo aplique en una fina linea sobre el párpado superior e inmediatamente me provocó un escozor insoportable y me lo tuve que retirar, a los dos días tenía una conjuntivitis en el ojo impresionante y se me extendió al otro ojo.
al no informar a mi hermana de lo que ocurrió al día siguiente mi hermana se aplicó el producto en el ojo y le produjo el mismo picor y escozor insoportable que a mi.
yo no soy una persona que compre maquillaje habitualmente ya que no me suelo maquillar...pero confíe en la tienda de kiko y para un producto que compro y era tóxico noo, lo siguiente.",Trustpilot,2025-12-09T14:04:04.000Z,3.0,"A while ago I went to the Kiko store in a shopping center in Santander (Cantabria), I bought a black liquid eyeliner, the next day I applied it in a thin line on the upper eyelid and it immediately caused an unbearable sting and I had to remove it, two days later I had impressive conjunctivitis in my eye and it spread to the other eye.
By not informing my sister of what happened the next day, my sister applied the product to her eye and it caused the same unbearable itching and burning as me.
I am not a person who buys makeup regularly since I don't usually wear makeup...but I trusted the Kiko store and for a product that I bought and it was toxic noo, the following.",3.0,Health & Safety Threat
Kiko Milano General,"ho ordinato una gift card sul sito di kiko il 22 novembre. partiamo dal principio: all'interno dell'ordine configurano anche altri prodotti che erano stati rimossi dal carrello prima di proseguire con il pagamento. questi prodotti risultano con importo 0€ e quantità 0 ma comunque rientrano nel computo dei prodotti dell'ordine (ma non nell'importo). primo segnale d'allarme che mi ha fatto comprendere dell'esistenza di un bug sul loro sito. inoltre, l'ordine è ancora bloccato allo stato ""confermato"". avendo scelto klarna come metodo di pagamento non mi hanno ancora scalato l'importo della gift card acquistata perché non è arrivata alcuna email di conferma dell'ordine. purtuttavia, essendo un regalo, ovviamente non è arrivato al destinatario. dopo un mese è tutto ancora fermo immobile. il servizio clienti è incontattabile e le faq di alcun aiuto. non acquisterò mai più dall'e-commerce di kiko ma gradirei ricevere assistenza per annullare l'ordine, visto che non è possibile procedere in tal senso sul sito.",Trustpilot,2025-12-09T10:46:17.000Z,3.0,"I ordered a gift card on the Kiko website on November 22nd. Let's start from the beginning: within the order they also configure other products that had been removed from the cart before continuing with the payment. these products have an amount of €0 and quantity of 0 but are still included in the calculation of the products of the order (but not in the amount). first warning sign that made me realize there was a bug on their site. furthermore, the order is still stuck in the ""confirmed"" state. having chosen klarna as my payment method, they have not yet deducted the amount of the gift card purchased because no order confirmation email has arrived. however, being a gift, it obviously did not reach the recipient. after a month everything is still standing still. the customer service is uncontactable and the FAQ of no help. I will never purchase from Kiko's e-commerce again but I would like assistance in canceling the order, given that it is not possible to do so on the site.",3.0,Neutral/Positive
Kiko Milano General,"no me gustó el producto porque fue imposible sacarle punta.
nombre del producto: creamy colour comfort lip liner.",Trustpilot,2025-12-08T23:16:33.000Z,3.0,"I didn't like the product because it was impossible to sharpen it.
Product Name: Creamy Color Comfort Lip Liner.",3.0,Neutral/Positive
Kiko Milano General,"i received my order during the black friday in denmark. 
unfortunately one of the products was broken. i send them an email and i received an answer with refund in just 3 minutes !!!! i was socked. that was the best service experience i had had in my life",Trustpilot,2025-12-08T19:00:18.000Z,3.0,"i received my order during the black friday in denmark. 
unfortunately one of the products was broken. i send them an email and i received an answer with refund in just 3 minutes !!!! i was socked. that was the best service experience i had had in my life",3.0,Product Quality Threat
Kiko Milano General,"a fuir
j'ai profitez des black friday sur internet et au final statue du colis : livré alors que je n'ai rien

gls  des incapable ils me disent colis livré contacter kiko pour contester !

sachant que j'ai des caméras devant chez moi!

conclusion: pas de colis! mais ils savent débité",Trustpilot,2025-12-08T17:16:46.000Z,3.0,"to flee
I took advantage of Black Friday on the internet and in the end the package was delivered: delivered even though I had nothing

gls incapable they tell me parcel delivered contact kiko to dispute!

knowing that I have cameras in front of my house!

conclusion: no package! but they know how to debit",3.0,Neutral/Positive
Kiko Milano General,"quality of the product is good but i thought i was going to get some extra free items for the black friday and nothing happened.
i have got in touch with no response 
very disappointed",Trustpilot,2025-12-08T15:22:41.000Z,3.0,"quality of the product is good but i thought i was going to get some extra free items for the black friday and nothing happened.
i have got in touch with no response 
very disappointed",3.0,Customer Service Threat
Kiko Milano General,"je vois que je ne suis pas la seul à avoir eu ce problème 
colis indiqué comme livré dans la boîte aux lettres car j’ai demandé une livraison à domicile
alors que je n'ai rien reçu. 
j'ai contacté gls, qui me dise de contacter l'expéditeur. 
kiko me dit que le colis est livré et me donne une preuve de livraison avec une signature qui n'est pas la mienne ! 
je n'a pas mon colis et je n'ai pas été reboursé non plus
service client déplorable, à fuir!",Trustpilot,2025-12-08T13:13:30.000Z,3.0,"I see I'm not the only one who had this problem. 
package indicated as delivered in the mailbox because I requested home delivery
even though I received nothing. 
I contacted gls, who told me to contact the sender. 
kiko tells me that the package is delivered and gives me proof of delivery with a signature that is not mine! 
I don't have my package and I haven't been refunded either
Deplorable customer service, avoid!",3.0,Neutral/Positive
Kiko Milano General,"buonasera, sono a segnalare la totale  non disponibilità da parte del personale di vendita del punto vendita di lonato del garda c/o il centro commerciabile il leone. nonostante fossimo nei tempi di legge e nonostante il prodotto fosse integro, si sono rifiutate di sostituire il prodotto, insinuando che fosse stato usato! preciso che il prodotto da sostituire era un gloss, era stato chiesto trasparente e per un errore della commessa di turno mi è stato dato un altro colore! io ho sicuramente sbagliato nel non verificare immediatamente il colore! sconsiglio fortemente il punto vendita sia per la maleducazione ed inesperienza ma anche per la totale maleducazione ed arroganza! a mai più",Trustpilot,2025-12-06T20:04:29.000Z,3.0,"Good evening, I would like to point out the total unavailability of the sales staff at the Lonato del Garda store c/o the Il Leone shopping centre. even though we were within the legal deadline and even though the product was intact, they refused to replace the product, insinuating that it had been used! I point out that the product to be replaced was a gloss, I had asked for transparent and due to an error by the sales assistant on duty I was given another colour! I definitely made a mistake in not checking the color immediately! I strongly advise against the store both for its rudeness and inexperience but also for its total rudeness and arrogance! never again",3.0,Neutral/Positive
Kiko Milano General,merce mai consegnata con amazon shipping. notifica di consegna ma pacco non pervenuto. impossibile ottenere una risposta da parte del servizio clienti,Trustpilot,2025-12-05T18:37:11.000Z,3.0,goods never delivered with Amazon shipping. delivery notification but package not received. Impossible to get a response from customer service,3.0,Neutral/Positive
Kiko Milano General,"sull'azienda non posso dire niente però migliorare la ricerca del personale
la commessa del negozio di montecatini terme è molto indisponente",Trustpilot,2025-12-04T19:58:01.000Z,3.0,"I can't say anything about the company but improve the search for personnel
the shop assistant in Montecatini Terme is very irritating",3.0,Neutral/Positive
Kiko Milano General,"très mauvaise expérience 
profitez des black friday sur internet et au final statue du colis : livré alors qu’il n’y a rien dans la boîte aux lettres car j’ai demandé une livraison à domicile 
gls incapable de dire où il est font attendre 15min au téléphone pour rien 

conclusion: pas de colis livré quelque part et personne peut me dire où 

réclamation faite",Trustpilot,2025-12-04T14:46:59.000Z,3.0,"very bad experience 
take advantage of Black Friday on the internet and in the end the package is delivered: delivered even though there is nothing in the mailbox because I requested home delivery 
gls unable to say where he is makes him wait 15 minutes on the phone for nothing 

conclusion: no package delivered anywhere and no one can tell me where 

claim made",3.0,Neutral/Positive
Kiko Milano General,"kiko nijmegen
personeel is zo absurd lelijk opgemaakt dat ze een negatieve invloed hebben op de verkoop.
lijkt me niet de bedoeling.",Trustpilot,2025-12-03T19:51:52.000Z,3.0,"kiko nijmegen
staff are made up in such an absurdly ugly way that they have a negative impact on sales.
I don't think that's the intention.",3.0,Neutral/Positive
Kiko Milano General,"buongiorno, oggi mi sono recata da kiko nel centro commerciale di giussano, ho conosciuto martina a., sono rimasta piacevole sorpresa, una commessa che tutti vorrebbero incontrare, professionale, gentile, solare è stato un piacere fare acquisti!!! complimenti alla persona che l’ha assunta. grazie ancora martina sono certa che avrai tante soddisfazioni a livello professionale e non solo perché il tuo è il giusto approccio alla vita!!! complimenti anche ai tuoi genitori…viviana",Trustpilot,2025-12-03T16:01:54.000Z,3.0,"good morning, today I went to Kiko in the Giussano shopping centre, I met Martina A., I was pleasantly surprised, a shop assistant that everyone would like to meet, professional, kind, cheerful, it was a pleasure to shop!!! Congratulations to the person who hired her. thanks again martina I am sure that you will have a lot of satisfaction on a professional level and not only because yours is the right approach to life!!! congratulations also to your parents…viviana",3.0,Neutral/Positive
Kiko Milano General,"⭐ 0/5 - saarbrücken sold incomplete black friday kits! ""snow-kissed holiday mountain buddies mak"" (ref. kc000001186001b, receipt 1092-36340).

3+3 promo: paid 3 kits (€62.97), got 3 free but all missing mascara (only lipsticks)!

**extremely disappointed** with kiko. **alert**: check gift kits at purchase - scammy to receive less than promised!

luxembourg stores refuse help. travel tomorrow. gifts destroyed! #kikoscam",Trustpilot,2025-12-03T09:51:29.000Z,3.0,"⭐ 0/5 - saarbrücken sold incomplete black friday kits! ""snow-kissed holiday mountain buddies mak"" (ref. kc000001186001b, receipt 1092-36340).

3+3 promo: paid 3 kits (€62.97), got 3 free but all missing mascara (only lipsticks)!

**extremely disappointed** with kiko. **alert**: check gift kits at purchase - scammy to receive less than promised!

luxembourg stores refuse help. travel tomorrow. gifts destroyed! #kikoscam",3.0,Fraud & Scam Threat
Kiko Milano General,"ayer fui a la tienda del cc aljub y compré varios productos.uno de ellos el unlimited doble touch.cuando elegi el color que me gustó,le pedí a una de las dependientas que me diera el color correspondiente porque en el tester el número estaba borrado.me dio uno y yo me fié de ella porque suponía que sabía que color era.cuando llegue a casa lo abrí y no era el color que yo había elegido.he ido esta tarde a cambiarlo y me han dicho que como esta abierto no me lo pueden cambiar por normas de higiene.yo le he dicho que eso lo entiendo pero que el error es de ellas y lo tienen que subsanar.me ha dicho que ""el color se ve perfectamente por fuera y que un error lo puede tener cualquiera"".¡claro que un error lo puede tener cualquiera!,pero yo cuando cometo un error en mi trabajo,lo arreglo yo y no se lo hago pagar a la clienta.y el color no se ve perfectamente por fuera,eso lo primero,y lo segundo es que yo iba confiada de que la chica me había dado mi color y lógicamente no me puse a revisarlo.fue al abrirlo cuando me di cuenta y por supuestisimo que no lo usé.entiendo las normas de higiene,pero coges mi labial,lo tiras a la basura y me das el que yo había supuestamente comprado.que cada vez que voy,tanto al aljub como a la zenia,me dejo un dineral.que esa es otra,que no se verá reflejado todo lo que compro,porque hasta ayer se ve que no habían tenido a bien hacerme ficha.muy descontenta y muy enfadada. desde luego que no voy a volver a comprar en estas tiendas.",Trustpilot,2025-12-01T10:47:15.000Z,3.0,"Yesterday I went to the CC Aljub store and bought several products. One of them was the unlimited double touch. When I chose the color I liked, I asked one of the shop assistants to give me the corresponding color because the number was erased on the tester. She gave me one and I trusted her because I assumed she knew what color it was. When I got home I opened it and it was not the color I had chosen. I went this afternoon to change it and they told me that since it is open they cannot change it due to rules of hygiene. I told her that I understand that but that the mistake is theirs and they have to correct it. She told me that ""the color looks perfectly on the outside and that anyone can make a mistake."" Of course anyone can make a mistake! But when I make a mistake in my work, I fix it myself and I don't make the client pay for it. And the color doesn't look perfect on the outside, that's the first thing, and the second thing is that I was confident that the girl had given me my color and Logically, I didn't start to review it. It was when I opened it that I realized and of course I didn't use it. I understand the hygiene rules, but you take my lipstick, throw it in the trash and give me the one that I had supposedly bought. Every time I go, both to the aljub and to the zenia, I leave a fortune. That's another thing, that not everything I buy will be reflected, because until yesterday it was clear that they had not seen fit to make me tab.very dissatisfied and very angry. I certainly won't buy from these stores again.",3.0,Health & Safety Threat
Kiko Milano General,"i had the worst customer service experience i’ve ever had in kiko today. after buying 7 products i wanted to return an £8 makeup remover after not realising the price. i didn’t think it was a big deal as it wasn’t part of the 3-for-3 deal. the manager was unnecessarily rude after i asked politely and refused the refund, claiming it was ‘opened,’ even though i had just bought two brand-new bottles from the shelf and paid with the sales assistant next to her minutes before. i was met with dirty looks from her and the assistant at the till and was spoken down to for no reason. the situation left me feeling really uncomfortable do not recommended.",Trustpilot,2025-11-30T19:32:54.000Z,3.0,"i had the worst customer service experience i’ve ever had in kiko today. after buying 7 products i wanted to return an £8 makeup remover after not realising the price. i didn’t think it was a big deal as it wasn’t part of the 3-for-3 deal. the manager was unnecessarily rude after i asked politely and refused the refund, claiming it was ‘opened,’ even though i had just bought two brand-new bottles from the shelf and paid with the sales assistant next to her minutes before. i was met with dirty looks from her and the assistant at the till and was spoken down to for no reason. the situation left me feeling really uncomfortable do not recommended.",3.0,Neutral/Positive
Kiko Milano General,"utilizzo i prodotti kiko da quando è sbarcato a palermo . mi sono sempre trovata benissimo con tutti i prodotti dal mascara alle matite a tutti i prodotti . utilizzo un fondotinta che già da un anno sono riuscita a trovare  con grande difficoltà … perché il colore warm rose 50 è andato fuori produzione . premetto che sono sempre seguita dalla filiale di via ruggero settimo gestito da ragazze favolose ma la mia prediletta è una bellissima ragazza antonella ferrante .ho cercato ovunque questo fondotinta ma niente nessuno ne aveva più . 
oggi mi trovavo da kiko al conca d’oro ed entro perché convinta di dover scegliere un altro fondotinta ma una ragazza carinissima di nome maria elena ascoltandomi … ha voluto approfondire la sua ricerca in magazzino e udite udite ha trovato una scatola intera che ovviamente approfittando del 3+3 ho preso immediatamente . devo dire che kiko seleziona del personale molto efficiente preparato e soprattutto che lavora con amore seguendo noi clienti",Trustpilot,2025-11-30T19:25:20.000Z,3.0,"I have been using Kiko products since it landed in Palermo. I have always had a great time with all the products from mascara to pencils to all the products. I've been using a foundation that I've been able to find with great difficulty for a year now... because the color warm rose 50 has gone out of production. I'll start by saying that I'm always followed by the branch in Via Ruggero Settimo run by fabulous girls but my favorite is a beautiful girl Antonella Ferrante. I looked everywhere for this foundation but no one had any anymore. 
Today I was at Kiko at Conca d'Oro and I went in because I was convinced I had to choose another foundation but a very cute girl named Maria Elena was listening to me... she wanted to deepen her research in the warehouse and unbelievable she found a whole box which obviously taking advantage of the 3+3 I took immediately. I must say that Kiko selects very efficient and well-trained staff who above all work with love following us customers",3.0,Neutral/Positive
Kiko Milano General,the staff alice at arndell centre manchester is really nice and explain really patiently. really good shopping experience!,Trustpilot,2025-11-30T16:48:44.000Z,3.0,the staff alice at arndell centre manchester is really nice and explain really patiently. really good shopping experience!,3.0,Neutral/Positive
Kiko Milano General,"centro commerciale cuore adriatico di civitanova marche.
sono andata con delle amiche a comprare dei regali di natale sfruttando la promozione 3 + 3. ho preso un gloss double touch: non l'ho controllato perché 1 ho preso quello dietro al tester del colore che mi interessava (era mischiato), 2 perché era un regalo a sopresa per una mia amica che stava lì con me. quando sono arrivata a casa mi sono accorta che era di un colore diverso, e quando il giorno dopo sono andata a ricambiarlo con lo scontrino, mi è stato detto che non era possibile, a meno che non cambiassi tutti e sei i prodotti della promozione. ciò però non era possibile perché gli altri prodotti dei sei li avevano le mie amiche che appunto li avevano acquistati per fare altri regali. io dovevo solo cambiare il colore dello stesso prodotto, ma non mi è stato concesso.",Trustpilot,2025-11-30T12:32:53.000Z,3.0,"Adriatic heart shopping center of Civitanova Marche.
I went with some friends to buy some Christmas gifts using the 3 + 3 promotion. I got a double touch gloss: I didn't check it because 1 I got the one behind the tester of the color I was interested in (it was mixed), 2 because it was a surprise gift for a friend of mine who was staying there with me. when I got home I realized that it was a different colour, and when the next day I went to exchange it with the receipt, I was told that it wasn't possible unless I changed all six products in the promotion. however, this was not possible because the other products of the six were owned by my friends who had purchased them to give other gifts. I just had to change the color of the same product, but I wasn't allowed to.",3.0,Neutral/Positive
Kiko Milano General,"je me suis rendue cet après midi dans la boutique de bdx lac, aucunes conseillères ne dit bonjour, ne viens vous demander si vous avez besoin d’un conseil. lorsque vous demander quelque chose elle ne se souvient pas de ce que vous lui avez demander. aucun sourire sur aucunes conseillères, aucune amabilité, elles ne savent pas conseillé les clientes et le stock est lamentablement vide pour un week-end de black friday.  malheureusement en parlant avec des dames nous avons fait le même constat. des jeunes filles sans expérience, sans le respect de la cliente et de la vente. c’est décevant  et ce manque de professionnalisme est déplorable pour une enseignante de cosmétique où il y a service à la cliente. je ne ferais pas l’éloge bienveillant sur cette boutique où ce personnel n’a pas sa place ou le sourire doit être sur tous les visages ainsi que la politesse, la base du commerce. à fuir",Trustpilot,2025-11-28T19:19:53.000Z,3.0,"I went to the bdx lac boutique this afternoon, none of the advisors say hello, don't come and ask if you need advice. When you ask something she doesn't remember what you asked her. no smile on any of the advisors, no friendliness, they don't know how to advise customers and the stock is pitifully empty for a Black Friday weekend.  unfortunately when speaking with ladies we made the same observation. young girls with no experience, no respect for customers and sales. It’s disappointing and this lack of professionalism is deplorable for a cosmetics teacher where there is customer service. I would not praise this store where this staff has no place where a smile must be on everyone's faces as well as politeness, the basis of commerce. to flee",3.0,Neutral/Positive
Kiko Milano General,bonjour je vais donner mon avis sur le magasin de kiko troyes ou te trouver d bonnes accueille et bonnes expériences de vendeuse clémentine qui c'est occuper bien des clients   je  v le remercie  plus sont accueillante plus ta envie de retourner.,Trustpilot,2025-11-28T17:52:11.000Z,3.0,hello I am going to give my opinion on the store of kiko troyes where to find you good welcome and good experiences of saleswoman Clementine who takes care of many customers I thank you the more welcoming the more your desire to return.,3.0,Neutral/Positive
Kiko Milano General,"i bought online order from them.. three items were open and two were slightly damaged but one was completely damaged . i tried to return online but it didn't allow me and then i had to email the customer service through online form.. they then replied weeks later telling me that i never bought this order online and was bought in shop so go and return in the shop .. i can't believe they actually said that when i have all the proof of buying online and emails confirmations and my online account.  i want to copy paste their email here fpr other to he aware and never ever buy from them because uf you receive a damaged item your money went in the bin..  thats the email i received from them 
dear kaneez,

thank you for contacting us.

regarding your request 01568433, related to order 93758447 , we do apologize for any delay or inconvenience and we inform you that your purchase was made on november 11 in store not online. so the online return process won't work, it is made only for online order.
you have 30 days to return the article in the store.
if they are some problems to do that you can sent us the pictures of the invoice, and the references of the item you want to return,

we remain available and thank you for choosing kiko milano.

we wish you a lovely day,

guillaume





and my order online proof is here

logo
dear kaneez,

your order has been confirmed!

thank you for your purchase!

purchase n. 93758457

items	
22 items

247.28 gbp

date	
possible expected delivery date

21 nov 2025

status: confirmed

confirmed	in preparation	shipped	delivered
having a second thought and wish to cancel your entire order?
you can do so within the next 30 minutes until: 16 nov 2025 09:25

cancel the order

we confirm that your order has been correctly received and that our teams are doing their best to send it to you as soon as possible.

once your order is shipped, we will email you a tracking number and a link to follow the delivery.

please note that the estimated delivery date may change due to factors such as sales, promotions, and other unforeseen circumstances. for the most up-to-date information, please check the track your order link.

purchase details can be retrieved on the order page.

check your order online
your products (22)

	
deep black kajal (1)


10.49 gbp

	
jelly stylo 507 (1)

507 hibiscus

11.99 gbp

	
jelly stylo 511 (1)

511 fuchsia

11.99 gbp

	
everlasting kajal (1)


10.49 gbp

	
ultimate pen waterproof eyeliner (1)


11.49 gbp

	
glitter eyeliner 01 (1)

01 multicolour

10.99 gbp

	
full coverage 2-in-1 foundation & concealer 03 - cr 20 (1)

cr20 cool rose

20.99 gbp

	
3d hydra lip stylo 07 (1)

07 amalfi

12.99 gbp

	
3d hydra lip stylo 02 (1)

02 peanut better

12.99 gbp

	
3d hydra lip stylo 14 (1)

14 cherry on top

12.99 gbp

	
3d hydra lip stylo 11 (1)

11 taste me

12.99 gbp

	
3d hydra lip stylo 16 (1)

16 prêt-à-porter

12.99 gbp

	
bright lift mask (1)


9.99 gbp

	
energizing face mask (1)


3.99 gbp

	
antifatigue face mask (1)


3.99 gbp

	
hydrating face mask (1)


3.99 gbp

	
moisturizing jelly mask (1)


9.99 gbp

	
lumiverse glowmelt blush 03 (1)

03 rosy quartz

12.99 gbp

	
sun protection fluid spf 50 (1)


24.99 gbp

	
creamy colour comfort lip liner 06 (1)

06 mauve

7.99 gbp

	
creamy colour comfort lip liner 15 (1)

15 raspberry

7.99 gbp

	
creamy colour comfort lip liner 17 (1)

17 papaya

7.99 gbp

subtotal

247.28 gbp

promo

0.00 gbp

shipping to: united kingdom

0.00 gbp

total

247.28 gbp

your shipping info

icon shipping address

kaneez niazi 

united kingdom



+44 **********

icon shipping method

standard carrier

your billing & payment info

icon billing address

kaneez niazi




united kingdom 


+44 0********

icon payment method

paypal

please 

your kiko milano team

need help? our customer care team is there for you! go to help center

logo
free shipping from £30

be rewarded
your loyalty is rewarded

easy return
easy returns in 30 days



© kiko uk limited - mutual house, 70 conduit street, mayfair, london. vat number: gb 111 10 99 68
i removed my address but it shows how their customer service negligence is .
scammers",Trustpilot,2025-11-28T10:59:35.000Z,3.0,"i bought online order from them.. three items were open and two were slightly damaged but one was completely damaged . i tried to return online but it didn't allow me and then i had to email the customer service through online form.. they then replied weeks later telling me that i never bought this order online and was bought in shop so go and return in the shop .. i can't believe they actually said that when i have all the proof of buying online and emails confirmations and my online account.  i want to copy paste their email here fpr other to he aware and never ever buy from them because uf you receive a damaged item your money went in the bin..  thats the email i received from them 
dear kaneez,

thank you for contacting us.

regarding your request 01568433, related to order 93758447 , we do apologize for any delay or inconvenience and we inform you that your purchase was made on november 11 in store not online. so the online return process won't work, it is made only for online order.
you have 30 days to return the article in the store.
if they are some problems to do that you can sent us the pictures of the invoice, and the references of the item you want to return,

we remain available and thank you for choosing kiko milano.

we wish you a lovely day,

guillaume





and my order online proof is here

logo
dear kaneez,

your order has been confirmed!

thank you for your purchase!

purchase n. 93758457

items	
22 items

247.28 gbp

date	
possible expected delivery date

21 nov 2025

status: confirmed

confirmed	in preparation	shipped	delivered
having a second thought and wish to cancel your entire order?
you can do so within the next 30 minutes until: 16 nov 2025 09:25

cancel the order

we confirm that your order has been correctly received and that our teams are doing their best to send it to you as soon as possible.

once your order is shipped, we will email you a tracking number and a link to follow the delivery.

please note that the estimated delivery date may change due to factors such as sales, promotions, and other unforeseen circumstances. for the most up-to-date information, please check the track your order link.

purchase details can be retrieved on the order page.

check your order online
your products (22)

	
deep black kajal (1)


10.49 gbp

	
jelly stylo 507 (1)

507 hibiscus

11.99 gbp

	
jelly stylo 511 (1)

511 fuchsia

11.99 gbp

	
everlasting kajal (1)


10.49 gbp

	
ultimate pen waterproof eyeliner (1)


11.49 gbp

	
glitter eyeliner 01 (1)

01 multicolour

10.99 gbp

	
full coverage 2-in-1 foundation & concealer 03 - cr 20 (1)

cr20 cool rose

20.99 gbp

	
3d hydra lip stylo 07 (1)

07 amalfi

12.99 gbp

	
3d hydra lip stylo 02 (1)

02 peanut better

12.99 gbp

	
3d hydra lip stylo 14 (1)

14 cherry on top

12.99 gbp

	
3d hydra lip stylo 11 (1)

11 taste me

12.99 gbp

	
3d hydra lip stylo 16 (1)

16 prêt-à-porter

12.99 gbp

	
bright lift mask (1)


9.99 gbp

	
energizing face mask (1)


3.99 gbp

	
antifatigue face mask (1)


3.99 gbp

	
hydrating face mask (1)


3.99 gbp

	
moisturizing jelly mask (1)


9.99 gbp

	
lumiverse glowmelt blush 03 (1)

03 rosy quartz

12.99 gbp

	
sun protection fluid spf 50 (1)


24.99 gbp

	
creamy colour comfort lip liner 06 (1)

06 mauve

7.99 gbp

	
creamy colour comfort lip liner 15 (1)

15 raspberry

7.99 gbp

	
creamy colour comfort lip liner 17 (1)

17 papaya

7.99 gbp

subtotal

247.28 gbp

promo

0.00 gbp

shipping to: united kingdom

0.00 gbp

total

247.28 gbp

your shipping info

icon shipping address

kaneez niazi 

united kingdom



+44 **********

icon shipping method

standard carrier

your billing & payment info

icon billing address

kaneez niazi




united kingdom 


+44 0********

icon payment method

paypal

please 

your kiko milano team

need help? our customer care team is there for you! go to help center

logo
free shipping from £30

be rewarded
your loyalty is rewarded

easy return
easy returns in 30 days



© kiko uk limited - mutual house, 70 conduit street, mayfair, london. vat number: gb 111 10 99 68
i removed my address but it shows how their customer service negligence is .
scammers",3.0,Fraud & Scam Threat
Kiko Milano General,"ordine online. mi arrivano i messaggi da kiko e dal corriere della spedizione in transito. la mia spedizione inizialmente era stata affidata ad amazon shipping che poi ha affidato a poste. in data 19/11 mi arrivano tre mail differenti: spedizione in consegna nella giornata odierna, spedizione consegnata, spedizione in ritardo da amazon shipping. controllo il track e vedo che il pacco era in transito (non avevo ricevuto nulla a casa). in data 21/11 stessa scena. nuovamente nulla di consegnato. decido di scrivere ad amazon, poi poste, poi customer care di kiko. l’unica risposta arriva da amazon shipping che mi dice che spiace il disagio ma niente aiuto. dopo tre mail e l’ultima di minaccia di scrivere all’associazione dei consumatori mi risponde de kiko dicendo che in via eccezionale procederanno al rimborso. ovviamente ho aperto contestazione paypal. 
gli incidenti possono capitare ma almeno rispondere entro 24/48h invece si, sarebbe carino visto che ho pagato per prodotti che non mi sono arrivati. ho dovuto mandare tre mail con minacce e aprire una contestazione per ricevere dopo 24 ore dall’ultima mail una risposta. rimborso entro venti giorni lavorativi. vedremo",Trustpilot,2025-11-27T23:19:36.000Z,3.0,"online order. I receive messages from Kiko and from the courier of the shipment in transit. My shipment was initially entrusted to Amazon Shipping which then entrusted it to Poste. on 11/19 I received three different emails: shipment delivered today, shipment delivered, shipment delayed by Amazon shipping. I check the track and see that the package was in transit (I had not received anything at home). on 21/11 same scene. again nothing delivered. I decide to write to Amazon, then Poste, then Kiko customer care. the only response comes from Amazon Shipping who tells me they're sorry for the inconvenience but no help. after three emails and the last one threatening to write to the consumer association, de kiko replies saying that exceptionally they will proceed with the refund. obviously I opened a PayPal dispute. 
accidents can happen but at least respond within 24/48 hours but yes, it would be nice since I paid for products that didn't arrive. I had to send three threatening emails and open a dispute to receive a response 24 hours after the last email. refund within twenty working days. We will see",3.0,Neutral/Positive
Kiko Milano General,"absolutely shocking experience at this kiko store.
i visited with my daughter, who has special needs, and the staff member (name sounded like ede) was incredibly rude to both of us. instead of showing any patience or understanding, she spoke to us with an awful attitude. what made it even worse was that the manager also called my daughter rude — completely unacceptable and unbelievably unprofessional.

my daughter and i left the store feeling humiliated and disrespected. i walked out without buying anything because of how we were treated. no customer should ever be spoken to like that, especially a child with additional needs.

this behaviour needs to be addressed by a higher manager or area manager immediately. i will not be returning until the staff receive proper training on how to treat customers with basic respect.",Trustpilot,2025-11-27T01:35:21.000Z,3.0,"absolutely shocking experience at this kiko store.
i visited with my daughter, who has special needs, and the staff member (name sounded like ede) was incredibly rude to both of us. instead of showing any patience or understanding, she spoke to us with an awful attitude. what made it even worse was that the manager also called my daughter rude — completely unacceptable and unbelievably unprofessional.

my daughter and i left the store feeling humiliated and disrespected. i walked out without buying anything because of how we were treated. no customer should ever be spoken to like that, especially a child with additional needs.

this behaviour needs to be addressed by a higher manager or area manager immediately. i will not be returning until the staff receive proper training on how to treat customers with basic respect.",3.0,Neutral/Positive
Kiko Milano General,"i went to kiko in westfield stratford and the security guard wouldn't let me in because i had my baby in the stroller. 
so if you have a baby you are not welcome to kiko westfield!",Trustpilot,2025-11-26T19:37:37.000Z,3.0,"i went to kiko in westfield stratford and the security guard wouldn't let me in because i had my baby in the stroller. 
so if you have a baby you are not welcome to kiko westfield!",3.0,Neutral/Positive
Kiko Milano General,"good product quality but terrible organisation and costume service, last year my black friday order was damaged in the way and they cancelled it, never received and they refunded. i wanted it
this year again, i bought 6 items and received only 5, they should make any black friday offer if they can’t handle it. every time more disappointed",Trustpilot,2025-11-26T17:37:00.000Z,3.0,"good product quality but terrible organisation and costume service, last year my black friday order was damaged in the way and they cancelled it, never received and they refunded. i wanted it
this year again, i bought 6 items and received only 5, they should make any black friday offer if they can’t handle it. every time more disappointed",3.0,Product Quality Threat
Kiko Milano General,"sono rimasta profondamente delusa da questo sito. oltre al fatto che inizialmente si affermava che la consegna sarebbe giunta in 2/3 giorni, sono passate quasi due settimane dal mio ordine che non è mai arrivato, e inoltre dice che la consegna è avvenuta anche se non è arrivato nulla. tuttavia ovviamente i soldi sono stati presi...ma io non ho ricevuto nulla.
mi dispiace molto poiché adoro i loro prodotti, però sono notevolmente irrispettosi nei confronti dei clienti.",Trustpilot,2025-11-26T11:53:12.000Z,3.0,"I was deeply disappointed by this site. in addition to the fact that it initially stated that the delivery would arrive in 2/3 days, almost two weeks have passed since my order never arrived, and it also says that the delivery took place even if nothing arrived. however obviously the money was taken...but I received nothing.
I'm very sorry because I love their products, but they are noticeably disrespectful towards customers.",3.0,Fraud & Scam Threat
Kiko Milano General,"sono una cliente di kiko del centro commerciale porto grande di porto d' ascoli perché c'è la straordinaria lucia che non appena entri nel negozio,ti accoglie con un grande sorriso e si prende subito cura di te. e' palpabile la passione che ci mette nel suo lavoro,ti prende a cuore e ti consiglia il meglio per il tuo tipo di pelle,per il tuo colorito,ti prova i prodotti affinché tu, cliente,sia poi soddisfatta al 1000 x1000 degli acquisti fatti. mi faccio 40 km da casa per raggiungere kiko, sebbene ne abbia di altri punti vendita vicini a casa. ma sono le persone che fanno la differenza e lucia fa la differenza!!! sono contenta che ora sia storie mng. si merita il meglio e molto di più!!!",Trustpilot,2025-11-26T10:47:39.000Z,3.0,"I am a Kiko customer from the Porto Grande shopping center in Porto d'Ascoli because there is the extraordinary Lucia who as soon as you enter the shop, welcomes you with a big smile and immediately takes care of you. The passion he puts into his work is palpable, he takes you to heart and recommends the best for your skin type, for your complexion, he tests the products so that you, the customer, are then 1000 x1000 satisfied with the purchases made. I travel 40 km from home to reach Kiko, although it has other outlets close to home. but it's the people who make the difference and Lucia makes the difference!!! I'm glad it's mng stories now. you deserve the best and much more!!!",3.0,Neutral/Positive
Kiko Milano General,"ho fatto un ordine sul sito della kiko. la spedizione era stata spedita ad amazon shipping.
ho ricevuto una mail che diceva che il prodotto era stato consegnato. ero in casa, nessuno aveva suonato al campanello, sono scesa subito a vedere se lo avevano lasciato nelle scale come a volte capita. non c'era niente.
ho contattato amazon shipping e mi hanno detto che aprivano una segnalazione al corriere e se entro due giorni non c'era riscontro, passavano la segnalazione a kiko.
il servizio clienti kiko non ha un numero italiano da contattare, già questo denota poca serietà.
ho compilato già da giorni il form sul loro sito e ho mandato una mail, al momento nessuna risposta. 
neanche da dire che non comprerò più nulla neanche in negozio.",Trustpilot,2025-11-24T10:30:25.000Z,3.0,"I placed an order on the Kiko website. the shipment was sent to Amazon shipping.
I received an email saying the product had been delivered. I was at home, no one had rang the doorbell, I immediately went down to see if they had left it in the stairs as sometimes happens. there was nothing.
I contacted Amazon Shipping and they told me that they would open a report to the courier and if there was no response within two days, they would pass the report on to Kiko.
Kiko customer service does not have an Italian number to contact, this in itself denotes a lack of seriousness.
I filled out the form on their site a few days ago and sent an email, so far no response. 
not even to say that I will never buy anything in the store again.",3.0,Customer Service Threat
Kiko Milano General,"bonjour je suis une cliente fidéle de tous les magasins de kiko sur lyon mais la parlons de l accueil de sana vendeuse a kiko ""part dieu"" : black friday hier un monde de fou mais j ai l accueil l écoute et le choix visé des produits elle a su me satisfaire en gardant un sourire tout le long! y en a pas souvent des comme ça ! o top merci sana",Trustpilot,2025-11-23T15:47:32.000Z,3.0,"hello I am a loyal customer of all the Kiko stores in Lyon but let's talk about the welcome of Sana saleswoman at Kiko ""part Dieu"": black Friday yesterday a crazy world but I have the welcome the listening and the targeted choice of products she knew how to satisfy me by keeping a smile all the way! There aren't often ones like that! o top thank you sana",3.0,Neutral/Positive
Kiko Milano General,"mein besuch im kiko-milano-store in düsseldorf war leider ein klarer tiefpunkt in sachen kundenservice. ich wollte drei artikel aus einer online-bestellung zurückgeben – etwas, das laut kiko-richtlinien problemlos möglich sein sollte. die zuständige mitarbeiterin zeigte jedoch von beginn an ein ausgesprochen unfreundliches, abweisendes und wenig professionelles verhalten.

sie bestand ausschließlich auf einem qr-code, der trotz korrekt durchgeführtem rückgabeprozess überhaupt nicht generiert wurde. anstatt sich dem problem anzunehmen oder eine alternative lösung zu suchen, wirkte sie sichtlich genervt, dauerhaft mit ihrem handy beschäftigt und offenbar primär daran interessiert, mich so schnell wie möglich wieder loszuwerden. die schlechte internetverbindung im store machte es zusätzlich unmöglich, meine unterlagen erneut abzurufen.

am ende verließ ich den store ohne jegliche unterstützung und mit dem eindruck, dass kund:innen hier eher abgefertigt als beraten werden. ein solches verhalten ist für eine internationale marke wie kiko milano absolut inakzeptabel und untergräbt das vertrauen in den gesamten kundenservice.

ich kann diesen store aufgrund meiner erfahrung derzeit nicht weiterempfehlen.",Trustpilot,2025-11-21T20:59:22.000Z,3.0,"Unfortunately, my visit to the Kiko Milano store in Düsseldorf was a clear low point in terms of customer service. I wanted to return three items from an online order - something that according to Kiko guidelines should be possible without any problems. However, the employee in charge showed extremely unfriendly, dismissive and unprofessional behavior from the start.

She insisted solely on a QR code, which was not generated at all despite the return process being carried out correctly. Instead of addressing the problem or looking for an alternative solution, she seemed visibly annoyed, constantly busy with her cell phone and obviously primarily interested in getting rid of me as quickly as possible. The poor internet connection in the store also made it impossible to access my documents again.

In the end, I left the store without any support and with the impression that customers were being processed here rather than advised. Such behavior is absolutely unacceptable for an international brand like Kiko Milano and undermines trust in the entire customer service.

Based on my experience, I cannot recommend this store at the moment.",3.0,Neutral/Positive
Kiko Milano General,"kiko era conosciuto per essere un brand italiano a prezzi competitivi, per consentire alle persone di avvicinarsi al makeup senza spendere una fortuna. 
ad oggi tale mission non esiste più. i prezzi hanno assunto rincari vertiginosi, e se alcuni prodotti mi soddisfacevano sono ormai costretta a rinunciarvi.
le promo sono uno specchio per allodole: solo se compri 4 (con il 3+1) o 6 (con il 3+3) articoli hai diritto a scontistiche. e se io mi trucco poco e necessito solo di un paio di cose?",Trustpilot,2025-11-19T17:17:45.000Z,3.0,"kiko was known for being an Italian brand with competitive prices, to allow people to approach makeup without spending a fortune. 
today this mission no longer exists. prices have risen dramatically, and if some products satisfied me I am now forced to give them up.
the promos are a decoy: only if you buy 4 (with the 3+1) or 6 (with the 3+3) items you are entitled to discounts. What if I wear little makeup and only need a couple of things?",3.0,Neutral/Positive
Kiko Milano General,"i visited the grafton st store earlier today to kick off the christmas shopping!
i bought a few products for my daughter, too many to choose from!
i found the beauty advisor lucy,  who served me to be friendly and pleasant to deal with, and 
who gave great advice!",Trustpilot,2025-11-18T01:03:54.000Z,3.0,"i visited the grafton st store earlier today to kick off the christmas shopping!
i bought a few products for my daughter, too many to choose from!
i found the beauty advisor lucy,  who served me to be friendly and pleasant to deal with, and 
who gave great advice!",3.0,Neutral/Positive
Kiko Milano General,"i have emailed, tried to complain via the website. i have a faulty product and short of travelling 70 mile round trip to the shop i purchased it in, i have no other recourse.  please kiko - it wasn't cheap, it doesn't work and your website should give me an avenue to communicate with you on this subject!",Trustpilot,2025-11-16T18:34:03.000Z,3.0,"i have emailed, tried to complain via the website. i have a faulty product and short of travelling 70 mile round trip to the shop i purchased it in, i have no other recourse.  please kiko - it wasn't cheap, it doesn't work and your website should give me an avenue to communicate with you on this subject!",3.0,Neutral/Positive
Kiko Milano General,"vorrei segnalare la poca correttezza di questa azienda...
mia figlia di 13 anni trova una gift card regalatale in passato ma senza ricordare di preciso in quale occasione e quando e poiché sulla card non c'è scritta nessuna data né di acquisto né di scadenza,ma solo un foglio di regolamento in cui si parla di validità di 1 anno,io stamattina 16/11/25 mi reco nel negozio di modena presso centro commerciale grande emilia a chiedere sia valore che data scadenza della suddetta gift card..
mi viene risposto che la card è scaduta giorno 4/11/25..quindi da ben 12 giorni!!!
alla mia richiesta di poter risolvere in qualche modo, perché la card aveva 50€ di valore mi viene risposto ""assolutamente no!!!""
allora faccio notare alle commesse e a tutti voi che nn è proprio corretto dare una scadenza che cmq non è specificata da nessuna parte sulla gift (io pur sapendo che vale un anno, nn posso sapere quando sia stata emessa se nn è scritto da nessuna parte data acquisto o scadenza!!!), incassando cmq dei soldi che una scadenza nn l'hanno..
la commessa mi risponde che loro i soldi nn li avrebbero ancora incassati..dimostrandosi pure molto incompetente..
ora,nn tanto per i 50€ ma è per dire che un'azienda si perda per tanto poco(ricordo inoltre che parliamo di scadenza da poco più di 10gg !!!) , dimostrando di essere nn proprio trasparente ,incassando soldi senza dare nessun prodotto.
non ci tornerò mai più e sicuramente la pubblicità non sarà positiva da parte mia...
peccato...",Trustpilot,2025-11-16T15:34:19.000Z,3.0,"I would like to point out the lack of correctness of this company...
my 13 year old daughter finds a gift card given to her in the past but without remembering exactly on which occasion and when and since there is no purchase or expiry date written on the card, but only a regulation sheet which talks about validity of 1 year, this morning 11/16/25 I go to the Modena shop at the Grande Emilia shopping center to ask for both the value and expiry date of the aforementioned gift card..
I was told that the card expired on 4/11/25...so 12 days ago!!!
to my request to be able to resolve it in some way, because the card had a value of €50, I was told ""absolutely not!!!""
then I point out to the sales assistants and to all of you that it is not really correct to give a deadline which is not specified anywhere on the gift (even though I know that it is valid for one year, I cannot know when it was issued if the date of purchase or expiry is not written anywhere!!!), still collecting money which does not have a deadline..
the sales assistant replies to me that they wouldn't have received the money yet.. also proving to be very incompetent..
now, not so much for the €50 but it is to say that a company loses itself for so little (I also remember that we are talking about expiry just over 10 days!!!), proving to be not exactly transparent, collecting money without giving any product.
I will never go back there again and the publicity will certainly not be positive on my part...
too bad...",3.0,Neutral/Positive
Kiko Milano General,"i worked at kiko milano and it was one of the most unpleasant job experiences i’ve ever had. since the current manager took over (she knows exactly who she is), the store’s environment completely changed for the worse. within less than a year, five girls left because of her behaviour. she constantly bullied and singled out staff, especially one colleague who was picked on purely because her makeup and style were different.

this manager made inappropriate and unprofessional comments, acted immaturely for someone in her position, and often gossiped about staff — even while they were working. it created an extremely toxic, uncomfortable, and tense atmosphere where no one felt safe or respected. for someone in her 40s, her behaviour was shockingly childish and unprofessional.

the area manager only made things worse by covering for her and refusing to address the bullying, even when several staff members raised concerns. hr doesn’t care either — you’re treated as disposable and easily replaceable, no matter how loyal or hardworking you are.

one staff member who had been with kiko for over three years left within a month of this manager arriving. two new hires also didn’t last — one immediately looked for another job and left as soon as she found one, and the other was led on for months, promised a permanent contract that never came, and eventually quit after being lied to repeatedly. also - she was originally a beauty advisor but got promoted to keyholder. she was not paid extra as she took on more responsibilities - but was also under age. there were two other girls who could have become keyholders but due to childish grudges the manager held - she decided to overwhelm this 17 year old girl with these responsibilities.

the only positive thing about the job was the rest of the team — genuinely lovely girls who tried to support one another through all the negativity. but even that couldn’t make up for the toxicity and lack of accountability at management level.",Trustpilot,2025-11-11T15:14:34.000Z,3.0,"i worked at kiko milano and it was one of the most unpleasant job experiences i’ve ever had. since the current manager took over (she knows exactly who she is), the store’s environment completely changed for the worse. within less than a year, five girls left because of her behaviour. she constantly bullied and singled out staff, especially one colleague who was picked on purely because her makeup and style were different.

this manager made inappropriate and unprofessional comments, acted immaturely for someone in her position, and often gossiped about staff — even while they were working. it created an extremely toxic, uncomfortable, and tense atmosphere where no one felt safe or respected. for someone in her 40s, her behaviour was shockingly childish and unprofessional.

the area manager only made things worse by covering for her and refusing to address the bullying, even when several staff members raised concerns. hr doesn’t care either — you’re treated as disposable and easily replaceable, no matter how loyal or hardworking you are.

one staff member who had been with kiko for over three years left within a month of this manager arriving. two new hires also didn’t last — one immediately looked for another job and left as soon as she found one, and the other was led on for months, promised a permanent contract that never came, and eventually quit after being lied to repeatedly. also - she was originally a beauty advisor but got promoted to keyholder. she was not paid extra as she took on more responsibilities - but was also under age. there were two other girls who could have become keyholders but due to childish grudges the manager held - she decided to overwhelm this 17 year old girl with these responsibilities.

the only positive thing about the job was the rest of the team — genuinely lovely girls who tried to support one another through all the negativity. but even that couldn’t make up for the toxicity and lack of accountability at management level.",3.0,Neutral/Positive
Kiko Milano General,"nul stjerne, fusk og ingen vare",Trustpilot,2025-11-10T17:46:34.000Z,3.0,"zero star, cheat and no item",3.0,Neutral/Positive
Kiko Milano General,ho fatto un ordine cone sempre impeccabile spedizione velocissima e prodotti fantastici,Trustpilot,2025-11-09T14:59:21.000Z,3.0,I placed an order with always impeccable fast shipping and fantastic products,3.0,Neutral/Positive
Kiko Milano General,"stamattina sono stata nel negozio kiko di via tuscolana a roma ed ho incontrato simona, la persona che vorremmo tutti incontrare in un negozio. simona mi ha seguito e mi ha saputo consigliare con gentilezza, cura per i dettagli e un sorriso costante e autentico. in un negozio dove si opta per la bellezza e cura della persona la disponibilità, l’autenticità  di chi ti segue e l’ empatia trovata sono elementi per me imprescindibili dal prodotto. e’ stato davvero un bel inizio di domenica. grazie",Trustpilot,2025-11-09T13:45:41.000Z,3.0,"This morning I was in the Kiko store in Via Tuscolana in Rome and I met Simona, the person we would all like to meet in a store. Simona followed me and was able to advise me with kindness, attention to detail and a constant and authentic smile. in a shop where you opt for beauty and personal care, the availability, authenticity of those who follow you and the empathy found are essential elements for me from the product. It was a really nice start to Sunday. Thank you",3.0,Neutral/Positive
Kiko Milano General,"acquistato  una matita con la mina ...1,5 cm era nel tappo...commessa stanca  .era domenica  e non aveva voglia piu di tanto di descrivere  i prodotti    prezzi salgono qualità  ...non  sembra",Trustpilot,2025-11-09T13:21:30.000Z,3.0,"purchased a pencil with lead...1.5 cm was in the cap...tired sales assistant.it was Sunday and she didn't really want to describe the products, prices are going up, quality...it doesn't seem like it",3.0,Neutral/Positive
Kiko Milano General,"i have always mentioned how amazing this company is but after my last purchase i wouldn’t even bother, i bought a lip gloss from trafford centre that seemed fine at first but after using it two times the whole lip applicator was melting the bristles have completely shedded off inside the gloss. after sending photos and a bank statement i was just told that this wasn’t enough and that i needed a receipt but who on earth keeps a receipt for a lip gloss.",Trustpilot,2025-11-05T22:38:46.000Z,3.0,"i have always mentioned how amazing this company is but after my last purchase i wouldn’t even bother, i bought a lip gloss from trafford centre that seemed fine at first but after using it two times the whole lip applicator was melting the bristles have completely shedded off inside the gloss. after sending photos and a bank statement i was just told that this wasn’t enough and that i needed a receipt but who on earth keeps a receipt for a lip gloss.",3.0,Neutral/Positive
Kiko Milano General,volevo complimentarmi con floriana la ragazza che lavora nel punto vendita di via assoro presso il centro commerciale la torre è una ragazza dolcissima disponibile e che sa consigliarti il meglio senza essere invadente o pensante come succede spesso in questi punti vendita consigliatissima,Trustpilot,2025-11-05T00:15:51.000Z,3.0,"I wanted to compliment Floriana, the girl who works in the store in Via Assoro at the La Torre shopping center. She is a very sweet and helpful girl who knows how to advise you on the best without being invasive or overthinking as often happens in these stores. Highly recommended.",3.0,Neutral/Positive
Kiko Milano General,"j’ai été renseigné par melissa 
pour l’achat d’un fond de teint mascara et blush. 
merci pour vos explications 
à bientôt",Trustpilot,2025-11-03T11:54:34.000Z,3.0,"I was informed by Melissa 
for the purchase of a mascara and blush foundation. 
thank you for your explanations 
see you soon",3.0,Neutral/Positive
Kiko Milano General,"trovo sempre gentilezza accoglienza e professionalità,prodotti di qualità a prezzi accessibili.",Trustpilot,2025-10-31T17:44:24.000Z,3.0,"I always find kindness, hospitality and professionalism, quality products at affordable prices.",3.0,Neutral/Positive
Kiko Milano General,"esperienza veramente negativa da kiko centro commerciale palladio vicenza ; sono cliente da molti anni e le commesse sono state sempre gentili,  ma oggi trovo una commessa nuova , che quando mi avvicino alla cassa per pagare , mi guarda in malo modo e mi dice "" prego ! mi prende i prodotti , mi chiede scocciata il mio indirizzo mail e mi chiede se voglio ricevere lo scontrino on line , alla fine mi saluta sempre con lo stesso stile incattivito. trovate commesse cordiali ,gentili , ed educate e non indisponenti per favore !",Trustpilot,2025-10-30T23:37:43.000Z,3.0,"really negative experience at kiko palladio vicenza shopping center; I have been a customer for many years and the sales assistants have always been kind, but today I find a new sales assistant, who when I approach the cash register to pay, looks at me in a bad way and says ""you're welcome! She'll take the products from me, she annoyedly asks me for my email address and asks me if I want to receive the receipt online, in the end she always greets me with the same naughty style. You'll find friendly, kind, polite and not irritating sales assistants please!",3.0,Neutral/Positive
Kiko Milano General,"en general, las experiencias en las tiendas kiko suelen ser decepcionantes: las dependientas son bastante antipáticas y parece que les molesta la presencia de los clientes.

en particular, tuve una experiencia muy desagradable en la tienda de calle de orense 14, madrid, donde una dependienta, de forma “muy amable”, me hizo notar que no estaba maquillada. me hizo sentir realmente incómoda.

al final solo compré la sombra de ojos que buscaba y me fui lo antes posible.
una experiencia muy poco profesional. no pienso volver nunca mas!",Trustpilot,2025-10-29T21:07:05.000Z,3.0,"In general, experiences in kiko stores are usually disappointing: the shop assistants are quite unfriendly and seem to be bothered by the presence of customers.

In particular, I had a very unpleasant experience in the store on Calle de Orense 14, Madrid, where a saleswoman, in a “very kind” way, pointed out to me that I was not wearing makeup. It made me feel really uncomfortable.

In the end I only bought the eyeshadow I was looking for and left as soon as possible.
a very unprofessional experience. I'm never going back again!",3.0,Neutral/Positive
Kiko Milano General,they don’t even deserve a star. i’m still waiting for my order. where is it? worst company ever…it was a mistake ordering from them.,Trustpilot,2025-10-27T02:29:41.000Z,3.0,they don’t even deserve a star. i’m still waiting for my order. where is it? worst company ever…it was a mistake ordering from them.,3.0,Neutral/Positive
Kiko Milano General,"hola, se equivocaron con la dirección de mi pedido online, lo han enviado a otra dirección, he intentado contactar con ellos, ...con capturas de pantalla que demuestran que no fue error mío, pero nadie me contesta y he utilizado todas las opciones,  a traves de la web...email...pero nadie me contesta y mi pedido pagado está en otra ciudad. así que no doy menos estrellas porque no puedo.",Trustpilot,2025-10-24T20:31:49.000Z,3.0,"Hello, they made a mistake with the address of my online order, they sent it to another address, I have tried to contact them, ...with screenshots that show that it was not my mistake, but no one answers me and I have used all the options, through the web...email...but no one answers me and my paid order is in another city. so I don't give less stars because I can't.",3.0,Neutral/Positive
Kiko Milano General,"los lapiceros,
 si miden 10 cms, la mina q tienen, mide 5 cms.
es un timo.
me ha pasado varias veces, 
pero ya no me va a pasar mas...
solución: dejar d comprar esa marca.",Trustpilot,2025-10-23T15:56:31.000Z,3.0,"the pencils,
 If they measure 10 cm, the mine they have measures 5 cm.
It's a scam.
It has happened to me several times, 
but it won't happen to me anymore...
solution: stop buying that brand.",3.0,Fraud & Scam Threat
Kiko Milano General,"ich habe bei kiko online bestellt und mein paket wurde die ganze zeit nichts versandt. dann nach drei wochen des wartens und mehrfachen kontaktierens des kundenservices wurde mir mitgeteilt, dass meine bestellung einfach storniert wurde, in der bestellung befanden sich auch limitierte sachen die es nun nicht mehr zu kaufen gibt und aktionsartikel. eine entschuldigung gab es nicht, es hieß nur ja das könne ja vorkommen.",Trustpilot,2025-10-22T18:15:35.000Z,3.0,"I ordered online from Kiko and nothing was sent to my package the entire time. Then after three weeks of waiting and multiple contacts with customer service, I was informed that my order had simply been canceled; the order also contained limited items that are no longer available for purchase and promotional items. There was no apology, they just said yes, it could happen.",3.0,Neutral/Positive
Kiko Milano General,"i ordered from kiko milano cosmetics a week ago, and have had nothing but problems ever since!  

i noticed when setting up my account that their system kept automatically changing my delivery address, switching the first and second lines, and putting the building numbers after the street name. no matter how i tried, i could not change this, but thought as long as both lines were on the package royal mail would be able to deliver the package. 

however, as soon as i placed the order i saw that their system had completely removed half of my address...the half with my flat number and building name.

i eventually found how to contact customer service, which can only be done by filling in a form, and then is completely via email. i contacted them right away, but it took them days to get back to me, by which point my order had been shipped. i was able to add a note to the tracking to say where to deliver if no one is home, but i used my actual address hoping it would get to me.

however, kiko also contacted royal mail, and this seemed to just get my package returned to them...however they are claiming it was delivered to me, so now i will most likely have to file a dispute with my credit card company to get my money back.

i wish i had never ordered from kiko milano cosmetics, and would advise others to avoid them at all costs!

save yourself the headache, and buy from a reputable company that has proper customer service.",Trustpilot,2025-10-21T19:20:47.000Z,3.0,"i ordered from kiko milano cosmetics a week ago, and have had nothing but problems ever since!  

i noticed when setting up my account that their system kept automatically changing my delivery address, switching the first and second lines, and putting the building numbers after the street name. no matter how i tried, i could not change this, but thought as long as both lines were on the package royal mail would be able to deliver the package. 

however, as soon as i placed the order i saw that their system had completely removed half of my address...the half with my flat number and building name.

i eventually found how to contact customer service, which can only be done by filling in a form, and then is completely via email. i contacted them right away, but it took them days to get back to me, by which point my order had been shipped. i was able to add a note to the tracking to say where to deliver if no one is home, but i used my actual address hoping it would get to me.

however, kiko also contacted royal mail, and this seemed to just get my package returned to them...however they are claiming it was delivered to me, so now i will most likely have to file a dispute with my credit card company to get my money back.

i wish i had never ordered from kiko milano cosmetics, and would advise others to avoid them at all costs!

save yourself the headache, and buy from a reputable company that has proper customer service.",3.0,Health & Safety Threat
Kiko Milano General,"fiz uma compra dia 3 de outubro e até hoje (21 de outubro) não recebi os produtos. também não há uma resposta por parte da central de apoio ao cliente, não consigo cancelar, não posso fazer nada. estou refém deles, à mercê que enviem quando quiserem. total prejuízo pois dentre os itens havia preda de anos para uma amiga e para minha cunhada.",Trustpilot,2025-10-21T13:15:08.000Z,3.0,"I made a purchase on October 3rd and until today (October 21st) I have not received the products. There is also no response from the customer support center, I can't cancel, I can't do anything. I am their hostage, at their mercy, whenever they want. total loss because among the items there was loss of years for a friend and my sister-in-law.",3.0,Customer Service Threat
Kiko Milano General,"bonjour j ai acheté en magasin un mascara 
24h long lasting & panoramic volume mascara
le produit en lui même est top, mascara allongeant pas de paquet vraiment pas déçue du tout mais au bout de 15 jours d utilisation son ouverture originale a ressort qui casse …. je suis obligée de tenir mon mascara avec un mouchoir pour ne pas me mettre de noir partout ! une véritable galèré si j avais su la qualité de cette ouverture avant …. je me serai abstenue",Trustpilot,2025-10-19T11:47:02.000Z,3.0,"hello I bought a mascara in store 
24h long lasting & panoramic volume mascara
the product itself is great, lengthening mascara no package really not disappointed at all but after 15 days of use its original opening has a spring that breaks.... I have to hold my mascara with a tissue so as not to get black everywhere! a real hassle if I had known the quality of this opening before…. I will have abstained",3.0,Neutral/Positive
Kiko Milano General,la kiko continua ad avvalersi di un personale pessimo presso il proprio punto vendita al centro di sassari. personale segnalato svariate volte da più persone. perso un'altra cliente più amici e famiglia perché sicuramente consolerò di non andare.,Trustpilot,2025-10-18T13:28:07.000Z,3.0,Kiko continues to use terrible staff at its store in the center of Sassari. staff reported several times by multiple people. lost another customer plus friends and family because I will definitely console not going.,3.0,Neutral/Positive
Kiko Milano General,"i ordered six lipsticks from kiko’s official website, and when i received them, i was shocked to find that they were broken and melted. i was truly disappointed, but i thought, “okay, things happen – i’ll just contact customer service to arrange a return or refund.”

however, that was only the beginning of the frustration. i’ve sent multiple emails to their customer support, and no one has responded. not a single reply. on their website, they claim that “returns are easy” – but in reality, there are absolutely no clear instructions, no return form, and no functioning process to follow. it feels like i’ve been completely ignored and left without any solution.

this experience has been extremely upsetting. i just want to return the damaged items and get my money back. but it seems impossible.

return number: 88003639, 87285068, 87283389

i hope someone from kiko reads this and finally takes responsibility.",Trustpilot,2025-10-17T21:22:16.000Z,3.0,"i ordered six lipsticks from kiko’s official website, and when i received them, i was shocked to find that they were broken and melted. i was truly disappointed, but i thought, “okay, things happen – i’ll just contact customer service to arrange a return or refund.”

however, that was only the beginning of the frustration. i’ve sent multiple emails to their customer support, and no one has responded. not a single reply. on their website, they claim that “returns are easy” – but in reality, there are absolutely no clear instructions, no return form, and no functioning process to follow. it feels like i’ve been completely ignored and left without any solution.

this experience has been extremely upsetting. i just want to return the damaged items and get my money back. but it seems impossible.

return number: 88003639, 87285068, 87283389

i hope someone from kiko reads this and finally takes responsibility.",3.0,Product Quality Threat
Kiko Milano General,kiko in bluewater branch. musken is a great ambassador and asset to your company. she greeted me with a smile. showed me options on lipstick and skincare. she is patient and  listened to my needs and didn’t pressure me to buy things. her excellent customer service and knowledge on different products made me buy more than i needed. i’m a happy customer.,Trustpilot,2025-10-17T18:25:59.000Z,3.0,kiko in bluewater branch. musken is a great ambassador and asset to your company. she greeted me with a smile. showed me options on lipstick and skincare. she is patient and  listened to my needs and didn’t pressure me to buy things. her excellent customer service and knowledge on different products made me buy more than i needed. i’m a happy customer.,3.0,Neutral/Positive
Kiko Milano General,"oggi ho acquistato a trento ed a riva
commesse super gentili specialmente a riva sono rimasta ben impressionata da deborah.
solitamente a riva le commesse sono maleducate.",Trustpilot,2025-10-16T18:08:58.000Z,3.0,"Today I purchased in Trento and Riva
super kind sales assistants especially on the shore I was very impressed by Deborah.
usually on the shore the shop assistants are rude.",3.0,Neutral/Positive
Kiko Milano General,"ich habe mir gestern im kiko-store (düsseldorf) einen der brow liner für 8,95€ gekauft. zuhause habe ich leider feststellen müssen, dass die mine beim anspitzen immer wieder abgebrochen ist. heute bin ich wieder in den laden um den liner umzutauschen. leider wurde mir mitgeteilt, dass dies nicht möglich ist, da der liner angeblich zu weit angespitzt wurde. 

nie wieder!!",Trustpilot,2025-10-16T16:12:24.000Z,3.0,"Yesterday I bought one of the brow liners in the Kiko store (Düsseldorf) for €8.95. Unfortunately, at home I discovered that the lead kept breaking off when I sharpened it. Today I'm back in the store to exchange the liner. Unfortunately I was informed that this is not possible because the liner was supposedly sharpened too far. 

never again!!",3.0,Neutral/Positive
Kiko Milano General,"service client déplorable et totalement inefficace.
j’ai passé une commande début août, jamais reçue. pendant plus d’un mois, kiko et le transporteur gls se sont renvoyé la faute sans jamais proposer de vraie solution.

j’ai dû envoyer plusieurs formulaires, mails et relances, sans réponse ou avec des messages automatiques répétés.

aucun suivi, aucune communication, aucune considération pour le client.

par chance, j’ai fini par me déplacer dans un magasin kiko où une vendeuse adorable m’a aidée et a réglé le problème en quelques minutes ce que le service client en ligne n’a pas été capable de faire en un mois !

très déçue du service web, je ne recommanderai plus sur le site.",Trustpilot,2025-10-16T13:30:00.000Z,3.0,"Terrible and totally ineffective customer service.
I placed an order at the beginning of August, never received. for more than a month, kiko and the gls carrier passed the blame on each other without ever offering a real solution.

I had to send several forms, emails and reminders, with no response or with repeated automatic messages.

no follow-up, no communication, no consideration for the customer.

Luckily, I ended up going to a Kiko store where a lovely saleswoman helped me and resolved the problem in a few minutes, something the online customer service wasn't able to do in a month!

very disappointed with the web service, I will no longer recommend on the site.",3.0,Customer Service Threat
Kiko Milano General,"produits basiques de qualité moyenne 
ils suppriment des articles de la commande sans prévenir et la livraison est super longue....
service client inutile...
je déconseille vraiment",Trustpilot,2025-10-14T19:40:37.000Z,3.0,"medium quality basic products 
they remove items from the order without warning and the delivery is super long....
useless customer service...
I really advise against",3.0,Neutral/Positive
Kiko Milano General,"sono cliente fidelizzata kiko da anni e ho sempre apprezzato la qualità dei prodotti e la professionalità del personale.
purtroppo - questa mattina - allo store di rescaldina (conad) ho vissuto un’esperienza molto negativa: la commessa mora presente in negozio ha mostrato un atteggiamento scortese e sprezzante, evitando persino di salutare. un comportamento così mina la fiducia dei clienti abituali e danneggia l’immagine del brand.",Trustpilot,2025-10-13T16:10:51.000Z,3.0,"I have been a loyal Kiko customer for years and have always appreciated the quality of the products and the professionalism of the staff.
Unfortunately - this morning - at the Rescaldina store (Conad) I had a very negative experience: the dark-haired sales assistant present in the store showed a rude and contemptuous attitude, even avoiding saying hello. Such behavior undermines the trust of regular customers and damages the image of the brand.",3.0,Neutral/Positive
Kiko Milano General,"j'ai été démarchée par e.mail, avec un produit gratuit pour 35 € d'achat. après avoir payé, 2 jours suivant 1 produit  acheté était manquant . j'ai eu un avis par mail, le 9 octobre, que mes produits commandés m'attendais dans la boutique, j'y suis allée le lendemain matin, mais là : rien pour moi, aucun avis d'annulation. j'ai du acheter les produits dont j'avais besoin ( 38 € ). et.. sans aucun cadeau. abus ou arnaque ?",Trustpilot,2025-10-10T15:59:57.000Z,3.0,"I was approached by email, with a free product for €35 purchase. after paying, 2 days later 1 product purchased was missing. I received a notice by email on October 9 that my ordered products were waiting for me in the store. I went there the next morning, but there: nothing for me, no cancellation notice. I had to buy the products I needed (€38). and... without any gifts. abuse or scam?",3.0,Fraud & Scam Threat
Kiko Milano General,"non riesco a recensire tutti i prodotti che acquisto sul sito kikocosmatics perché sono troppi! ma sono estremamente soddisfatta di tutto! li uso personalmente e per il lavoro e li trovo tutti ottimi con alcune punte di eccellenza! in più il sito è semplice e scorrevole, l’assistenza ottima e le spedizioni veloci. grazie kiko!
benedetta lozzi",Trustpilot,2025-10-09T15:22:36.000Z,3.0,"I can't review all the products I purchase on the kikocosmatics website because there are too many! but I am extremely satisfied with everything! I use them personally and for work and I find them all excellent with some points of excellence! plus the site is simple and smooth, the assistance is excellent and the shipments are fast. thanks kiko!
benedetta lozzi",3.0,Neutral/Positive
Kiko Milano General,péssimo serviço.,Trustpilot,2025-10-09T12:53:54.000Z,3.0,bad service.,3.0,Neutral/Positive
Kiko Milano General,"serviço de apoio ao cliente péssimo!!! 
há uma semana que estou sem resposta, após diversas tentativas de contato para reclamar a encomenda que ainda não recebi e era suposto ter recebido há uma semana!
comprar na kiko onlie nunca mais",Trustpilot,2025-10-09T11:01:24.000Z,3.0,"Terrible customer service!!! 
It's been a week since I received any response, after several attempts to contact me to complain about the order that I still haven't received and was supposed to receive it a week ago!
never buy from kiko online again",3.0,Neutral/Positive
Kiko Milano General,gentilezza e professionalità della commessa di kiko milano a madrid in c.de orense che ringrazio sia per i consigli che per la competenza. grazie!!!,Trustpilot,2025-10-06T20:56:44.000Z,3.0,kindness and professionalism of the kiko milano sales assistant in madrid in c.de orense whom I thank both for the advice and for the competence. Thank you!!!,3.0,Neutral/Positive
Kiko Milano General,"ich kaufe meine kiko produkte vor ort im store (spanien) hervorragender kundenservice im shop, ausführliche, wertschätzende beratung. zuhause bestelle ich kiko über amazon als ein-tages-lieferung, funktioniert seit jahren ohne probleme, auch retouren! ich weiß nicht, wo die damen mit den schlechten kritiken bestellen... von der qualität der produkte bin ich überzeugt",Trustpilot,2025-10-06T11:31:25.000Z,3.0,"I buy my Kiko products locally in the store (Spain), excellent customer service in the shop, detailed, appreciative advice. At home I order Kiko via Amazon as a one-day delivery, it has worked for years without any problems, including returns! I don't know where the ladies with the bad reviews order from... I'm convinced of the quality of the products",3.0,Neutral/Positive
Kiko Milano General,"j'avais un bon de réduction de 15€ qui était encore valable 48h, que j'ai utilisé en ligne.
au moment d'appliquer le bon ça me marque ""code non valide"". 
j'envoie un mail au service client qui ne me répond que 5 jours après et me dit que mon code a expiré (ils prennent en compte la date de leur réponse et non de ma demande) et que de ce fait ils ne peuvent rien faire. sauf que si ils m'avaient répondu dans les 24h mon bon était valide. j'ai relancé par mail depuis plus de 6 semaines mais aucun retour.
je trouve regrettable le manque de sérieux et de considération, aucune solution n'a été cherchée ou proposée.",Trustpilot,2025-10-05T13:23:08.000Z,3.0,"I had a €15 reduction voucher which was still valid for 48 hours, which I used online.
when applying the voucher it marks me ""invalid code"". 
I send an email to customer service who only responds 5 days later and tells me that my code has expired (they take into account the date of their response and not of my request) and that therefore they cannot do anything. except that if they had responded to me within 24 hours my voucher was valid. I followed up by email more than 6 weeks ago but no response.
I find the lack of seriousness and consideration regrettable, no solution was sought or proposed.",3.0,Customer Service Threat
Kiko Milano General,"il servizio clienti è inesistente, ti prende in giro. dopo ordine fatto per ricevere omaggio, alla segnalazione di non averlo ricevuto ti chiedono la foto di cosa non è arrivato!
per evitare la solita falsa risposta del brand,  case number 01537562, vediamo se mi rispondete…",Trustpilot,2025-10-04T19:41:05.000Z,3.0,"customer service is non existent, it's making fun of you. after placing an order to receive a free gift, when you report that you haven't received it they ask you for a photo of what didn't arrive!
to avoid the usual false response from the brand, case number 01537562, let's see if you answer me...",3.0,Neutral/Positive
Kiko Milano General,"ik ben supergoed geholpen door een erg aardige collega.zij heeft mij opgemaakt en goede tips gegeven.
erg fijne winkel",Trustpilot,2025-10-04T15:12:28.000Z,3.0,"I received great help from a very nice colleague. She did my make-up and gave me good tips.
very nice store",3.0,Neutral/Positive
Kiko Milano General,i prodotti sono buoni però non ordinerò più se le consegne verranno affidate a gls. corriere molto scortese.,Trustpilot,2025-10-03T13:41:11.000Z,3.0,the products are good but I will not order again if the deliveries are entrusted to gls. very rude courier.,3.0,Neutral/Positive
Kiko Milano General,"ik heb een erg slechte ervaring gehad met dit bedrijf. mijn bestelling kwam pas na ruim een week binnen, waardoor ik nog maar 7 dagen had om te retourneren. in de winkel in arnhem werd ik geweigerd te retourneren omdat online bestelde artikelen alleen via verzending retour kunnen zeiden ze daar. online werkte het retourformulier niet en ik kreeg geen reactie op mijn bericht via instagram. pas na 4 dagen kreeg ik via het klachtenformulier antwoord, met tegenstrijdige informatie: in de winkel zou het gratis kunnen, maar opsturen moest op eigen kosten.
de klantenservice is slecht bereikbaar, de informatie tegenstrijdig en de retourprocedure onnodig ingewikkeld. voor mij nooit meer.",Trustpilot,2025-10-03T08:41:36.000Z,3.0,"I had a very bad experience with this company. My order only arrived after more than a week, so I only had 7 days to return it. In the store in Arnhem I was refused return because items ordered online can only be returned via shipping, they said. The return form did not work online and I received no response to my message via Instagram. Only after 4 days did I receive an answer via the complaint form, with contradictory information: it could be done for free in the store, but you had to send it at your own expense.
Customer service is difficult to reach, the information is contradictory and the returns procedure is unnecessarily complicated. never again for me.",3.0,Customer Service Threat
Kiko Milano General,produkt am 19.11.24 bestellt. bis heute 02.10.25 noch nicht geliefert. habe keine möglichkeit die bestellung zu stornieren oder zu verfolgen. ich werde immer auf nicht funktionierende seiten geführt. nie wieder!!,Trustpilot,2025-10-02T19:51:42.000Z,3.0,Product ordered on 11/19/24. still not delivered as of today 10/2/25. I have no option to cancel or track the order. I'm always taken to pages that don't work. never again!!,3.0,Neutral/Positive
Kiko Milano General,"salve, molta cortesia disponibilità nella ricerca degli articoli .",Trustpilot,2025-09-30T13:19:33.000Z,3.0,"Hi, very kindly available in the search for articles.",3.0,Neutral/Positive
Kiko Milano General,ieri pomeriggio sono stata c/c il centro commerciale itaca panorama di formia prov lt e sono andata al negozio per chiedere di una matita nera e un mascara nero per gli occhi resistente h24 quando la commessa me l'ha proposta ero molto titubante ma l ho acquistato lo stesso anche perche la commessa è stata molto gentile ma soprattutto convincente devo essere onesta ha funzionato alla grande è da stamane alle 9 che ho messo sia matita che mascara sono le 17 e ancora è intatto tutto il trucco agli occhi davvero voto 10!!!!super super soddisfatta,Trustpilot,2025-09-29T17:00:34.000Z,3.0,"yesterday afternoon I went to the Itaca Panorama shopping center in Formia Prov LT and I went to the shop to ask for a black pencil and a black mascara for the eyes that last 24 hours a day. When the sales assistant offered it to me I was very hesitant but I bought it anyway also because the sales assistant was very kind but above all convincing. I have to be honest, it worked great. Since this morning at 9am I've been putting on both pencil and mascara. It's 5pm and all the make-up on my eyes is still intact. eyes really rated 10!!!! super super satisfied",3.0,Neutral/Positive
Kiko Milano General,"würde nicht empfehlen dort zu bestellen. paket wurde 2 woche zu spät geliefert und war daher nicht mehr von nutzen. ich habe gleich eine ""retourenanfrage"" gestellt die wurde auch jetzt 3 später nicht bearbeitet. auch eine erneute ""retourenanfrage"" wurde bis dato nicht bearbeitet. auf die 1. kundendienst nachricht wurde auch nicht geantwortet, erst auf die 2. kundendienst nachricht in der es jetzt hieß eine retoure ist nur innerhalb von 30 tagen nach bestellung möglich. ganz egal ob die retourenanfrage zeitgerecht gestellt wurde und es von ihnen einfach nicht bearbeitet wurde.
ich kann es jeden ans herz legen dort nicht zu bestellen.",Trustpilot,2025-09-29T16:26:20.000Z,3.0,"would not recommend ordering there. The package was delivered 2 weeks late and was therefore no longer of any use. I immediately made a “return request” and it hasn’t been processed 3 times later. A new “return request” has not yet been processed. There was no response to the first customer service message either, only to the second customer service message in which it was now stated that a return is only possible within 30 days of the order. It doesn't matter whether the return request was made in a timely manner and they simply didn't process it.
I can recommend everyone not to order there.",3.0,Customer Service Threat
Kiko Milano General,"ogni volta che vado da kiko riscontro lo stesso problema in cassa. oggi per l ennesima volta prendo uno smalto al costo di euro 4,99 . la commessa mi dice son 5euro perché non ho il centesimo di resto.
premetto che non è per il centesimo ma tutte le volte questa cosa si ripete. 
ho risposto come mai non avete mai il resto?
la commessa abbassa lo sguardo e mi saluta.
per ogni cliente a fine giornata quanti centesimi guadagna kiko? e a fine settimana? e a fine mese?
pessima questa cosa.
mi dispiace ma non andrò più.",Trustpilot,2025-09-27T16:38:54.000Z,3.0,"Every time I go to Kiko I encounter the same problem at the checkout. today for the umpteenth time I'm getting a nail polish at a cost of €4.99. the shop assistant tells me it's 5 euros because I don't have a cent in change.
I'll start by saying that it's not about the penny but this thing happens every time. 
I replied why do you never have change?
the sales assistant lowers her gaze and greets me.
For each customer, how many cents does Kiko earn at the end of the day? and at the end of the week? and at the end of the month?
this thing is bad.
I'm sorry but I won't go anymore.",3.0,Neutral/Positive
Kiko Milano General,"grazie kiko x ogni prodotto che uso è meraviglioso ho 52 anni e nn ho avuto mai problemi con nessun prodotto essendo che gli uso da 15 anni .
vorrei fare un complimento alla commessa virginia di massa carrefur, una ragazza giovane ,ma tanto disponibile gentile e sa consigliare prodotto. complimenti ❤️",Trustpilot,2025-09-26T07:16:30.000Z,3.0,"thank you kiko x every product I use is wonderful I am 52 years old and I have never had problems with any product having been using them for 15 years.
I would like to pay a compliment to the saleswoman Virginia from Massa Carrefur, a young girl, but very helpful, kind and able to recommend products. congratulations ❤️",3.0,Neutral/Positive
Kiko Milano General,prodotti acquistati on line mai arrivati e contattato per ben 3 volte il centro assistenza non hanno mai risposto. in conclusione prodotti mai arrivati e senza alcun rimborso (soldi buttati),Trustpilot,2025-09-25T15:09:26.000Z,3.0,"products purchased online never arrived and I contacted the assistance center 3 times and they never responded. in conclusion, products never arrived and without any refund (money wasted)",3.0,Fraud & Scam Threat
Kiko Milano General,"produits de maquillage très pratiques et de bonne qualité, à un prix très raisonnable. reçu d’excellents conseils de la part de shaïma, une maquilleuse formidable dans le magasin de la rue de rennes à paris, qui a bien pris le temps de faire le point sur ce que je voulais et qui m’a trouvé exactement ce que je cherchais. très contente. je reviendrai bien volontiers et en toute confiance. un grand merci à elle!",Trustpilot,2025-09-24T16:14:31.000Z,3.0,"Very practical and good quality makeup products, at a very reasonable price. received excellent advice from shaïma, a wonderful makeup artist in the store on rue de rennes in Paris, who took the time to take stock of what I wanted and who found exactly what I was looking for. very happy. I will come back willingly and with complete confidence. a big thank you to her!",3.0,Neutral/Positive
Kiko Milano General,"compra online de calendario de adviento. me envian también muestras sample sin coste, lo hacen en 2 cajas que no entiendo, y solo recibo una, la de las samples. cuando intenot reclamar, ni hay telefono transportista, ni hay telefono customer service, nadie me contesta y me he gastado 150 eur. una verguenza.",Trustpilot,2025-09-24T15:34:09.000Z,3.0,"online purchase of advent calendar. They also send me sample samples at no cost, they do it in 2 boxes that I don't understand, and I only receive one, the one with the samples. When I tried to complain, there was no carrier phone number, nor was there a customer service phone number, no one answered me and I spent 150 euros. a shame",3.0,Neutral/Positive
Kiko Milano General,"je décide d acheter un produit à 22.99€ arrivée en caisse la dame le dit j ai pas de 1 cts a vous rendre ( c est déjà la troisième fois ) que l’on le fait le coup chez kiko geric thionville ! elle a préférée refuser la vente que de trouver fe la monnaie   elle préfère se la jouer et me remballer en me disant que c est a moi a faire l’appoint . 
ne pensez vous pas qu en proposant des produits a virgule 99 cts il serait intelligent d avoir des puces de 1 cts",Trustpilot,2025-09-24T15:02:30.000Z,3.0,"I decide to buy a product for €22.99 when I arrive at the checkout the lady says so I don't have 1 cent to give you (it's already the third time) that we're doing it at Kiko Geric Thionville! She preferred to refuse the sale than to find the change. She prefers to play it and reel me in by telling me that it's up to me to make the extra. 
don't you think that when offering products with 99 cts it would be smart to have 1 cts chips?",3.0,Neutral/Positive
Kiko Milano General,"vandaag in paniek bij kiko milano oostende binnengelopen, omdat ik mijn make-up tas was verloren en nog een belangrijke afspraak had. ik voelde me gans die werkdag echt “kaal” en niet op mijn gemak. de dames in de winkel hebben me super snel en efficiënt geholpen om nieuwe make-up uit te kiezen. bovendien mocht ik me nog in de winkel schminken, waardoor ik weer zelfverzekerd én toch nog op tijd naar mijn afspraak kon. heel vriendelijk, behulpzaam en professioneel team. een echte redding op een moeilijke dag!",Trustpilot,2025-09-24T05:51:27.000Z,3.0,"Today I walked into Kiko Milano Ostend in a panic because I had lost my make-up bag and had an important appointment. I felt really “bare” and uncomfortable the entire working day. the ladies in the store helped me choose new makeup super quickly and efficiently. Moreover, I was allowed to have my face painted in the store, which meant I could go to my appointment again with confidence and still on time. very friendly, helpful and professional team. a real rescue on a difficult day!",3.0,Neutral/Positive
Kiko Milano General,"i love all products ❤️❤️❤️ recently was my birthday, they sent me an email that i have a birthday gift! and i popped down to the shop, i’ve got my gift thank you so so much, that was really surprising and lovely  thanks kiko again",Trustpilot,2025-09-23T22:31:23.000Z,3.0,"i love all products ❤️❤️❤️ recently was my birthday, they sent me an email that i have a birthday gift! and i popped down to the shop, i’ve got my gift thank you so so much, that was really surprising and lovely  thanks kiko again",3.0,Neutral/Positive
Kiko Milano General,se ci fossero zero stelle le avrei messe. sto aspettando il rimborso di un buono da ben tre mesi e non ho risposte.. è una vergogna non hanno nemmeno un numero di telefono,Trustpilot,2025-09-23T18:49:03.000Z,3.0,if there were zero stars I would have given them. I've been waiting for a refund for a voucher for three months and I have no answers.. it's a shame they don't even have a telephone number,3.0,Neutral/Positive
Kiko Milano General,non comprate questi trucchi ho speso 59 euro tra rossetti e roba varia e tutto faceva schifo puzzano e non colorano per niente il prodotto dentro gli eyeliner glitterati è inesistente questa marca credetemi è pessima,Trustpilot,2025-09-23T14:36:51.000Z,3.0,don't buy these tricks I spent 59 euros on lipsticks and various stuff and everything was disgusting they stink and don't color at all the product inside the glittery eyeliners is non-existent this brand believe me it's terrible,3.0,Neutral/Positive
Kiko Milano General,"ho acquistato questo rossetto molto combattuta dai commenti ,ma forse avevano ragione il 12 settembre ho acquistato ....ero contenta del mio acquisto ...questa mattina 24 settembre il rossetto è già rotto....in casa ci sono solo io ed è riposto in armadietto...grande delusione....",Trustpilot,2025-09-23T09:52:48.000Z,3.0,"I purchased this lipstick, very conflicted by the comments, but perhaps they were right on September 12th I purchased it....I was happy with my purchase...this morning September 24th the lipstick is already broken....there is only me in the house and it is stored in the cupboard...big disappointment....",3.0,Product Quality Threat
Kiko Milano General,ik wilde bestellen maar dat lukt niet. de site werkt niet. mijn adres zou niet bestaan.hij bleef maar belgië aangeven terwijl ik in nederland woon . gewoon onmogelijk om te bestellen bij deze site online!,Trustpilot,2025-09-22T16:50:41.000Z,3.0,I wanted to order but that doesn't work. the site is not working. My address would not exist. He kept indicating Belgium while I live in the Netherlands. simply impossible to order from this site online!,3.0,Neutral/Positive
Kiko Milano General,"je me suis présentée à la boutique kiko milano de saint-priest (auchan – porte des alpes), flambant neuve, avec l’intention de réaliser un achat conséquent pour moi et pour un cadeau collectif.
à 18h41, alors que la boutique était grande ouverte (rideau non baissé, portes accessibles, aucun client à l’intérieur), la vendeuse m’a dit en souriant : « je suis en train de fermer la caisse, désolée madame, on est fermé ». pourtant, les horaires officiels affichés sur le site de kiko, indiquent une fermeture à 20h00.

en tant que cliente fidèle, habituée à faire des achats importants chez kiko, je trouve cela incompréhensible et décevant. cette expérience m’a définitivement dissuadée de fréquenter cette boutique.",Trustpilot,2025-09-19T12:56:40.000Z,3.0,"I went to the Kiko Milano boutique in Saint-Priest (Auchan – Porte des Alpes), brand new, with the intention of making a substantial purchase for myself and for a collective gift.
at 6:41 p.m., while the store was wide open (curtain not lowered, doors accessible, no customers inside), the saleswoman said to me with a smile: “I’m closing the cash register, sorry ma’am, we’re closed.” However, the official times displayed on the kiko website indicate closing at 8:00 p.m.

as a loyal customer, used to making major purchases at kiko, I find this incomprehensible and disappointing. This experience definitely dissuaded me from frequenting this store.",3.0,Neutral/Positive
Kiko Milano General,"je me suis présentée à la boutique kiko milano de saint-priest (auchan – porte des alpes), flambant neuve, avec l’intention de réaliser un achat conséquent pour moi et pour un cadeau collectif.
à 18h41, alors que la boutique était grande ouverte (rideau non baissé, portes accessibles, aucun client à l’intérieur), la vendeuse m’a dit en souriant : « je suis en train de fermer la caisse, désolée madame, on est fermé ». pourtant, les horaires officiels affichés sur le site de kiko, indiquent une fermeture à 20h00.
en tant que cliente fidèle, habituée à faire des achats importants chez kiko, je trouve cela incompréhensible et décevant. cette expérience m’a définitivement dissuadée de fréquenter cette boutique.",Trustpilot,2025-09-18T21:20:47.000Z,3.0,"I went to the Kiko Milano boutique in Saint-Priest (Auchan – Porte des Alpes), brand new, with the intention of making a substantial purchase for myself and for a collective gift.
at 6:41 p.m., while the store was wide open (curtain not lowered, doors accessible, no customers inside), the saleswoman said to me with a smile: “I’m closing the cash register, sorry ma’am, we’re closed.” However, the official times displayed on the kiko website indicate closing at 8:00 p.m.
as a loyal customer, used to making major purchases at kiko, I find this incomprehensible and disappointing. This experience definitely dissuaded me from frequenting this store.",3.0,Neutral/Positive
Kiko Milano General,la dipendente era distratta e non mi ha saputo consigliare perché impegnata a fare altro ….. la definirei superficiale e inadatta a tale professione …. e la cosa ancora più grave è che non aveva altre clienti da seguire …. non comprerò più niente da kiko,Trustpilot,2025-09-18T21:13:23.000Z,3.0,the employee was distracted and was unable to advise me because she was busy doing something else... I would define her as superficial and unsuitable for this profession... and the even more serious thing is that he had no other clients to follow…. I will never buy anything from Kiko again,3.0,Neutral/Positive
Kiko Milano General,"commandé maquillage et celui ci est arrivé tout fondu et vide.
kiko me demande de le renvoyer à mes frais.
la bonne blague... ça va me coûter aussi cher que de le jeter.
j ai mis une étoile car pas le choix.
plus jamais ... à bannir... ne commandez pas là.",Trustpilot,2025-09-18T12:51:07.000Z,3.0,"ordered makeup and it arrived all melted and empty.
kiko asks me to send it back at my expense.
the good joke... it's going to cost me as much as throwing it away.
I gave one star because I had no choice.
never again...to be banned...do not order there.",3.0,Neutral/Positive
Kiko Milano General,"i made an order of some products on the 4th of september, which the company said was sent on the 8th and until now (10 days passed) i haven't received the package. i sent an email to the service customer email and they don't answer, the transport company says that the delivery will be in a day an nothing happens. i spent my money and now i just want either my delivery or my money back. one thing i know for sure...never again i'll order from kiko.",Trustpilot,2025-09-18T10:00:42.000Z,3.0,"i made an order of some products on the 4th of september, which the company said was sent on the 8th and until now (10 days passed) i haven't received the package. i sent an email to the service customer email and they don't answer, the transport company says that the delivery will be in a day an nothing happens. i spent my money and now i just want either my delivery or my money back. one thing i know for sure...never again i'll order from kiko.",3.0,Neutral/Positive
Kiko Milano General,"unos impresentables. te dicen que te envían el pedido en 3 días y llevo mas de 12 días esperando, además el servicio de atención al cliente es inexistente porque no te contestan nunca. hay mejores marcas de cosméticos para tener que estar perdiendo el tiempo con estos impresentables. no compréis en su web, os ahorrareis muchos problemas",Trustpilot,2025-09-17T22:33:21.000Z,3.0,"some unpresentable ones. They tell you that they will send your order in 3 days and I have been waiting for more than 12 days, plus the customer service is non-existent because they never answer you. There are better cosmetic brands than having to waste time with these unpresentable ones. Do not buy on their website, you will save yourself a lot of problems",3.0,Neutral/Positive
Kiko Milano General,"centro commerciale le gru torino 
non hai la possibilità di poter scegliere in pace che ti arrivano addosso cercando di consigliarti ovviamente le cose più care . in più ti danno consigli buttati li e non richiesti solo per cercare di farti comprare ma è un atteggiamento super fastidioso che ti fa passare la voglia di comprare . non contenti se compri solo una cosa (che e quella che ti serve) al momento di pagare sembrano offesi e scazzati perché non aggiungi altro perché non fai la promo e continuano a insistere . quando dici un no secco allora delusi ti fanno pagare ma non ti guardano nemmeno più in faccia . io ho sempre trovato questo atteggiamento .",Trustpilot,2025-09-16T18:25:09.000Z,3.0,"Le Gru shopping center in Turin 
you don't have the chance to choose in peace as they come at you trying to obviously advise you on the most expensive things. plus they give you advice thrown out there and unsolicited just to try to make you buy but it's a super annoying attitude that makes you stop wanting to buy. not happy if you only buy one thing (which is what you need) when it comes time to pay they seem offended and pissed off because you don't add anything else because you don't do the promo and they continue to insist. when you say a firm no then disappointed they make you pay but they don't even look at your face anymore. I have always found this attitude.",3.0,Neutral/Positive
Kiko Milano General,"commessa (ozlem) del negozio di busto arsizio deliziosa! ho richiesto un prodotto che non recuperavo nemmeno online, ha speso molto tempo nella ricerca in magazzino e l’ha recuperato per mia grande gioia. grazie! fossero tutte così le commesse!",Trustpilot,2025-09-16T11:11:56.000Z,3.0,"clerk (ozlem) of the Busto Arsizio shop delicious! I requested a product that I couldn't even find online, he spent a lot of time searching in the warehouse and recovered it to my great joy. Thank you! if only all shop assistants were like that!",3.0,Neutral/Positive
Kiko Milano General,"ho acquistato un rossetto a pennarello dalla massima durata diceva la commessa....per carità non compratelo! per 10,90 euro non colora, sembra un pennarello scarico e soprattutto non dura per niente!",Trustpilot,2025-09-15T19:30:30.000Z,3.0,"I bought a long-lasting felt-tip lipstick, the sales assistant said....for goodness sake, don't buy it! for 10.90 euros it doesn't colour, it looks like a worn out marker and above all it doesn't last at all!",3.0,Neutral/Positive
Kiko Milano General,"las sombras de ojos no duran nada , son muy grasas y no tienen mucho pigmento .  sin embargo el eye liner está muy
bien",Trustpilot,2025-09-15T10:09:52.000Z,3.0,"The eyeshadows don't last at all, they are very greasy and don't have much pigment.  however the eye liner is very
good",3.0,Neutral/Positive
Kiko Milano General,excellent products.best quality for the price.i buy from padova store and they are amazing.helpful staff.thank u kiko padova for being the best,Trustpilot,2025-09-11T21:03:56.000Z,3.0,excellent products.best quality for the price.i buy from padova store and they are amazing.helpful staff.thank u kiko padova for being the best,3.0,Neutral/Positive
Kiko Milano General,"i made a lot of orders, but i had problem with 3 orders. 2 not delivered and still on preparation after a month and one is was not delivered and refunded after i contacted support multiple times. the problem is that they do not respond to none of my emails to customer service!",Trustpilot,2025-09-09T11:49:55.000Z,3.0,"i made a lot of orders, but i had problem with 3 orders. 2 not delivered and still on preparation after a month and one is was not delivered and refunded after i contacted support multiple times. the problem is that they do not respond to none of my emails to customer service!",3.0,Neutral/Positive
Kiko Milano General,"un mois après ma commande kiko = toujours rien livré. silence radio du service client. c’est ça le respect des clients ? #kikonotdelivered #kikocomplaint”
---------------------------------------
order placed on 08/08/2025 at kiko, never delivered and no clear response from customer service. still waiting for a solution. #kikonotdelivered #kikonoresponse #kikocomplaint #testachats #spfeconomie",Trustpilot,2025-09-08T14:23:34.000Z,3.0,"one month after my kiko order = still nothing delivered. radio silence from customer service. Is that respect for customers? #kikonotdelivered #kikocomplaint”
---------------------------------------
order placed on 08/08/2025 at kiko, never delivered and no clear response from customer service. still waiting for a solution. #kikonotdelivered #kikonoresponse #kikocomplaint #testachats #spfeconomie",3.0,Neutral/Positive
Kiko Milano General,"merci d’annuler ma commande, j’ai passé commande le 01/09/25 dans un click and collecte celui d’orléans place d’arc . tous  les articles  de ma commande étaient disponibles. j’étais sensée avoir une confirmation de ma commande 3 à 4 h plus tard jamais je n’ai eu l’information. j’appelle le 06/09 le magasin concerné .0n me dit qu’on prépare ma commande et qu’on m’appelle plus tard. je ne reçois aucun appel. je me rend en magasin à la caisse, on me fait croire que le fond de teint est en rupture. raison pour laquelle la commande n’a pas été préparée. je pars voir une vendeuse ,je ne lui parle pas de ma commande  en ligne , je lui demande les même articles qu’elles me donnent. il n’y a aucune rupture !!! c’est le comble. tous les articles sont bel et bien en magasin depuis le 01/09 au 06/09 pas fichu de préparer une commande c’est une honte!!! j’ai donc acheté ses articles dans le même magasin qui était sensée me préparer la commande mais qui n’a jamais pris le temps de l’effectuer. c’est vraiment un manque de professionnalisme !!!",Trustpilot,2025-09-06T20:05:41.000Z,3.0,"Thank you for canceling my order, I placed an order on 01/09/25 in a click and collect one in Orleans Place d'Arc. All items in my order were available. I was supposed to have confirmation of my order 3 to 4 hours later, I never got the information. I called the store in question on 06/09. They told me that they would prepare my order and that they would call me later. I don't receive any calls. I go to the store to checkout, they make me believe that the foundation is out of stock. reason why the order was not prepared. I go to see a saleswoman, I don't tell her about my online order, I ask her for the same items that they give me. there is no break!!! that’s the height of it. all the items have indeed been in store since 01/09 to 06/09 not able to prepare an order it's a shame!!! so I bought his items in the same store which was supposed to prepare the order for me but which never took the time to complete it. This is truly a lack of professionalism!!!",3.0,Neutral/Positive
Kiko Milano General,"wenn ich könnte sogar keinen einzigen stern. habe am 01.08.25 bestellt und erst ging es ganz fix bis es dann versendet wurde, mit gls. und es war dann in bremen gelandet und da ist es dann verschollen. bis heute keine reaktion auf meine e-mails an kiko und gls. mehrere e-mails geschrieben, sogar an das lager von gls in bremen aber keine reaktion oder das man es prüfen werde. da ich mit klarne bezahlen wollte, habe ich das problem dann am 21.08.25 gemeldet und auch da kam bis jetzt nichts bei rüber. die bestellung habe ich schon abgeschrieben aber da bestelle ich nicht mehr und das obwohl ich schon seit jahren dort kunde bin und mehrmals im jahr bestellt dort habe. aber jetzt nicht mehr.",Trustpilot,2025-09-05T17:33:59.000Z,3.0,"If I could even not a single star. I ordered on August 1st, 2025 and at first it went very quickly until it was shipped with GLS and then it landed in Bremen and then it went missing. To date there has been no response to my emails to Kiko and GLS. I have written several emails, even to the GLS warehouse in Bremen, but no response or that they will look into it. Since I wanted to pay with Klarne, I reported the problem on August 21st, 2025 and so far nothing has been reported. I've already written off the order but I won't order from them anymore, even though I've been a customer there for years and have ordered there several times a year. but not anymore.",3.0,Customer Service Threat
Kiko Milano General,j’ai passé une commande chez kiko. j’ai choisi le point relais le plus proche où j’ai l’habitude de retirer mes colis. le transporteur gls m’indique “échec de livraison” à cause d’une adresse incomplète. pas la possibilité de changer l’adresse ( par exemple mettre l’adresse de mon domicile) sur gls et impossible de suivre la suite sur kiko. des mails automatiques sans réponse et c’est tout. très déçu de ma première expérience sur kiko.,Trustpilot,2025-09-05T16:47:22.000Z,3.0,I placed an order with kiko. I chose the closest relay point where I usually collect my packages. the gls carrier tells me “delivery failure” because of an incomplete address. no possibility of changing the address (for example putting my home address) on gls and impossible to follow the rest on kiko. automatic emails with no response and that’s it. very disappointed with my first experience on kiko.,3.0,Customer Service Threat
Kiko Milano General,"i love their products and generally in store you get good service but if there's a problem they wont help. i have a faulty product that they refuse to replace, they clearly don't follow the consumer act.",Trustpilot,2025-09-04T23:41:50.000Z,3.0,"i love their products and generally in store you get good service but if there's a problem they wont help. i have a faulty product that they refuse to replace, they clearly don't follow the consumer act.",3.0,Neutral/Positive
Kiko Milano General,"sono stanco di lamentarmi e nessuno risolve il mio problema.

il 24/08 ho effettuato un ordine da kiko, con data di consegna e ritiro prevista presso il brt locker di spazio enel. tuttavia, il 28/08 ho ricevuto la notizia che questo locker è guasto e il mio ordine non è ancora stato consegnato.

voglio cambiare l’indirizzo di consegna e ritiro in un punto che non presenti difetti, ma fino ad ora nessuno di kiko o di brt mi ha dato un riscontro.

ho bisogno di ricevere l’ordine entro questa settimana, poiché non rimarrò in italia a lungo. gli operatori impiegano troppo tempo a rispondere.

se il mio problema non verrà risolto, annullerò l’ordine. è una totale mancanza di rispetto verso il cliente!",Trustpilot,2025-09-04T15:51:48.000Z,3.0,"sono stanco di lamentarmi e nessuno risolve il mio problema.

il 24/08 ho effettuato un ordine da kiko, con data di consegna e ritiro prevista presso il brt locker di spazio enel. tuttavia, il 28/08 ho ricevuto la notizia che questo locker è guasto e il mio ordine non è ancora stato consegnato.

voglio cambiare l’indirizzo di consegna e ritiro in un punto che non presenti difetti, ma fino ad ora nessuno di kiko o di brt mi ha dato un riscontro.

ho bisogno di ricevere l’ordine entro questa settimana, poiché non rimarrò in italia a lungo. gli operatori impiegano troppo tempo a rispondere.

se il mio problema non verrà risolto, annullerò l’ordine. è una totale mancanza di rispetto verso il cliente!",3.0,Neutral/Positive
Kiko Milano General,"ik haal mijn producten altijd bij kiko maar wacht nu al meer dan een maand op mijn bestelling. gemaild met de klantenservice maar, ze konden hem niet vinden, moest alle gegevens sturen. dit heb ik direct gedaan maar nu nog steeds geen producten na 3 weken geleden mijn gegevens hebben gestuurd.",Trustpilot,2025-09-04T13:11:27.000Z,3.0,"ik haal mijn producten altijd bij kiko maar wacht nu al meer dan een maand op mijn bestelling. gemaild met de klantenservice maar, ze konden hem niet vinden, moest alle gegevens sturen. dit heb ik direct gedaan maar nu nog steeds geen producten na 3 weken geleden mijn gegevens hebben gestuurd.",3.0,Neutral/Positive
Kiko Milano General,"pessima esperienza oggi, 03/09/2025 alle ore 16:00, presso il negozio kiko di torri bianche (vimercate).
la commessa si è dimostrata maleducata e strafottente fin dal primo momento, senza alcuna disponibilità ad aiutare o a rispondere con cortesia. un atteggiamento totalmente fuori luogo per chi lavora a contatto con i clienti.
sono rimasta molto delusa: mi aspettavo professionalità e attenzione, invece ho trovato scortesia e arroganza. sicuramente non tornerò più in questo punto vendita",Trustpilot,2025-09-03T19:32:38.000Z,3.0,"pessima esperienza oggi, 03/09/2025 alle ore 16:00, presso il negozio kiko di torri bianche (vimercate).
la commessa si è dimostrata maleducata e strafottente fin dal primo momento, senza alcuna disponibilità ad aiutare o a rispondere con cortesia. un atteggiamento totalmente fuori luogo per chi lavora a contatto con i clienti.
sono rimasta molto delusa: mi aspettavo professionalità e attenzione, invece ho trovato scortesia e arroganza. sicuramente non tornerò più in questo punto vendita",3.0,Neutral/Positive
Kiko Milano General,"i give one star because it‘s not possible to give 0 stars. 
i ordered one month ago and i haven‘t receiver my order yet, i tried to contact their „customer sevice“ and i didn‘t get any information. the tracking link that they sent me doesn‘t work",Trustpilot,2025-09-03T11:20:33.000Z,3.0,"i give one star because it‘s not possible to give 0 stars. 
i ordered one month ago and i haven‘t receiver my order yet, i tried to contact their „customer sevice“ and i didn‘t get any information. the tracking link that they sent me doesn‘t work",3.0,Neutral/Positive
Kiko Milano General,je word in nederland  in het engels aangesproken. als je aangeeft nederlands te willen  praten blijft men stug in het engels terug praten. men laat je bij het afrekenen  wachten om eerst vakken bij te vullen.,Trustpilot,2025-09-02T18:48:27.000Z,3.0,je word in nederland  in het engels aangesproken. als je aangeeft nederlands te willen  praten blijft men stug in het engels terug praten. men laat je bij het afrekenen  wachten om eerst vakken bij te vullen.,3.0,Neutral/Positive
Kiko Milano General,"j'ai réalisé une commande sur le site et je devais avoir un cadeau. cependant après avoir remarqué que j'avais oublié un produit, j'ai annulé ma commande pour la refaire.
en refaisant la commande, le cadeau ne s'affichant pas, j'ai contacté le service client, qui déjà a mis 8 jours ouvrés à répondre, pour me dire que si la commande était annulée le cadeau était perdu. je ne trouve pas ça correct.",Trustpilot,2025-09-01T17:11:29.000Z,3.0,"j'ai réalisé une commande sur le site et je devais avoir un cadeau. cependant après avoir remarqué que j'avais oublié un produit, j'ai annulé ma commande pour la refaire.
en refaisant la commande, le cadeau ne s'affichant pas, j'ai contacté le service client, qui déjà a mis 8 jours ouvrés à répondre, pour me dire que si la commande était annulée le cadeau était perdu. je ne trouve pas ça correct.",3.0,Neutral/Positive
Kiko Milano General,"ich habe am 19.08. bestellt und meine bestellung ist bis heute 01.09. nicht angekommen, obwohl sie auf ihrer webseite angeben, der versand würde 3-5 tage dauern. vor einer woche habe ich mich an den kundenservice gewendet und habe bis heute keine antwort bekommen.",Trustpilot,2025-09-01T16:27:30.000Z,3.0,"ich habe am 19.08. bestellt und meine bestellung ist bis heute 01.09. nicht angekommen, obwohl sie auf ihrer webseite angeben, der versand würde 3-5 tage dauern. vor einer woche habe ich mich an den kundenservice gewendet und habe bis heute keine antwort bekommen.",3.0,Neutral/Positive
Kiko Milano General,"hace dos días fui a kiko milano, a la tienda que está en río shopping. lo que me han vendido no es lo que yo había pedido. me ofrecieron otro producto, supuestamente, similar, y me lo llevé .allí me dieron a probar el que me llevaba. resulta que cuando lo he utilizado en mi casa nada que ver con lo que me pusieron en tienda, que era un pintalabios fijo rojo. esto es un brillo. por suerte, a los dos días he ido de nuevo a la tienda, me ha atendido otra persona,  y me ha devuelto el dinero de uno de los pintalabios, y ahora sí, me han ofrecido otro pintalabios fijo en sustitución del segundo que yo había comprado la primera vez.",Trustpilot,2025-08-27T15:31:55.000Z,3.0,"hace dos días fui a kiko milano, a la tienda que está en río shopping. lo que me han vendido no es lo que yo había pedido. me ofrecieron otro producto, supuestamente, similar, y me lo llevé .allí me dieron a probar el que me llevaba. resulta que cuando lo he utilizado en mi casa nada que ver con lo que me pusieron en tienda, que era un pintalabios fijo rojo. esto es un brillo. por suerte, a los dos días he ido de nuevo a la tienda, me ha atendido otra persona,  y me ha devuelto el dinero de uno de los pintalabios, y ahora sí, me han ofrecido otro pintalabios fijo en sustitución del segundo que yo había comprado la primera vez.",3.0,Neutral/Positive
Kiko Milano General,"kiko milano à olbia en italie, la vendeuse super désagréable nous a pris de haut et nous a fait sortir du magasin, nous avons même pas pu regarder, pourtant nous avons été polis et courtois",Trustpilot,2025-08-27T15:02:41.000Z,3.0,"kiko milano à olbia en italie, la vendeuse super désagréable nous a pris de haut et nous a fait sortir du magasin, nous avons même pas pu regarder, pourtant nous avons été polis et courtois",3.0,Neutral/Positive
Kiko Milano General,"kiko customer service is extremely poor.

i got into contact back in july, case reference 01514654.

they told me they would investigate and i have chased up for weeks, they have not gotten back to me.


really disappointing, do not shop with kiko!",Trustpilot,2025-08-27T11:25:52.000Z,3.0,"kiko customer service is extremely poor.

i got into contact back in july, case reference 01514654.

they told me they would investigate and i have chased up for weeks, they have not gotten back to me.


really disappointing, do not shop with kiko!",3.0,Neutral/Positive
Kiko Milano General,"visite dans le kiko aubagne vers 14h30
j' attendais en caisse pendant que les 3 employées discutais entre elles  sans me prêter attention, au bout d' un moment,une d entre elles m a demandé d'attendre 5 mn, du coup j' ai reposé mes articles et je suis partie !
travaillant moi-même dans le commerce, je trouve cela inacceptable",Trustpilot,2025-08-25T22:42:51.000Z,3.0,"visite dans le kiko aubagne vers 14h30
j' attendais en caisse pendant que les 3 employées discutais entre elles  sans me prêter attention, au bout d' un moment,une d entre elles m a demandé d'attendre 5 mn, du coup j' ai reposé mes articles et je suis partie !
travaillant moi-même dans le commerce, je trouve cela inacceptable",3.0,Neutral/Positive
Kiko Milano General,"sono stata questa sera al negozio kiko del centro commerciale adigeo di verona. la mia esperienza è stata veramente positiva perché ho trovato due commesse meravigliose, brigitte ed elena. servono i clienti con competenza ed estrema attenzione e sono davvero simpatiche. ce ne fossero sempre commesse così!",Trustpilot,2025-08-22T21:59:29.000Z,3.0,"sono stata questa sera al negozio kiko del centro commerciale adigeo di verona. la mia esperienza è stata veramente positiva perché ho trovato due commesse meravigliose, brigitte ed elena. servono i clienti con competenza ed estrema attenzione e sono davvero simpatiche. ce ne fossero sempre commesse così!",3.0,Neutral/Positive
Kiko Milano General,"la mia valutazione é stata data a brigitte ed elena, addette alle vendite di kiko dell’adigeo di verona. due ragazze in gamba, simpatiche e volenterose. spero che l’azienda premi queste due lavoratrici per l’impegno che mettono nel loro lavoro.",Trustpilot,2025-08-22T21:57:38.000Z,3.0,"la mia valutazione é stata data a brigitte ed elena, addette alle vendite di kiko dell’adigeo di verona. due ragazze in gamba, simpatiche e volenterose. spero che l’azienda premi queste due lavoratrici per l’impegno che mettono nel loro lavoro.",3.0,Neutral/Positive
Kiko Milano General,"oggi sono stata nel negozio kiko di le gru perché volevo acquistare due mascara identici all'ultimo che l'ho usato in quanto mi è piaciuto tantissimo. dopo che pago, esco fuori dal negozio mi viene il dubbio sul prezzo, rientro e chiedo come mai quel prezzo. mi hanno risposto che il mascara è questo, mi fa vedere un'altro accanto. praticamente hanno esposto uno senza l'imballaggio e dietro nella stessa fila erano messi altri di un'altro tipo. come ché dalla confezione non ci si accorge ci sono cascata . mi fa vedere che su quello senza la confezione c'è scritto ""coming son "" piccolino che vuol dire in arrivo. dico alla commessa non potete mettere cose diverse dove è esposto questo che non c'è più. mi hanno risposto, signora la nostra politica è che non dobbiamo lasciare spazi liberi , dovete chiedere a noi  per quello che siamo qua. ho chiesto il reso, mi ha detto che ci voleva una settimana per avere il bonifico quindi ho lasciato stare .state attenti, anche se i prodotti non sono disponibili mettono quello esposto davanti senza l'imballaggio e altri dietro in fila che non c'entrano nulla con quello esposto, così ci cascate e prendete altro. poi se uno non sa inglese come me oppure non si accorge della scritta ci casca. 
mai più da loro.",Trustpilot,2025-08-22T13:59:23.000Z,3.0,"oggi sono stata nel negozio kiko di le gru perché volevo acquistare due mascara identici all'ultimo che l'ho usato in quanto mi è piaciuto tantissimo. dopo che pago, esco fuori dal negozio mi viene il dubbio sul prezzo, rientro e chiedo come mai quel prezzo. mi hanno risposto che il mascara è questo, mi fa vedere un'altro accanto. praticamente hanno esposto uno senza l'imballaggio e dietro nella stessa fila erano messi altri di un'altro tipo. come ché dalla confezione non ci si accorge ci sono cascata . mi fa vedere che su quello senza la confezione c'è scritto ""coming son "" piccolino che vuol dire in arrivo. dico alla commessa non potete mettere cose diverse dove è esposto questo che non c'è più. mi hanno risposto, signora la nostra politica è che non dobbiamo lasciare spazi liberi , dovete chiedere a noi  per quello che siamo qua. ho chiesto il reso, mi ha detto che ci voleva una settimana per avere il bonifico quindi ho lasciato stare .state attenti, anche se i prodotti non sono disponibili mettono quello esposto davanti senza l'imballaggio e altri dietro in fila che non c'entrano nulla con quello esposto, così ci cascate e prendete altro. poi se uno non sa inglese come me oppure non si accorge della scritta ci casca. 
mai più da loro.",3.0,Neutral/Positive
Kiko Milano General,"wacht al 2 weken op me.bestelling
en alles.was.in stock 
zeer slecht  te bereiken en reageren niet.op.mail.
en geen code van gls  bedrijf",Trustpilot,2025-08-21T20:43:23.000Z,3.0,"wacht al 2 weken op me.bestelling
en alles.was.in stock 
zeer slecht  te bereiken en reageren niet.op.mail.
en geen code van gls  bedrijf",3.0,Neutral/Positive
Kiko Milano General,"har købt 11 øjneblyanter og finder ud af jeg har givet 30 kr mere pr stk i spanien end de koster i dk . 
noget af en forskel .",Trustpilot,2025-08-20T18:16:36.000Z,3.0,"har købt 11 øjneblyanter og finder ud af jeg har givet 30 kr mere pr stk i spanien end de koster i dk . 
noget af en forskel .",3.0,Neutral/Positive
Kiko Milano General,"my sister and i would like to say big massive thank you to nicky, reed, rav, iona and costin, they are the team at brimingham branch. thank you all for the excellent customer service, professionalism and your knowledge of the products are amazing. we are highly pleased with their professional manners.

each one of them and specially nicky helped us to choose the right products for our skin tune and our needs.

the team are very polite, helpful, friendly and patient. we really appreciate thier effort and help.

we are very pleased with the exceptional service we received. they have exceeded our expectations. thank you all for your help and the amazing customer experience. you are all stars!",Trustpilot,2025-08-20T17:04:41.000Z,3.0,"my sister and i would like to say big massive thank you to nicky, reed, rav, iona and costin, they are the team at brimingham branch. thank you all for the excellent customer service, professionalism and your knowledge of the products are amazing. we are highly pleased with their professional manners.

each one of them and specially nicky helped us to choose the right products for our skin tune and our needs.

the team are very polite, helpful, friendly and patient. we really appreciate thier effort and help.

we are very pleased with the exceptional service we received. they have exceeded our expectations. thank you all for your help and the amazing customer experience. you are all stars!",3.0,Neutral/Positive
Kiko Milano General,"seit einige zeit habe ich die kiko-kosmetik für mich entdeckt und freue mich sehr, das ich dabei die „gute fee“ in düsseldorfer-filiale gefunden habe! die kundenberaterin kristina, die mit der hochkompetenz über ganze produktpalette, ihre delikate und kundenfreundliche art macht das einkaufen bei kiko zum ein erlebnis! große lob an ihre mitarbeiterin, ich komme immer wieder gerne!",Trustpilot,2025-08-19T21:47:43.000Z,3.0,"seit einige zeit habe ich die kiko-kosmetik für mich entdeckt und freue mich sehr, das ich dabei die „gute fee“ in düsseldorfer-filiale gefunden habe! die kundenberaterin kristina, die mit der hochkompetenz über ganze produktpalette, ihre delikate und kundenfreundliche art macht das einkaufen bei kiko zum ein erlebnis! große lob an ihre mitarbeiterin, ich komme immer wieder gerne!",3.0,Neutral/Positive
Kiko Milano General,"très mauvaise expérience pour une commande effectuée sur le site aucun contact pour le service client car commande en retard ....tout est flou et mal expliqué 
je regrette d avoir passé commande 
il y a un centre d aide mais c est un global c est vraiment nul et j insiste !!!!",Trustpilot,2025-08-19T15:50:22.000Z,3.0,"très mauvaise expérience pour une commande effectuée sur le site aucun contact pour le service client car commande en retard ....tout est flou et mal expliqué 
je regrette d avoir passé commande 
il y a un centre d aide mais c est un global c est vraiment nul et j insiste !!!!",3.0,Neutral/Positive
Kiko Milano General,"non sono mai stata una cliente kiko ma spinta dalla promozione e dai saldi estivi faccio due ordini nel giro di due giorni. ordini spediti immediatamente ma dopo dieci giorni il link di tracciamento risulta inesistente. ovviamente anche a me nessuna risposta dal servizio clienti anche su instagram, mi dissero che avrebbero controllato ma nulla. per fortuna ho scelto il pagamento in contrassegno, ma l'unica cosa che posso consigliarvi è di non fare ordini online.  se proprio volete, pagate così o con paypal così vi fate rimborsare. almeno non perdiamo soldi",Trustpilot,2025-08-18T23:13:38.000Z,3.0,"non sono mai stata una cliente kiko ma spinta dalla promozione e dai saldi estivi faccio due ordini nel giro di due giorni. ordini spediti immediatamente ma dopo dieci giorni il link di tracciamento risulta inesistente. ovviamente anche a me nessuna risposta dal servizio clienti anche su instagram, mi dissero che avrebbero controllato ma nulla. per fortuna ho scelto il pagamento in contrassegno, ma l'unica cosa che posso consigliarvi è di non fare ordini online.  se proprio volete, pagate così o con paypal così vi fate rimborsare. almeno non perdiamo soldi",3.0,Neutral/Positive
Kiko Milano General,"my daughter introduced me to kiko 4 days ago, i bought an eyeshadow palette and eyeliner. i am so impressed, we are going back tomorrow to our nearest store (40 minutes drive away, on a good day!) to buy more! i am shocked by so many negative reviews on this site! my daughter is 14 and i’m 52!",Trustpilot,2025-08-17T22:31:02.000Z,3.0,"my daughter introduced me to kiko 4 days ago, i bought an eyeshadow palette and eyeliner. i am so impressed, we are going back tomorrow to our nearest store (40 minutes drive away, on a good day!) to buy more! i am shocked by so many negative reviews on this site! my daughter is 14 and i’m 52!",3.0,Neutral/Positive
Kiko Milano General,"i bought a nail polish, it was so bad to apply-left so many little lumps on my nail, i am assuming it was off dated. it came off in one day, right after applying… obviously i did not check here, ı just assumed it was a good/famous brand… ı also bought some lipsticks as well, it was the same experience. so disappointed.",Trustpilot,2025-08-17T19:34:20.000Z,3.0,"i bought a nail polish, it was so bad to apply-left so many little lumps on my nail, i am assuming it was off dated. it came off in one day, right after applying… obviously i did not check here, ı just assumed it was a good/famous brand… ı also bought some lipsticks as well, it was the same experience. so disappointed.",3.0,Neutral/Positive
Kiko Milano General,"oggi sono stata in un vostro negozio e come sempre sono stata soddisfatta ma oggi sono uscita ancora più felice perché grazie a ofelia ho ricevuto il mio primo regalo cosa che non mi aveva mai suggerito nessuno.....è stata gentilissima ,mi ha consigliato benissimo....spero di ritrovarla presto....",Trustpilot,2025-08-17T13:22:11.000Z,3.0,"oggi sono stata in un vostro negozio e come sempre sono stata soddisfatta ma oggi sono uscita ancora più felice perché grazie a ofelia ho ricevuto il mio primo regalo cosa che non mi aveva mai suggerito nessuno.....è stata gentilissima ,mi ha consigliato benissimo....spero di ritrovarla presto....",3.0,Neutral/Positive
Kiko Milano General,kilo meran wollte am sonntag etwas kaufen und wurde von der verkäuferin abgewiesen weil ich deutsche war überprüfen sie mal ihr personal nie wieder kiko es gibt ja auch noch andere geschäfte,Trustpilot,2025-08-17T13:20:41.000Z,3.0,kilo meran wollte am sonntag etwas kaufen und wurde von der verkäuferin abgewiesen weil ich deutsche war überprüfen sie mal ihr personal nie wieder kiko es gibt ja auch noch andere geschäfte,3.0,Neutral/Positive
Kiko Milano General,"comprato eyebrowmarker . prodotto inesistente …. riportato al negozio con scatolo e scontrino cambiato …. ancora peggio! la cosa assurda che la commessa consapevole dell inesistenza de prodotto . mi chiedo ma perché lo vendete questo si chiama furto!,,",Trustpilot,2025-08-16T20:40:02.000Z,3.0,"comprato eyebrowmarker . prodotto inesistente …. riportato al negozio con scatolo e scontrino cambiato …. ancora peggio! la cosa assurda che la commessa consapevole dell inesistenza de prodotto . mi chiedo ma perché lo vendete questo si chiama furto!,,",3.0,Neutral/Positive
Kiko Milano General,"mi sono trovata in un esperienza bellissima a palermo nel centro commerciale poseidone e quando entro vengo subito accolta da due ragazze super carine che mi hanno fatto provare tutta la nuova collezione pk avendo 15 anni nn sapevo cosa prendere una ragazza mi ha fatto sedere e mi ha truccato , trucco stupendo ringrazio le ragazze",Trustpilot,2025-08-16T15:17:53.000Z,3.0,"mi sono trovata in un esperienza bellissima a palermo nel centro commerciale poseidone e quando entro vengo subito accolta da due ragazze super carine che mi hanno fatto provare tutta la nuova collezione pk avendo 15 anni nn sapevo cosa prendere una ragazza mi ha fatto sedere e mi ha truccato , trucco stupendo ringrazio le ragazze",3.0,Neutral/Positive
Kiko Milano General,"buongiorno sono stata presso il negozio situato nel centro commerciale orsi di biella e devo elogiare marisabel …. il top in approccio professionale e commerciale. datele un aumento !!!!
gabriella",Trustpilot,2025-08-13T11:37:22.000Z,3.0,"buongiorno sono stata presso il negozio situato nel centro commerciale orsi di biella e devo elogiare marisabel …. il top in approccio professionale e commerciale. datele un aumento !!!!
gabriella",3.0,Neutral/Positive
Kiko Milano General,kiko milano puerto del carmen lanzarote es malísimo. dependientas que no se enteran de nada y quieren vender a toda costa. productos de baja calidad se estropean rápido,Trustpilot,2025-08-12T16:59:44.000Z,3.0,kiko milano puerto del carmen lanzarote es malísimo. dependientas que no se enteran de nada y quieren vender a toda costa. productos de baja calidad se estropean rápido,3.0,Neutral/Positive
Kiko Milano General,"kiko wird immer schlechter und schlechter und schlechter. der kauf lohnt sich überhaupt nicht mehr und die preise bleiben gleich, die menge wird immer weniger, die verarbeitung der verpackung wird immer billiger und unangenehm in der hand. in den bronzern fehlen inzwischen schon die spiegel die bronze haben in der qualität so stark abgenommen dass ich mir jetzt einen neuen hersteller suchen muss nachdem ich die letzten jahre immer auf kiko zurückgegriffen hatte aber ja sie wurden immer schlechter ich habe sie trotzdem gekauft weil sie trotzdem noch halbwegs in ordnung waren aber jetzt was jetzt auf dem markt gekommen ist, nein da kann ich bei temu besser china ware kaufen, da hätte ich mehr von.... kostet dann auch nur so viel wie es wert ist kein euro ich bin bei kiko raus was die für hochpreisige ware verschicken ist ein witz ich fühle mich als kundin von kiko verarscht von mir bekommen die keinen cent mehr, man kann sich auch zu tode sparen sollte man aber nicht an den kunden tun das ist bei kiko der fall, schade!",Trustpilot,2025-08-12T09:10:20.000Z,3.0,"kiko wird immer schlechter und schlechter und schlechter. der kauf lohnt sich überhaupt nicht mehr und die preise bleiben gleich, die menge wird immer weniger, die verarbeitung der verpackung wird immer billiger und unangenehm in der hand. in den bronzern fehlen inzwischen schon die spiegel die bronze haben in der qualität so stark abgenommen dass ich mir jetzt einen neuen hersteller suchen muss nachdem ich die letzten jahre immer auf kiko zurückgegriffen hatte aber ja sie wurden immer schlechter ich habe sie trotzdem gekauft weil sie trotzdem noch halbwegs in ordnung waren aber jetzt was jetzt auf dem markt gekommen ist, nein da kann ich bei temu besser china ware kaufen, da hätte ich mehr von.... kostet dann auch nur so viel wie es wert ist kein euro ich bin bei kiko raus was die für hochpreisige ware verschicken ist ein witz ich fühle mich als kundin von kiko verarscht von mir bekommen die keinen cent mehr, man kann sich auch zu tode sparen sollte man aber nicht an den kunden tun das ist bei kiko der fall, schade!",3.0,Neutral/Positive
Kiko Milano General,"je me suis rendu dans la boutique kiko de créteil soleil la semaine dernière, lors de mon passage en caisse une jeune femme très froide (amandine responsable de la boutique) me dit même pas un bonjour et malgré sa je lui dit quand même la seul chose qu’elle ose me dire c’est est ce que vous payer en carte bleue je me suis senti juste ridicule face à cette personne. comment est ce qu’une responsable de boutique peut parler comme sa à des clients???? c’est inacceptable.",Trustpilot,2025-08-11T00:54:03.000Z,3.0,"je me suis rendu dans la boutique kiko de créteil soleil la semaine dernière, lors de mon passage en caisse une jeune femme très froide (amandine responsable de la boutique) me dit même pas un bonjour et malgré sa je lui dit quand même la seul chose qu’elle ose me dire c’est est ce que vous payer en carte bleue je me suis senti juste ridicule face à cette personne. comment est ce qu’une responsable de boutique peut parler comme sa à des clients???? c’est inacceptable.",3.0,Neutral/Positive
Kiko Milano General,"i prodotti sono cambiati in negativo. ero cliente ma non ne acquisterò più in quanto la resa dei prodotti uno per l'altro è veramente pessima. le matite sono praticamente a metà, sia occhi che labbra. il prezzo non vale più la resa.
bocciato.",Trustpilot,2025-08-10T17:01:45.000Z,3.0,"i prodotti sono cambiati in negativo. ero cliente ma non ne acquisterò più in quanto la resa dei prodotti uno per l'altro è veramente pessima. le matite sono praticamente a metà, sia occhi che labbra. il prezzo non vale più la resa.
bocciato.",3.0,Neutral/Positive
Kiko Milano General,staff are very helpful and welcoming. always have time for their customers and show kindness towards everyone. molly and mandy were especially helpful and made my experience in store 100 times better. they guided me towards makeup i may want and supported my budget needs.,Trustpilot,2025-08-10T15:16:19.000Z,3.0,staff are very helpful and welcoming. always have time for their customers and show kindness towards everyone. molly and mandy were especially helpful and made my experience in store 100 times better. they guided me towards makeup i may want and supported my budget needs.,3.0,Neutral/Positive
Kiko Milano General,"alketa ,,she is soo sweet ,kind very very professional and helpful showed me whats for me and how to do it the outcome was so good on a scale of 10 i would add to 11 shes the best!",Trustpilot,2025-08-09T15:45:50.000Z,3.0,"alketa ,,she is soo sweet ,kind very very professional and helpful showed me whats for me and how to do it the outcome was so good on a scale of 10 i would add to 11 shes the best!",3.0,Neutral/Positive
Kiko Milano General,"pathetic. sent a parcel to lithuania that was intended for delivery to estonia. i received a foreign parcel, the value of which was half the amount paid and with useless goods",Trustpilot,2025-08-08T09:23:13.000Z,3.0,"pathetic. sent a parcel to lithuania that was intended for delivery to estonia. i received a foreign parcel, the value of which was half the amount paid and with useless goods",3.0,Neutral/Positive
Kiko Milano General,"ciao a tutti e voglio raccontare la mia esperienza negativa con kiko milano.
un giorno porto il mio cv di persona e subito dopo vengo chiamata per un colloquio. 
dopo il colloquio vengo illusa e scartata. 
mi cercano loro dopo un po' di mesi perché avevano tenuto il mio cv  per solo periodo natalizio, dopo il colloquio ennesimo scarto e mi fanno capire che era perché non avevo esperienza. 
decido di chiudere con kiko milano e non mandarne più.
dopo 1 anno e mezzo mando su linkedin nello stesso posto che portai il mio cv di persona e che feci i miei due colloqui.
stavolta il colloquio era online, lo feci e mi fa la domanda se avessi preferenze di quali delle due sedi di ... volessi lavorare e io le risposi che non avevo preferenze. 
mi illude dicendomi a fine colloquio che mi faceva sapere un feedback in settimana sia in positivo e sia negativo. 
spariti... 
contatto chi mi fece il colloquio dicendogli che volevo avere un feedback e mi dice che nel pomeriggio me lo darà, ovviamente era una presa in giro.
dalla rabbia la ricontatto e non risponde e gli lascio un messaggio in segreteria telefonica e poi mi si dà il feedback per messaggio dopo averle rotto io le scatole dicendomi che non avrebbero portato avanti la mia selezione.
dimostrando pure di essere aperta, interessata al lavoro non facendo preferenze,  mi hanno voluta illudere di nuovo, scartandomi e facendomi perdere tempo ed energie. 
mai più manderò cv a kiko, sono una azienda poco seria che assume i raccomandati e non chi ci mette la faccia e dimostra interesse e disponibilità al lavoro.
vergogna!
non portate il cv da kiko perché se non avete conoscenze trovano una scusa per scartati.",Trustpilot,2025-08-04T12:05:23.000Z,3.0,"ciao a tutti e voglio raccontare la mia esperienza negativa con kiko milano.
un giorno porto il mio cv di persona e subito dopo vengo chiamata per un colloquio. 
dopo il colloquio vengo illusa e scartata. 
mi cercano loro dopo un po' di mesi perché avevano tenuto il mio cv  per solo periodo natalizio, dopo il colloquio ennesimo scarto e mi fanno capire che era perché non avevo esperienza. 
decido di chiudere con kiko milano e non mandarne più.
dopo 1 anno e mezzo mando su linkedin nello stesso posto che portai il mio cv di persona e che feci i miei due colloqui.
stavolta il colloquio era online, lo feci e mi fa la domanda se avessi preferenze di quali delle due sedi di ... volessi lavorare e io le risposi che non avevo preferenze. 
mi illude dicendomi a fine colloquio che mi faceva sapere un feedback in settimana sia in positivo e sia negativo. 
spariti... 
contatto chi mi fece il colloquio dicendogli che volevo avere un feedback e mi dice che nel pomeriggio me lo darà, ovviamente era una presa in giro.
dalla rabbia la ricontatto e non risponde e gli lascio un messaggio in segreteria telefonica e poi mi si dà il feedback per messaggio dopo averle rotto io le scatole dicendomi che non avrebbero portato avanti la mia selezione.
dimostrando pure di essere aperta, interessata al lavoro non facendo preferenze,  mi hanno voluta illudere di nuovo, scartandomi e facendomi perdere tempo ed energie. 
mai più manderò cv a kiko, sono una azienda poco seria che assume i raccomandati e non chi ci mette la faccia e dimostra interesse e disponibilità al lavoro.
vergogna!
non portate il cv da kiko perché se non avete conoscenze trovano una scusa per scartati.",3.0,Neutral/Positive
Kiko Milano General,"ich habe bei kiko schon mehrfach eingekauft, und bin mit der ware immer zufrieden. ich habe auch schon mehrfach online bestellt. nur dieses mal habe ich bei meiner online bestellung wieder etwas zurückgeschickt. ich habe nach kurzer zeit eine e-mail bekommen, dass die rücksendung anerkannt wird und ich mein geld zurückbekomme, dass es aber bis zu zehn werktagen dauern kann, bis man die erstattung sieht. fünf wochen später habe ich mein geld immer noch nicht. ich habe der firma schon zweimal eine e-mail geschickt, keine reaktion. vor zehn tagen habe ich es über paypal gemeldet, keine reaktion. ich bin maßlos enttäuscht und verstehe nicht was hier los ist. ich habe ihn bewertungen aber schon gelesen, dass es mehreren menschen so geht. ich gehe fast davon aus, dass ich mein geld los bin und nicht wiederkommen. in zukunft werde ich nur noch im laden einkaufen, aber online werde ich definitiv nichts mehr bestellen. so update 15.8.2025 nachdem ich bei paypal käuferschutz beantragt habe, habe ich jetzt noch zwei wochen per e-mail eine gutschrift von kiko bekommen. also auch als beleg. und das geld habe ich über paypal abzüglich einer gebühr auch wieder bekommen. trotzdem bestellt nicht bei kiko online. im laden habe ich gute erfahrungen gemacht, aber online nie wieder!",Trustpilot,2025-08-04T07:34:20.000Z,3.0,"ich habe bei kiko schon mehrfach eingekauft, und bin mit der ware immer zufrieden. ich habe auch schon mehrfach online bestellt. nur dieses mal habe ich bei meiner online bestellung wieder etwas zurückgeschickt. ich habe nach kurzer zeit eine e-mail bekommen, dass die rücksendung anerkannt wird und ich mein geld zurückbekomme, dass es aber bis zu zehn werktagen dauern kann, bis man die erstattung sieht. fünf wochen später habe ich mein geld immer noch nicht. ich habe der firma schon zweimal eine e-mail geschickt, keine reaktion. vor zehn tagen habe ich es über paypal gemeldet, keine reaktion. ich bin maßlos enttäuscht und verstehe nicht was hier los ist. ich habe ihn bewertungen aber schon gelesen, dass es mehreren menschen so geht. ich gehe fast davon aus, dass ich mein geld los bin und nicht wiederkommen. in zukunft werde ich nur noch im laden einkaufen, aber online werde ich definitiv nichts mehr bestellen. so update 15.8.2025 nachdem ich bei paypal käuferschutz beantragt habe, habe ich jetzt noch zwei wochen per e-mail eine gutschrift von kiko bekommen. also auch als beleg. und das geld habe ich über paypal abzüglich einer gebühr auch wieder bekommen. trotzdem bestellt nicht bei kiko online. im laden habe ich gute erfahrungen gemacht, aber online nie wieder!",3.0,Neutral/Positive
Kiko Milano General,"kiko oramai è diventata un'azienda che non ha cura dei clienti. sto cercando di fare da giorni un ordine oneline, ma ogni volta che provo ad inserire l indirizzo di casa mi dà un errore, rifaccio la procedura e mi esce un errore in un'altra casella. ho contattati in svariati modi il servizio clienti ma nessuno si è degnato di rispondere. se non sapete fare il vostro lavoro, chiudete che fate più bella figura.",Trustpilot,2025-08-03T12:26:54.000Z,3.0,"kiko oramai è diventata un'azienda che non ha cura dei clienti. sto cercando di fare da giorni un ordine oneline, ma ogni volta che provo ad inserire l indirizzo di casa mi dà un errore, rifaccio la procedura e mi esce un errore in un'altra casella. ho contattati in svariati modi il servizio clienti ma nessuno si è degnato di rispondere. se non sapete fare il vostro lavoro, chiudete che fate più bella figura.",3.0,Neutral/Positive
Kiko Milano General,"bonjour, 
je tiens à remercier alyssa de st priest (69800) qui a su trouver les tendances que je voulais pour mes rouges à lèvres, mon fond de teint, le blush. alyssa a été attentive, patiente, très à l'écoute. j'ai acheté toute la panoplie pour me maquiller cet été. une vrai pépite ce magasin, un vrai petit moment de bonheur. qualité prix, pour toutes les bourses. je recommande. juste une petite suggestion pour la direction prévoyez des cadeaux pour une fourchette de prix allant de 80€ à 100€ par exemple . vous fidéliserez encore plus votre clientèle. 
je reste attentive à vos changements. merci pour votre attention. 
bien cordialement.
une fashion victime de la mode 
maya l'abeille",Trustpilot,2025-08-02T18:37:33.000Z,3.0,"bonjour, 
je tiens à remercier alyssa de st priest (69800) qui a su trouver les tendances que je voulais pour mes rouges à lèvres, mon fond de teint, le blush. alyssa a été attentive, patiente, très à l'écoute. j'ai acheté toute la panoplie pour me maquiller cet été. une vrai pépite ce magasin, un vrai petit moment de bonheur. qualité prix, pour toutes les bourses. je recommande. juste une petite suggestion pour la direction prévoyez des cadeaux pour une fourchette de prix allant de 80€ à 100€ par exemple . vous fidéliserez encore plus votre clientèle. 
je reste attentive à vos changements. merci pour votre attention. 
bien cordialement.
une fashion victime de la mode 
maya l'abeille",3.0,Neutral/Positive
Kiko Milano General,"great product, terrible in store service and experience",Trustpilot,2025-07-31T15:04:51.000Z,3.0,"great product, terrible in store service and experience",3.0,Neutral/Positive
Kiko Milano General,"commande faite le 2 juillet profitant des quelques soldes, paiement validé via paypal puis le néant, 
 3 semaines après je fais une demande pour savoir ce quil se passe ( *demande 01517154) pour qu'au final 1 semaine après il procède au remboursement sans me donner aucune explications ni raisons. 
je ne peu à présent plus bénéficier des prix avantageux des soldes et n'ai pas eu mes produits!",Trustpilot,2025-07-30T21:41:14.000Z,3.0,"commande faite le 2 juillet profitant des quelques soldes, paiement validé via paypal puis le néant, 
 3 semaines après je fais une demande pour savoir ce quil se passe ( *demande 01517154) pour qu'au final 1 semaine après il procède au remboursement sans me donner aucune explications ni raisons. 
je ne peu à présent plus bénéficier des prix avantageux des soldes et n'ai pas eu mes produits!",3.0,Neutral/Positive
Kiko Milano General,"jai effectué une commande sur le site kiko le 18 juillet. nous sommes au 30 et la commande résulte toujours en préparation.
j'ai envoyé au moins 5 mails pour en savoir plus sur la livraison, pas de réponse à ce sujet. j'ai donc demandé à annuler ma commande : impossible de le faire.
mon argent et donc bloqué, commande ni livrée ni annulée ! 
expérience désastreuse, je n'achèterai jamais plus de la vie chez kiko.",Trustpilot,2025-07-30T12:53:02.000Z,3.0,"jai effectué une commande sur le site kiko le 18 juillet. nous sommes au 30 et la commande résulte toujours en préparation.
j'ai envoyé au moins 5 mails pour en savoir plus sur la livraison, pas de réponse à ce sujet. j'ai donc demandé à annuler ma commande : impossible de le faire.
mon argent et donc bloqué, commande ni livrée ni annulée ! 
expérience désastreuse, je n'achèterai jamais plus de la vie chez kiko.",3.0,Neutral/Positive
Kiko Milano General,"similar to the review below i have tried for a week to return a foundation. 

i've contacted kiko via social media and email, and they keep telling to request a refund via webpage, but when you click it it doesn't exist!

i have request a refund via my bank as i believe they're scamming customers by not upholding to laws of consumer act. 

avoid!!",Trustpilot,2025-07-28T23:55:28.000Z,3.0,"similar to the review below i have tried for a week to return a foundation. 

i've contacted kiko via social media and email, and they keep telling to request a refund via webpage, but when you click it it doesn't exist!

i have request a refund via my bank as i believe they're scamming customers by not upholding to laws of consumer act. 

avoid!!",3.0,Fraud & Scam Threat
Kiko Milano General,slechte klantenservice geen levering van artikelen maar wel betaald!,Trustpilot,2025-07-28T11:46:05.000Z,3.0,slechte klantenservice geen levering van artikelen maar wel betaald!,3.0,Neutral/Positive
Kiko Milano General,"if i could give xero stars i would.
i originally purchased a kiko hydra balm foundation on 02 shell from amazon. it was the absolute perfect t foundation for me.  when the tube was almost empty, i reordered 4 of this item from kiko milano uk direct.  after 30 days of receiving the order i opened the first tube. to my horror on application it would not apply to my face, congealing into what seemed like 2 separate products and leaving white shiny patches on my face and white bits, almost like bits of tissue, and left my face burning and red. i tried one of the other tubes, to find it the same. on examining the code on these 2 tubes i found it to be different from the one i purchased from amazon. 
i tried contacting kiko but couldn’t find a phone number or email address. i eventually called their store in the trafford centre in manchester and their store manager, waide, filled out an online form for me over the phone.
eventually i received an email reply asking me to return the order, with instructions how to do this online. i tried to do this but their system kept taking me to a blank page. i have emailed them twice about this and am still waiting for a response. 
the worst customer service i have ever received.
just received this response to my third email advising them that there is an issue with their website that will not allow me to progress my return further. 
unbelievable! 

thank you for contacting us. in reference to your request 01513826, we kindly inform you that we have return policy in case of damaged, faulty and incorrect items.

if you have not passed our return policy on the website there is nothing that we can do.

we apologize for inconvenience.

we remain at your disposal and thank you for choosing kiko milano.

have a pleasant day,

dorota
kiko milano customer service",Trustpilot,2025-07-28T11:04:32.000Z,3.0,"if i could give xero stars i would.
i originally purchased a kiko hydra balm foundation on 02 shell from amazon. it was the absolute perfect t foundation for me.  when the tube was almost empty, i reordered 4 of this item from kiko milano uk direct.  after 30 days of receiving the order i opened the first tube. to my horror on application it would not apply to my face, congealing into what seemed like 2 separate products and leaving white shiny patches on my face and white bits, almost like bits of tissue, and left my face burning and red. i tried one of the other tubes, to find it the same. on examining the code on these 2 tubes i found it to be different from the one i purchased from amazon. 
i tried contacting kiko but couldn’t find a phone number or email address. i eventually called their store in the trafford centre in manchester and their store manager, waide, filled out an online form for me over the phone.
eventually i received an email reply asking me to return the order, with instructions how to do this online. i tried to do this but their system kept taking me to a blank page. i have emailed them twice about this and am still waiting for a response. 
the worst customer service i have ever received.
just received this response to my third email advising them that there is an issue with their website that will not allow me to progress my return further. 
unbelievable! 

thank you for contacting us. in reference to your request 01513826, we kindly inform you that we have return policy in case of damaged, faulty and incorrect items.

if you have not passed our return policy on the website there is nothing that we can do.

we apologize for inconvenience.

we remain at your disposal and thank you for choosing kiko milano.

have a pleasant day,

dorota
kiko milano customer service",3.0,Health & Safety Threat
Kiko Milano General,"wat een zootje... ik bestelde hier reeds een aantal keer, zonder probleem, maar nu loopt er toch heel wat mis... een kompleet verkeerde product ontvangen, retour kan niet, want het geleverde product staat niet in de retourartikels. ik moet hiervoor speciaal naar de fysieke winkel (had deze dichtbij geweest, dan bestelde ik niet online :-s) nu krijg ik een voucher, maar deze dek niet de kost van het product dat ik bestelde. kiko maakte de fout in haar levering en toch moet ik opdraaien voor de kosten, hetzij de retourkosten, hetzij de brandstof, parkeerticket en tijdverlies naar de dichtstbijzijnde winkel. wat een slecht retourbeleid...",Trustpilot,2025-07-25T11:06:18.000Z,3.0,"wat een zootje... ik bestelde hier reeds een aantal keer, zonder probleem, maar nu loopt er toch heel wat mis... een kompleet verkeerde product ontvangen, retour kan niet, want het geleverde product staat niet in de retourartikels. ik moet hiervoor speciaal naar de fysieke winkel (had deze dichtbij geweest, dan bestelde ik niet online :-s) nu krijg ik een voucher, maar deze dek niet de kost van het product dat ik bestelde. kiko maakte de fout in haar levering en toch moet ik opdraaien voor de kosten, hetzij de retourkosten, hetzij de brandstof, parkeerticket en tijdverlies naar de dichtstbijzijnde winkel. wat een slecht retourbeleid...",3.0,Neutral/Positive
Kiko Milano General,i ordered 6 items.. and they are not cheap.. one of the items was a pink glitter eyeshadow.  i tried it on my hand.  it was silver..bright silver.... they wouldn't let me return as i had swatched it.. and they wouldn't give me a refund either.. so im stuck with an incorrect item.. i quoted the distance selling rules.   i will never purchase these again.. i will stick to urban decay    . terrible customer service  slow .and 10 emails for nothing.. avoid,Trustpilot,2025-07-23T20:02:53.000Z,3.0,i ordered 6 items.. and they are not cheap.. one of the items was a pink glitter eyeshadow.  i tried it on my hand.  it was silver..bright silver.... they wouldn't let me return as i had swatched it.. and they wouldn't give me a refund either.. so im stuck with an incorrect item.. i quoted the distance selling rules.   i will never purchase these again.. i will stick to urban decay    . terrible customer service  slow .and 10 emails for nothing.. avoid,3.0,Neutral/Positive
Kiko Milano General,"nie wieder bestelle ich vom kiko 
habe mein packet immer  noch nicht nach 2 wochen…… nie wieder bestelle ich bei euch. kundendienst nicht erreichbar….. 
bestellt dort nicht….",Trustpilot,2025-07-19T20:47:00.000Z,3.0,"nie wieder bestelle ich vom kiko 
habe mein packet immer  noch nicht nach 2 wochen…… nie wieder bestelle ich bei euch. kundendienst nicht erreichbar….. 
bestellt dort nicht….",3.0,Neutral/Positive
Kiko Milano General,siamo stati con la mia ragazza il 10/7/25 al punto vendita outlet valdichiana ed abbiamo acquistato diversi prodotti. una volta tornati a casa co siamo accorti che un articolo acquistato per un regalo ci era stato fatto pagare due volte… abbiamo scritto al customer care e da 10 giorni continuano a inventare scuse per nn rimborsare quanto fattoci pagare indebitamnete chiedendo sempre le foto degli stessi documenti di spesa ed asseremdo che nn sono leggibili!!! poco seri … mai piu!!!!,Trustpilot,2025-07-19T12:26:44.000Z,3.0,siamo stati con la mia ragazza il 10/7/25 al punto vendita outlet valdichiana ed abbiamo acquistato diversi prodotti. una volta tornati a casa co siamo accorti che un articolo acquistato per un regalo ci era stato fatto pagare due volte… abbiamo scritto al customer care e da 10 giorni continuano a inventare scuse per nn rimborsare quanto fattoci pagare indebitamnete chiedendo sempre le foto degli stessi documenti di spesa ed asseremdo che nn sono leggibili!!! poco seri … mai piu!!!!,3.0,Neutral/Positive
Kiko Milano General,"service client à revoir, j'ai acheté un panier de 35$. rien ne m'a été livré, il n'y a aucun numéro de téléphone que l'on peut appeler,  
code de la consommation – article l221-5
cet article impose que le professionnel fournisse ses coordonnées, y compris son numéro de téléphone, avant la conclusion du contrat, pour que le consommateur puisse le contacter rapidement et communiquer efficacement.",Trustpilot,2025-07-18T18:02:09.000Z,3.0,"service client à revoir, j'ai acheté un panier de 35$. rien ne m'a été livré, il n'y a aucun numéro de téléphone que l'on peut appeler,  
code de la consommation – article l221-5
cet article impose que le professionnel fournisse ses coordonnées, y compris son numéro de téléphone, avant la conclusion du contrat, pour que le consommateur puisse le contacter rapidement et communiquer efficacement.",3.0,Neutral/Positive
Kiko Milano General,"verstehe die negativen bewertungen nicht. der versand dauert zwar lang (ca. 10 tage)  da die ware aus italien geliefert wird, aber sie kommt, und das in einem einwandfreien zustand.",Trustpilot,2025-07-18T17:55:06.000Z,3.0,"verstehe die negativen bewertungen nicht. der versand dauert zwar lang (ca. 10 tage)  da die ware aus italien geliefert wird, aber sie kommt, und das in einem einwandfreien zustand.",3.0,Neutral/Positive
Kiko Milano General,"ho fatto un acquisto online ma subito dopo aver inviato l'ordine mi sono accorta di aver sbagliato il colore del fondotinta. ho annullato immediatamente l'ordine, nei tempi consentiti. ma per annullarlo devi raggiungere il loro sito attraverso un link che mandano loro. dal link non si accede e neppure copiando l'indirizzo . in questo modo non ho potuto annullare l'ordine ed ora per rendere il fondotinta dovrò andare in negozio a 20 km da casa.",Trustpilot,2025-07-18T15:53:16.000Z,3.0,"ho fatto un acquisto online ma subito dopo aver inviato l'ordine mi sono accorta di aver sbagliato il colore del fondotinta. ho annullato immediatamente l'ordine, nei tempi consentiti. ma per annullarlo devi raggiungere il loro sito attraverso un link che mandano loro. dal link non si accede e neppure copiando l'indirizzo . in questo modo non ho potuto annullare l'ordine ed ora per rendere il fondotinta dovrò andare in negozio a 20 km da casa.",3.0,Neutral/Positive
Kiko Milano General,"went to kiko on oxford street. i had the best experience with mya, she listened and helped us so much. she is really excellent",Trustpilot,2025-07-17T01:34:39.000Z,3.0,"went to kiko on oxford street. i had the best experience with mya, she listened and helped us so much. she is really excellent",3.0,Neutral/Positive
Kiko Milano General,"sono appena stata al centro commerciale campania e mi sono recata da kiko.
commesse scostumate,0 voglia di lavorare a 30 anni,chiacchieravano tra di loro e quando le ho chiesto “questo mascara viene 6 euro come leggo” loro ridevano tra di loro e mi hanno risposto “si quello che vedi”.
arrivo in cassa e il mascara costava 13 euro.
non è per il prezzo in più ma è per la loro 0 voglia di lavorare e di non aver prestato attenzione al cliente.
la cosa che più mi ha fatto innervosire è che loro continuavo a ridere tra di loro e parlare dei loro affari.
sicuramente non ci ritorneró più e sconsiglieró chinque ad acquistare in questo negozio.
è un appello per i responsabili,trovate commesse che hanno voglia di lavorare!
è uno schifo",Trustpilot,2025-07-15T19:38:43.000Z,3.0,"sono appena stata al centro commerciale campania e mi sono recata da kiko.
commesse scostumate,0 voglia di lavorare a 30 anni,chiacchieravano tra di loro e quando le ho chiesto “questo mascara viene 6 euro come leggo” loro ridevano tra di loro e mi hanno risposto “si quello che vedi”.
arrivo in cassa e il mascara costava 13 euro.
non è per il prezzo in più ma è per la loro 0 voglia di lavorare e di non aver prestato attenzione al cliente.
la cosa che più mi ha fatto innervosire è che loro continuavo a ridere tra di loro e parlare dei loro affari.
sicuramente non ci ritorneró più e sconsiglieró chinque ad acquistare in questo negozio.
è un appello per i responsabili,trovate commesse che hanno voglia di lavorare!
è uno schifo",3.0,Neutral/Positive
Kiko Milano General,"negozio di trevi a piazza umbra 
commessa giovane molto antipatica e scortese con le clienti 
commenti non consoni alla vendita comportamento poco professionale",Trustpilot,2025-07-14T18:55:40.000Z,3.0,"negozio di trevi a piazza umbra 
commessa giovane molto antipatica e scortese con le clienti 
commenti non consoni alla vendita comportamento poco professionale",3.0,Neutral/Positive
Kiko Milano General,"hice un pedido el 3 de julio, ya fue marcado como “enviado” pero nunca recibí el producto, no me dieron ningún número de seguimiento y no responden por ningún canal. llené formularios, mandé mails y también por instagram, y nada. ya pagué todo y no tengo forma de rastrear ni reclamar. necesito una solución urgente.
purchase n. 76368909",Trustpilot,2025-07-13T03:07:26.000Z,3.0,"hice un pedido el 3 de julio, ya fue marcado como “enviado” pero nunca recibí el producto, no me dieron ningún número de seguimiento y no responden por ningún canal. llené formularios, mandé mails y también por instagram, y nada. ya pagué todo y no tengo forma de rastrear ni reclamar. necesito una solución urgente.
purchase n. 76368909",3.0,Neutral/Positive
Kiko Milano General,"i usually buy from kiko and unfortunately it happened to me a lot that some items are missed!!!! they even don't care! once it happened to me that i ordered 2 different orders at the same day and from each of them some products were missed! value for around 50 €!!!  but because there were from 2 different order number that were done in the same day , they consider that i report 3 times and they refuse to make a refund! 
its super crazy because they always can do the same and say you are reporting a lot! i report a lot because you steal our orders a lot!!!!!",Trustpilot,2025-07-12T17:22:12.000Z,3.0,"i usually buy from kiko and unfortunately it happened to me a lot that some items are missed!!!! they even don't care! once it happened to me that i ordered 2 different orders at the same day and from each of them some products were missed! value for around 50 €!!!  but because there were from 2 different order number that were done in the same day , they consider that i report 3 times and they refuse to make a refund! 
its super crazy because they always can do the same and say you are reporting a lot! i report a lot because you steal our orders a lot!!!!!",3.0,Neutral/Positive
Kiko Milano General,"ho messo 1 stella perché purtroppo la qualità degli smalti è pessima  !!!!
 non prenderò mai più niente da kiko..... meglio spendere di più e rimanere soddisfatta che spendere poco e alla fine buttarlo nella immondizia !!!
delusa,mi dispiace....",Trustpilot,2025-07-12T13:16:18.000Z,3.0,"ho messo 1 stella perché purtroppo la qualità degli smalti è pessima  !!!!
 non prenderò mai più niente da kiko..... meglio spendere di più e rimanere soddisfatta che spendere poco e alla fine buttarlo nella immondizia !!!
delusa,mi dispiace....",3.0,Neutral/Positive
Kiko Milano General,"ho acquistato, come spesso accade, prodotti on line utilizzando per la prima volta il servizio del ritiro in negozio. esperienza pessima!!! l'ordine è stato registrato senza darmi la possibilità di pagare on line e chiedendomi il pagamento cash in negozio...fin qui nulla di irreparabile. i problemi sono cominciati quando però ho ricevuto la mail di invito a ritirare la merce in negozio entro 7 gg.
in negozio la commessa non ha potuto consegnarmi i prodotti ordinati perché c'erano anomalie nel processo di acquisto (pagamento in negozio per ordine effettuato on line). ha contattato in mia presenza l'assistenza per ricevere chiarimenti che non sono mai arrivati nonostante l'apertura di diversi ticket.
sono stata, infatti, in negozio altre 2 volte...l'ultima giovedì 10/07 per scoprire che l'ordine era misteriosamente scomparso...tant'è che non mi è stato possibile recuperare l'esatta data di acquisto (come richiesto dalla recensione)...orientativamente fine giugno.
inutile esprimere il mio disappunto...
la responsabile del negozio di rimini (c.so d'augusto) era palesemente mortificata e dispiaciuta per non aver avuto nessun riscontro ai suoi solleciti inviati all'azienda...alla fine ho proceduto con l'acquisto in negozio.
cortese, gentile e disponibile il personale in negozio...da rivedere, da parte dell'azienda, il servizio ""ritira in negozio""...perché molto insodfisfacente!!!",Trustpilot,2025-07-12T11:01:24.000Z,3.0,"ho acquistato, come spesso accade, prodotti on line utilizzando per la prima volta il servizio del ritiro in negozio. esperienza pessima!!! l'ordine è stato registrato senza darmi la possibilità di pagare on line e chiedendomi il pagamento cash in negozio...fin qui nulla di irreparabile. i problemi sono cominciati quando però ho ricevuto la mail di invito a ritirare la merce in negozio entro 7 gg.
in negozio la commessa non ha potuto consegnarmi i prodotti ordinati perché c'erano anomalie nel processo di acquisto (pagamento in negozio per ordine effettuato on line). ha contattato in mia presenza l'assistenza per ricevere chiarimenti che non sono mai arrivati nonostante l'apertura di diversi ticket.
sono stata, infatti, in negozio altre 2 volte...l'ultima giovedì 10/07 per scoprire che l'ordine era misteriosamente scomparso...tant'è che non mi è stato possibile recuperare l'esatta data di acquisto (come richiesto dalla recensione)...orientativamente fine giugno.
inutile esprimere il mio disappunto...
la responsabile del negozio di rimini (c.so d'augusto) era palesemente mortificata e dispiaciuta per non aver avuto nessun riscontro ai suoi solleciti inviati all'azienda...alla fine ho proceduto con l'acquisto in negozio.
cortese, gentile e disponibile il personale in negozio...da rivedere, da parte dell'azienda, il servizio ""ritira in negozio""...perché molto insodfisfacente!!!",3.0,Neutral/Positive
Kiko Milano General,"a fuir. commande d'une carte cadeau d'une valeur de 40 euros sur le site internet en date du 27/06 avec demande de réception par mail, évidemment jamais reçue relance multiples avec le service client rien n'est fait c'est honteux on est clairement sur du vol / j’ai obtenu gain de cause après avoir mis cet avis négatif et après avoir fais un signalement sur signalconso. merci à eux d’avoir enfin réglé la situation, mais ça m’a fortement refroidi pour réitérer une expérience sur leur site internet.",Trustpilot,2025-07-12T09:09:53.000Z,3.0,"a fuir. commande d'une carte cadeau d'une valeur de 40 euros sur le site internet en date du 27/06 avec demande de réception par mail, évidemment jamais reçue relance multiples avec le service client rien n'est fait c'est honteux on est clairement sur du vol / j’ai obtenu gain de cause après avoir mis cet avis négatif et après avoir fais un signalement sur signalconso. merci à eux d’avoir enfin réglé la situation, mais ça m’a fortement refroidi pour réitérer une expérience sur leur site internet.",3.0,Neutral/Positive
Kiko Milano General,"katastrophaler kundenservice und nicht funktionierende web services. ich habe eine bestellung am 1.7. aufgegeben. sollte angeblich am 6.7. hier sein. heute abend, 9.7., habe ich versucht, kiko zu kontaktieren - keine e-mail, kein kontaktformular auf der website. unter ""bestellung nachverfolgen"" wird ein link per e-mail verschickt, der dann auf eine leere seite führt (habe es mehrmals versucht). wirklich übel. man verliert enorm viel zeit und ärgert sich nur. lohnt sich nicht.",Trustpilot,2025-07-09T21:22:47.000Z,3.0,"katastrophaler kundenservice und nicht funktionierende web services. ich habe eine bestellung am 1.7. aufgegeben. sollte angeblich am 6.7. hier sein. heute abend, 9.7., habe ich versucht, kiko zu kontaktieren - keine e-mail, kein kontaktformular auf der website. unter ""bestellung nachverfolgen"" wird ein link per e-mail verschickt, der dann auf eine leere seite führt (habe es mehrmals versucht). wirklich übel. man verliert enorm viel zeit und ärgert sich nur. lohnt sich nicht.",3.0,Neutral/Positive
Kiko Milano General,"servizio clienti inesistente, sono 4 segnalazioni che mando al servizio clienti senza nessun riscontro. 
servizio clienti inesistente 
ho chiamato un negozio kiko ma le commesse,molto gentili e disponibili, non ti possono aiutare con l’online perché loro non hanno contatti con il sito web. assurdo.

il siti web ha un servizio clienti praticamente inesistente 
questa sarà l'ultima volta che acquisterò su questo sito.
veramente pessimi",Trustpilot,2025-07-07T10:59:04.000Z,3.0,"servizio clienti inesistente, sono 4 segnalazioni che mando al servizio clienti senza nessun riscontro. 
servizio clienti inesistente 
ho chiamato un negozio kiko ma le commesse,molto gentili e disponibili, non ti possono aiutare con l’online perché loro non hanno contatti con il sito web. assurdo.

il siti web ha un servizio clienti praticamente inesistente 
questa sarà l'ultima volta che acquisterò su questo sito.
veramente pessimi",3.0,Neutral/Positive
Kiko Milano General,"la señorita que atendía en el local de ondara no hizo otra cosa que cortarse las puntas del pelo mientras yo le hablaba y le preguntaba, una falta de respeto total. y al decirle que uno de los productos que había llevado olía mal me dijo que eran por el agua de rosas y no hizo más caso. nada de recomendaciones ni interés por lo que yo necesitaba.",Trustpilot,2025-07-07T10:38:32.000Z,3.0,"la señorita que atendía en el local de ondara no hizo otra cosa que cortarse las puntas del pelo mientras yo le hablaba y le preguntaba, una falta de respeto total. y al decirle que uno de los productos que había llevado olía mal me dijo que eran por el agua de rosas y no hizo más caso. nada de recomendaciones ni interés por lo que yo necesitaba.",3.0,Neutral/Positive
Kiko Milano General,"heute war ich das erste mal bei kiko in köln.
bin begeistert,tolle beratung ,sehr freundlich und tolle produkte.
versehe nicht die negativen bewertungen.
ich kann nur sagen ,top",Trustpilot,2025-07-05T20:35:53.000Z,3.0,"heute war ich das erste mal bei kiko in köln.
bin begeistert,tolle beratung ,sehr freundlich und tolle produkte.
versehe nicht die negativen bewertungen.
ich kann nur sagen ,top",3.0,Neutral/Positive
Kiko Milano General,"bonjour après avoir passé deux commandes sur leur site internet pour des cartes cadeaux d'une valeur de 20 € chacune une semaine après je n'ai toujours rien reçu par contre les sous sur mon compte ont bien été débités!! a fuir!! ayant déjà envoyé des mails sans réponse concrète de leur part, je continue d'attendre un retour positif leur part!!",Trustpilot,2025-07-04T15:05:26.000Z,3.0,"bonjour après avoir passé deux commandes sur leur site internet pour des cartes cadeaux d'une valeur de 20 € chacune une semaine après je n'ai toujours rien reçu par contre les sous sur mon compte ont bien été débités!! a fuir!! ayant déjà envoyé des mails sans réponse concrète de leur part, je continue d'attendre un retour positif leur part!!",3.0,Neutral/Positive
Kiko Milano General,"zeer slecht bedrijf.

bestelling gedaan, waarvan de helft foutief geleverd was. dit netjes gemeld om te retourneren, zodat ik de producten kan ontvangen die ik wél besteld heb. moet ik de retourkosten zelf betalen, terwijl de fout aan hun kant zit! zij sturen mij foute producten. je kunt ze op geen enkele manier bereiken en de reacties die je wel krijgt zijn standaard berichten. erg teleurstellend ik koop hier echt nooit meer.",Trustpilot,2025-07-04T12:41:05.000Z,3.0,"zeer slecht bedrijf.

bestelling gedaan, waarvan de helft foutief geleverd was. dit netjes gemeld om te retourneren, zodat ik de producten kan ontvangen die ik wél besteld heb. moet ik de retourkosten zelf betalen, terwijl de fout aan hun kant zit! zij sturen mij foute producten. je kunt ze op geen enkele manier bereiken en de reacties die je wel krijgt zijn standaard berichten. erg teleurstellend ik koop hier echt nooit meer.",3.0,Neutral/Positive
Kiko Milano General,"echt heel slecht. je krijgt geen ontvangstbevestiging. ze zijn op geen enkele manier bereikbaar en annuleren kan dan ook niet. stuur je ze een e-mail?, nou dan krijg je na 5 keer mailen eindelijk een reactie maar met 0 empathie en ook geen excuses en ook nog eens engelstalig. annuleren mag ook niet en de bestelbevestiging met tracking krijg je natuurlijk ook nog steeds niet. wat een belachelijk bedrijf. hoe moeilijk is het een klantenservice te hebben?",Trustpilot,2025-07-03T15:22:50.000Z,3.0,"echt heel slecht. je krijgt geen ontvangstbevestiging. ze zijn op geen enkele manier bereikbaar en annuleren kan dan ook niet. stuur je ze een e-mail?, nou dan krijg je na 5 keer mailen eindelijk een reactie maar met 0 empathie en ook geen excuses en ook nog eens engelstalig. annuleren mag ook niet en de bestelbevestiging met tracking krijg je natuurlijk ook nog steeds niet. wat een belachelijk bedrijf. hoe moeilijk is het een klantenservice te hebben?",3.0,Neutral/Positive
Kiko Milano General,"fuyez ce site!!
commande jamais reçue, je l’attends depuis plus d’un mois .malgré plusieurs mails de relance aucune réponse.
et aucun numéro de tel
a part porter plainte je ne vois pas quoi faire",Trustpilot,2025-07-03T09:44:45.000Z,3.0,"fuyez ce site!!
commande jamais reçue, je l’attends depuis plus d’un mois .malgré plusieurs mails de relance aucune réponse.
et aucun numéro de tel
a part porter plainte je ne vois pas quoi faire",3.0,Neutral/Positive
Kiko Milano General,"1 stella perché non posso darne 0.
servizio clienti inesistente, oggi è mercoledì, è da giovedì che provo a contattarli ma niente.
mi reco in negozio (commesse gentili e disponibili) dove non possono aiutarmi con l’online perché neanche loro hanno i contatti.

siamo nel 2025 e non c’è un riferito per il customer service?

ultimo acquisto, preferisco scegliere un brand più costoso, ma con un servizio clienti funzionante.

ah e hanno pure tolto l’app per essere più ‘internazionali’",Trustpilot,2025-07-02T15:11:48.000Z,3.0,"1 stella perché non posso darne 0.
servizio clienti inesistente, oggi è mercoledì, è da giovedì che provo a contattarli ma niente.
mi reco in negozio (commesse gentili e disponibili) dove non possono aiutarmi con l’online perché neanche loro hanno i contatti.

siamo nel 2025 e non c’è un riferito per il customer service?

ultimo acquisto, preferisco scegliere un brand più costoso, ma con un servizio clienti funzionante.

ah e hanno pure tolto l’app per essere più ‘internazionali’",3.0,Neutral/Positive
Kiko Milano General,"pongo una estrella por qué menos no puedo, es una marca q miente y estafa al cliente. no obstante compramos un producto que se suponía que lo rebajaban y nos cobraron el precio normal del producto al ir a reclamar nos dijeron que nos lo rembolsaban y no a llegado ningún rembolso. fuimos otra vez a quejarnos, nos dijeron lo mismo, y siguen sin reembolsar el dinero",Trustpilot,2025-06-28T14:01:25.000Z,3.0,"pongo una estrella por qué menos no puedo, es una marca q miente y estafa al cliente. no obstante compramos un producto que se suponía que lo rebajaban y nos cobraron el precio normal del producto al ir a reclamar nos dijeron que nos lo rembolsaban y no a llegado ningún rembolso. fuimos otra vez a quejarnos, nos dijeron lo mismo, y siguen sin reembolsar el dinero",3.0,Neutral/Positive
Kiko Milano General,"rimmel, 30days extension! orroreeee non lo comprate mai! soldi buttati(e manco costa poco)emma roberts maxi mod! peggio di quello sopra! emma co tutti i soldi che ti avra' dato kiko hai fatto una figura di m..... con questo prodotto! da non comprare assolutamente!",Trustpilot,2025-06-28T10:58:36.000Z,3.0,"rimmel, 30days extension! orroreeee non lo comprate mai! soldi buttati(e manco costa poco)emma roberts maxi mod! peggio di quello sopra! emma co tutti i soldi che ti avra' dato kiko hai fatto una figura di m..... con questo prodotto! da non comprare assolutamente!",3.0,Neutral/Positive
Kiko Milano General,"j y suis allée ce midi avec une amie, nous sommes tombées sur amel de la boutique de montparnasse. super agréable, super pro, elle a pris son temps de nous expliquer et nous orienter sur les produits adaptées à notre peau métisse. 
je suis une cliente fidèle de kiko mais les vendeuses ne sont  habituellement pas aussi agréables. donc bravo amel enfin quelqu'un de solaire !",Trustpilot,2025-06-26T20:09:44.000Z,3.0,"j y suis allée ce midi avec une amie, nous sommes tombées sur amel de la boutique de montparnasse. super agréable, super pro, elle a pris son temps de nous expliquer et nous orienter sur les produits adaptées à notre peau métisse. 
je suis une cliente fidèle de kiko mais les vendeuses ne sont  habituellement pas aussi agréables. donc bravo amel enfin quelqu'un de solaire !",3.0,Neutral/Positive
Kiko Milano General,"muy mal, veo un lápiz rebajado con el 20% y cuando voy a pagarlo me quieren cobrar más. le digo a la señorita que me atendió cual es y de donde lo cogí y saca el descuento de la casilla y me dice que en el sistema no le sale con descuento. por supuesto que no lo compré. un timo",Trustpilot,2025-06-26T16:19:55.000Z,3.0,"muy mal, veo un lápiz rebajado con el 20% y cuando voy a pagarlo me quieren cobrar más. le digo a la señorita que me atendió cual es y de donde lo cogí y saca el descuento de la casilla y me dice que en el sistema no le sale con descuento. por supuesto que no lo compré. un timo",3.0,Neutral/Positive
Kiko Milano General,"soldi buttati!!!
recata in negozio principalmente per il loro eyeliner waterpoof solito che uso.
decido di cambiare e prenderlo in penna ed una skin tint.
mi viene consigliata la nuova linea juicy frizz,mi fido e la prendo.
eyeliner spacciato per waaterproof,perchè non resite per nulla ; skintint che ti rende gialla .
in realtà nemmeno 1 stella vi meritate. 
soldi proprio buttati!!!!",Trustpilot,2025-06-26T14:57:18.000Z,3.0,"soldi buttati!!!
recata in negozio principalmente per il loro eyeliner waterpoof solito che uso.
decido di cambiare e prenderlo in penna ed una skin tint.
mi viene consigliata la nuova linea juicy frizz,mi fido e la prendo.
eyeliner spacciato per waaterproof,perchè non resite per nulla ; skintint che ti rende gialla .
in realtà nemmeno 1 stella vi meritate. 
soldi proprio buttati!!!!",3.0,Neutral/Positive
Kiko Milano General,"ordered moisturiser, didn't get email confirmation and when logged into account wasn't showing but klarna had went through. contacted customer services. saw negative reviews and though oh no ‍♀️ i wont get a reply. but i got a reply order fine and recived today",Trustpilot,2025-06-25T19:57:17.000Z,3.0,"ordered moisturiser, didn't get email confirmation and when logged into account wasn't showing but klarna had went through. contacted customer services. saw negative reviews and though oh no ‍♀️ i wont get a reply. but i got a reply order fine and recived today",3.0,Neutral/Positive
Kiko Milano General,"reso facile ???????
dovevo acquistare uno smalto top coat che uso abitualmente. la commessa mi propone una offerta e ne acquisto 2 pagando con carta. mi accorgo di avere acquistato quello sbagliato e con scontrino e materiale acquistato intonso mi reco in negozio per cambiarlo. la commessa forse alle prime armi, scrive messaggi al suo capo, cerca di farmi andare bene quello che per sbaglio avevo acquistato, …. attendo le “direttive telefoniche” e alla fine mi viene detto che devo ripagare l’intero importo e che poi in seguito mi verrà riaccreditato. assurdo …. si promuove il “reso facile”
direi che non è proprio così… ma di sicuro è così che si perdono clienti.",Trustpilot,2025-06-25T07:02:33.000Z,3.0,"reso facile ???????
dovevo acquistare uno smalto top coat che uso abitualmente. la commessa mi propone una offerta e ne acquisto 2 pagando con carta. mi accorgo di avere acquistato quello sbagliato e con scontrino e materiale acquistato intonso mi reco in negozio per cambiarlo. la commessa forse alle prime armi, scrive messaggi al suo capo, cerca di farmi andare bene quello che per sbaglio avevo acquistato, …. attendo le “direttive telefoniche” e alla fine mi viene detto che devo ripagare l’intero importo e che poi in seguito mi verrà riaccreditato. assurdo …. si promuove il “reso facile”
direi che non è proprio così… ma di sicuro è così che si perdono clienti.",3.0,Neutral/Positive
Kiko Milano General,"i placed orders which were ""in preparation"" all the time. i did not receive any email whether it is possible to collect. i wrote to you about it and you did not solve my problem. today i logged into my account and this orders disappeared completely. you did not send an email that you canceled my order. i demand a refund for the canceled orders.
i will contact the ombudsman if you do not send me an email confirming the cancellation of my two orders and do not refund my money.
terrible contact. when i sent them a contact form they didn't send an email confirming receipt but i took pictures. they didn't fulfill the orders. they didn't send status updates. they canceled the orders they didn't send confirmations. they removed the orders from my account and it's impossible to contact them, they don't want to give my money back. thieves",Trustpilot,2025-06-24T09:43:28.000Z,3.0,"i placed orders which were ""in preparation"" all the time. i did not receive any email whether it is possible to collect. i wrote to you about it and you did not solve my problem. today i logged into my account and this orders disappeared completely. you did not send an email that you canceled my order. i demand a refund for the canceled orders.
i will contact the ombudsman if you do not send me an email confirming the cancellation of my two orders and do not refund my money.
terrible contact. when i sent them a contact form they didn't send an email confirming receipt but i took pictures. they didn't fulfill the orders. they didn't send status updates. they canceled the orders they didn't send confirmations. they removed the orders from my account and it's impossible to contact them, they don't want to give my money back. thieves",3.0,Neutral/Positive
Kiko Milano General,"kiko cc gigli firenze
esperienza positiva. 
commessa gentile e disponibile.",Trustpilot,2025-06-24T06:51:50.000Z,3.0,"kiko cc gigli firenze
esperienza positiva. 
commessa gentile e disponibile.",3.0,Neutral/Positive
Kiko Milano General,"smalto kiko smart colore latte menta: si stende malissimo,lascia strisce e comunque si rovina subito. imparate a fare gli smalti! purtroppo alcune marche del passato non sono più di moda ed è un vero peccato perché quelli si che erano buoni smalti. questo non si può nemmeno stendere. per fortuna che era la versione piccola così visto che lo butterò nella spazzatura,avrò perso soli pochi euro.
mai più smalti kiko. dovrebbero pagarmi per il tempo che ho perso e il nervoso,non solo per i soldi buttati. da kiko continuerò ad acquistare solo eye liner",Trustpilot,2025-06-22T17:07:48.000Z,3.0,"smalto kiko smart colore latte menta: si stende malissimo,lascia strisce e comunque si rovina subito. imparate a fare gli smalti! purtroppo alcune marche del passato non sono più di moda ed è un vero peccato perché quelli si che erano buoni smalti. questo non si può nemmeno stendere. per fortuna che era la versione piccola così visto che lo butterò nella spazzatura,avrò perso soli pochi euro.
mai più smalti kiko. dovrebbero pagarmi per il tempo che ho perso e il nervoso,non solo per i soldi buttati. da kiko continuerò ad acquistare solo eye liner",3.0,Neutral/Positive
Kiko Milano General,ich habe 3 produkte bestellt das puder kam kaputt an. darauf hin habe ich den kundenservice angeschrieben aussage vom kundenservice schicken sie das produkt auf eigenen kosten zurück oder kostenlos in einer filiale (nächste filiale ist 2h entfernt) oder ein 10 euro gutschein auf die nächste bestellung. also soll ich etwas bestellen um dann noch mehr geld in dem unternehmen zulassen.zusendung eines neuen produktes sei auch nicht möglich. hab mich an paypal gewendet und habe jetzt mein geld zurück erhalten.einmal und nie wieder.,Trustpilot,2025-06-21T15:56:38.000Z,3.0,ich habe 3 produkte bestellt das puder kam kaputt an. darauf hin habe ich den kundenservice angeschrieben aussage vom kundenservice schicken sie das produkt auf eigenen kosten zurück oder kostenlos in einer filiale (nächste filiale ist 2h entfernt) oder ein 10 euro gutschein auf die nächste bestellung. also soll ich etwas bestellen um dann noch mehr geld in dem unternehmen zulassen.zusendung eines neuen produktes sei auch nicht möglich. hab mich an paypal gewendet und habe jetzt mein geld zurück erhalten.einmal und nie wieder.,3.0,Neutral/Positive
Kiko Milano General,"i went to the oxford circus branch in london and it was very busy with customers. one sales attendant approached me at asked me if i needed help, of which i replied i needed help in finding the right foundations colour. at first she kept saying she needed to find her brushes but then she picked up some one use plastic strips, then at the sections of foundations she didn't know which one to go for and asked me which one i wanted of which i replied if i knew i wouldn't have asked, i am not the make up artist. she picked up bottle but in a very reluctant way and the started to put some on the left hand side of the face and asked me what i thought, the room is dark and doesn't give the right colour image, so i went by the front door to get natural sunlight but the colour looked green. i over heard her being asked by a real make up artist why was she taking care of me without qualifications and she said that i was not aware of this and she put the index finger on her nose as to say be quiet. at that point i felt i have missed out the opportunity to be looked after by a real expert in make up and so i left the shop. they lost my money as i made no purchase but also my trust as i will not buy from them again.",Trustpilot,2025-06-17T16:50:25.000Z,3.0,"i went to the oxford circus branch in london and it was very busy with customers. one sales attendant approached me at asked me if i needed help, of which i replied i needed help in finding the right foundations colour. at first she kept saying she needed to find her brushes but then she picked up some one use plastic strips, then at the sections of foundations she didn't know which one to go for and asked me which one i wanted of which i replied if i knew i wouldn't have asked, i am not the make up artist. she picked up bottle but in a very reluctant way and the started to put some on the left hand side of the face and asked me what i thought, the room is dark and doesn't give the right colour image, so i went by the front door to get natural sunlight but the colour looked green. i over heard her being asked by a real make up artist why was she taking care of me without qualifications and she said that i was not aware of this and she put the index finger on her nose as to say be quiet. at that point i felt i have missed out the opportunity to be looked after by a real expert in make up and so i left the shop. they lost my money as i made no purchase but also my trust as i will not buy from them again.",3.0,Neutral/Positive
Kiko Milano General,"perché non si trova da nessuna parte ,nemmeno online la matita ombretto di ""emma roberts"" n°3 ?",Trustpilot,2025-06-17T09:47:20.000Z,3.0,"perché non si trova da nessuna parte ,nemmeno online la matita ombretto di ""emma roberts"" n°3 ?",3.0,Neutral/Positive
Kiko Milano General,please do not buy anything online from kiko. i placed an order on 23/5/25 and still haven’t received it. i have contacted them on the only email address i could find and a reply came back from customer service saying ‘i’m going to consult with our specialists on this subject. i will contact them and come back to you with an answer as soon as possible’ . why does it need a specialist to find out why my order hasn’t been delivered…. i will continue chasing this because i’ve paid for the items but have no faith !! probably the worst service i’ve received from online shopping,Trustpilot,2025-06-16T21:02:44.000Z,3.0,please do not buy anything online from kiko. i placed an order on 23/5/25 and still haven’t received it. i have contacted them on the only email address i could find and a reply came back from customer service saying ‘i’m going to consult with our specialists on this subject. i will contact them and come back to you with an answer as soon as possible’ . why does it need a specialist to find out why my order hasn’t been delivered…. i will continue chasing this because i’ve paid for the items but have no faith !! probably the worst service i’ve received from online shopping,3.0,Neutral/Positive
Kiko Milano General,"waardeloos, zeer teleurstellende ervaring
ik heb 2 x lipgloss nummer 101 besteld, maar kreeg kleur 105 geleverd. ondanks dat het duidelijk hun fout was, moet ik de retourkosten zelf betalen. ik heb meerdere keren gemaild met de uitleg dat zíj de verkeerde kleur hebben gestuurd, maar kreeg telkens standaardreacties waar ik niets mee kon. geen enkel teken van verantwoordelijkheid of klantgerichtheid. erg jammer – dit was voor mij de laatste keer dat ik hier iets bestel.",Trustpilot,2025-06-13T19:34:45.000Z,3.0,"waardeloos, zeer teleurstellende ervaring
ik heb 2 x lipgloss nummer 101 besteld, maar kreeg kleur 105 geleverd. ondanks dat het duidelijk hun fout was, moet ik de retourkosten zelf betalen. ik heb meerdere keren gemaild met de uitleg dat zíj de verkeerde kleur hebben gestuurd, maar kreeg telkens standaardreacties waar ik niets mee kon. geen enkel teken van verantwoordelijkheid of klantgerichtheid. erg jammer – dit was voor mij de laatste keer dat ik hier iets bestel.",3.0,Neutral/Positive
Kiko Milano General,"ieri sono stata alla kiko in cartiera e ogni volta spero sempre di trovare rita…una ragazza veramente cordiale,gentile e professionale…infatti dovevo acquistare solo un rossetto e invece sono rientrata con metà negozio!!",Trustpilot,2025-06-12T12:08:52.000Z,3.0,"ieri sono stata alla kiko in cartiera e ogni volta spero sempre di trovare rita…una ragazza veramente cordiale,gentile e professionale…infatti dovevo acquistare solo un rossetto e invece sono rientrata con metà negozio!!",3.0,Neutral/Positive
Kiko Milano General,"betrüger firma. ware nicht erhalten, behalten aber das geld ein. das rückerstattungsformular formular auf der webseite funktioniert nicht. ich bin so sauer ich würde am liebsten in die nächste filiale und da jedem in die fresse hauen.",Trustpilot,2025-06-12T09:58:49.000Z,3.0,"betrüger firma. ware nicht erhalten, behalten aber das geld ein. das rückerstattungsformular formular auf der webseite funktioniert nicht. ich bin so sauer ich würde am liebsten in die nächste filiale und da jedem in die fresse hauen.",3.0,Neutral/Positive
Kiko Milano General,"mercoledì 11/06/25
ore 19.47 kiko stazione ferroviaria di bologna. una  commessa che sta lavando il pavimento mi ricorda che alle 20.00 il negozio chiude e rispondo che lo so e che saró veloce ( non è la prima volta che entro lì). subito dopo si intrattiene con 2 clienti straniere. sbuca dalla cassa una seconda commessa che mi chiede di non pestare il pavimento perché è bagnato e che deve chiudere , in modo sgarbato e tornandosene dentro lo sgabuzzino.quindi ?devo volare???   sono uscita dal negozio ore 19.52 . 
me ne sarebbero bastati altri 3 per finire quello che volevo fare come avevo fatto molte altre sere ma con commesse più professionali. 
esiste o no un orato di chiusura? allora rispettatelo !!",Trustpilot,2025-06-11T20:18:16.000Z,3.0,"mercoledì 11/06/25
ore 19.47 kiko stazione ferroviaria di bologna. una  commessa che sta lavando il pavimento mi ricorda che alle 20.00 il negozio chiude e rispondo che lo so e che saró veloce ( non è la prima volta che entro lì). subito dopo si intrattiene con 2 clienti straniere. sbuca dalla cassa una seconda commessa che mi chiede di non pestare il pavimento perché è bagnato e che deve chiudere , in modo sgarbato e tornandosene dentro lo sgabuzzino.quindi ?devo volare???   sono uscita dal negozio ore 19.52 . 
me ne sarebbero bastati altri 3 per finire quello che volevo fare come avevo fatto molte altre sere ma con commesse più professionali. 
esiste o no un orato di chiusura? allora rispettatelo !!",3.0,Neutral/Positive
Kiko Milano General,"je n’ai jamais reçu mon colis… le livreur là laisse devant la porte et bien évidement qu’il a été pris par quelqu’un! du coup je contact l’agence de livraison qui me dit de voir directement avec eux, puisqu’ils ont leurs système de livraison. j’ai envoyé et re envoyé des mails, bien évidement sans aucunes réponses, c’est honteux, 45€ dans le vide et même pas foiti de répondre aux mail
livraison à éviter !",Trustpilot,2025-06-11T16:29:57.000Z,3.0,"je n’ai jamais reçu mon colis… le livreur là laisse devant la porte et bien évidement qu’il a été pris par quelqu’un! du coup je contact l’agence de livraison qui me dit de voir directement avec eux, puisqu’ils ont leurs système de livraison. j’ai envoyé et re envoyé des mails, bien évidement sans aucunes réponses, c’est honteux, 45€ dans le vide et même pas foiti de répondre aux mail
livraison à éviter !",3.0,Neutral/Positive
Kiko Milano General,"me parece una vergüenza, llevo más de un mes esperando mi pedido de kiko milano y no lo pueden mandar de new york a miami ni si quiera el número de seguimiento me enviaron",Trustpilot,2025-06-10T05:29:28.000Z,3.0,"me parece una vergüenza, llevo más de un mes esperando mi pedido de kiko milano y no lo pueden mandar de new york a miami ni si quiera el número de seguimiento me enviaron",3.0,Neutral/Positive
Kiko Milano General,"gisteren in haarlem grote houtstraat op een zaterdag binnen geweest twee verkoopsters staan met elkaar te kletsen achter de toonbank en komen er niet achter vandaan. roepen vanuit achter de toonbank het antwoord op mijn vraag of ""iets misschien nog onder de lades op voorraad is"" omdat ik de kleur niet kan vinden zonder te komen kijken roepen ze dat die er niet meer is. onaardig niet klant gericht en alleen met hun eigen gesprek bezig.",Trustpilot,2025-06-08T12:44:38.000Z,3.0,"gisteren in haarlem grote houtstraat op een zaterdag binnen geweest twee verkoopsters staan met elkaar te kletsen achter de toonbank en komen er niet achter vandaan. roepen vanuit achter de toonbank het antwoord op mijn vraag of ""iets misschien nog onder de lades op voorraad is"" omdat ik de kleur niet kan vinden zonder te komen kijken roepen ze dat die er niet meer is. onaardig niet klant gericht en alleen met hun eigen gesprek bezig.",3.0,Neutral/Positive
Kiko Milano General,"ho aspettato una quindicina di minuti la commessa per comprare un prodotto che già conoscevo, la commessa non si è interessata, parlando esclusivamente con una cliente, pur affiancandosi ha fatto finta di nulla non chiedendo se ci fosse bisogno. al negozio di kiko delle porte franche non ci siam trovati per nulla bene. ovviamente me ne sono andata non acquistando nulla visto il continuo disinteresse",Trustpilot,2025-06-03T19:01:45.000Z,3.0,"ho aspettato una quindicina di minuti la commessa per comprare un prodotto che già conoscevo, la commessa non si è interessata, parlando esclusivamente con una cliente, pur affiancandosi ha fatto finta di nulla non chiedendo se ci fosse bisogno. al negozio di kiko delle porte franche non ci siam trovati per nulla bene. ovviamente me ne sono andata non acquistando nulla visto il continuo disinteresse",3.0,Neutral/Positive
Kiko Milano General,"the worst customer service ever; choose to completely ignore emails, social media messages. the website help section is terrible, try and find a way to contact them is impossible.
i have been trying for two months to contact them , may as speak to a brick wall",Trustpilot,2025-06-03T13:03:58.000Z,3.0,"the worst customer service ever; choose to completely ignore emails, social media messages. the website help section is terrible, try and find a way to contact them is impossible.
i have been trying for two months to contact them , may as speak to a brick wall",3.0,Neutral/Positive
Kiko Milano General,"je suis allée au magasin de kiko les halles dans le forum. les vendeurs étaient très aimables et serviables. leurs conseils étaient très utiles et précis selon ma demande.
nicolas est une personne très agréable et essaie de faire tout son possible pour nous satisfaire. nous avons acheté beaucoup de produits grâce à leur conseil. je vous recommande ce magasin.
valérie",Trustpilot,2025-06-02T14:28:28.000Z,3.0,"je suis allée au magasin de kiko les halles dans le forum. les vendeurs étaient très aimables et serviables. leurs conseils étaient très utiles et précis selon ma demande.
nicolas est une personne très agréable et essaie de faire tout son possible pour nous satisfaire. nous avons acheté beaucoup de produits grâce à leur conseil. je vous recommande ce magasin.
valérie",3.0,Neutral/Positive
Kiko Milano General,"ordini online da evitare. servizio lento e non adeguato. da cinque giorni l’ordine è in fase di preparazione con ritiro in negozio. nonostante i prodotti siano ampiamente disponibili in negozio. sistema ritiro in negozio è da ripensare. il consumatore rimane in balia del nulla. esperienza in negozio, invece, molto positiva. prodotti ricercati e originali, a prezzi relativamente contenuti.",Trustpilot,2025-05-31T12:40:07.000Z,3.0,"ordini online da evitare. servizio lento e non adeguato. da cinque giorni l’ordine è in fase di preparazione con ritiro in negozio. nonostante i prodotti siano ampiamente disponibili in negozio. sistema ritiro in negozio è da ripensare. il consumatore rimane in balia del nulla. esperienza in negozio, invece, molto positiva. prodotti ricercati e originali, a prezzi relativamente contenuti.",3.0,Neutral/Positive
Kiko Milano General,"firstly i'm a young lady with no illnesses (thank god)
i bought 6 items from new street birmingham and all the products are awful.
the glossy lipsticks are not even lasting an hour and the double sided ones have burned my lips to the point that the skin was coming off my upper lip for months now. i first thought it was another lipstick i might have used but nope, it’s the kiko one that affecting me!!!
also the lipstick for broken in only few days of use!!
and the mascara every time i put it on my eyelashes are falling off, please do not risk buying these items.",Trustpilot,2025-05-31T00:58:20.000Z,3.0,"firstly i'm a young lady with no illnesses (thank god)
i bought 6 items from new street birmingham and all the products are awful.
the glossy lipsticks are not even lasting an hour and the double sided ones have burned my lips to the point that the skin was coming off my upper lip for months now. i first thought it was another lipstick i might have used but nope, it’s the kiko one that affecting me!!!
also the lipstick for broken in only few days of use!!
and the mascara every time i put it on my eyelashes are falling off, please do not risk buying these items.",3.0,Product Quality Threat
Kiko Milano General,"debora punto vendita rovereto , complimenti commessa disponibile e simpatica .",Trustpilot,2025-05-30T12:27:04.000Z,3.0,"debora punto vendita rovereto , complimenti commessa disponibile e simpatica .",3.0,Neutral/Positive
Kiko Milano General,"j'ai commandé un mascara le 13 mai. on est le 9 juin et toujours rien. 
on paye une livraison entre 3 et 5 jours pour rien. ca va faire 1 mois que j'attend
impossible de trouver le numéro du service client. quand on envoie un mail soit on a pas de réponse soit ca arrive 4 jours après. 
sur le suivi de commande, rien a bougé depuis le 14 mai.
a fuir !",Trustpilot,2025-05-28T18:44:45.000Z,3.0,"j'ai commandé un mascara le 13 mai. on est le 9 juin et toujours rien. 
on paye une livraison entre 3 et 5 jours pour rien. ca va faire 1 mois que j'attend
impossible de trouver le numéro du service client. quand on envoie un mail soit on a pas de réponse soit ca arrive 4 jours après. 
sur le suivi de commande, rien a bougé depuis le 14 mai.
a fuir !",3.0,Neutral/Positive
Kiko Milano General,pongo una estrella porque no permiten menos. sus técnicas de venta no solo son engañosas sino que podrían considerarse como una estafa pura. promociones que te dan un código de descuento que nunca funciona a la hora de canjearlo en la tienda. tercera vez que nos pasa. nada recomendable,Trustpilot,2025-05-27T12:54:20.000Z,3.0,pongo una estrella porque no permiten menos. sus técnicas de venta no solo son engañosas sino que podrían considerarse como una estafa pura. promociones que te dan un código de descuento que nunca funciona a la hora de canjearlo en la tienda. tercera vez que nos pasa. nada recomendable,3.0,Neutral/Positive
Kiko Milano General,"devo fare una lamentela che riguarda il negozio di massa!!scarsa pulizia e ordine ,il personale forse troppo giovane non ti considera sono stata dentro un po' di tempo e loro continuavano a parlare e ridere a squarciagola dei loro affari!dopo ho chiesto um consiglio e ho ricevuto una risposta a monosillabi!sono una che difficilmente esce a mani vuote da un negozio ma li non ho comprato nulla e non è la prima volta!!compro solo se trovo una commessa molto disponibile che mi pare si chiami daniela....lei si .

competente gentile e simpatica!!ma non sempre ho la fortuna di trovarla!altre mie amiche mi hanno confermato che hanno il solito problema!!spero risolviate il problema più per voi che per noi clienti che poi ci rivolgiamo ad altri negozi",Trustpilot,2025-05-25T20:04:12.000Z,3.0,"devo fare una lamentela che riguarda il negozio di massa!!scarsa pulizia e ordine ,il personale forse troppo giovane non ti considera sono stata dentro un po' di tempo e loro continuavano a parlare e ridere a squarciagola dei loro affari!dopo ho chiesto um consiglio e ho ricevuto una risposta a monosillabi!sono una che difficilmente esce a mani vuote da un negozio ma li non ho comprato nulla e non è la prima volta!!compro solo se trovo una commessa molto disponibile che mi pare si chiami daniela....lei si .

competente gentile e simpatica!!ma non sempre ho la fortuna di trovarla!altre mie amiche mi hanno confermato che hanno il solito problema!!spero risolviate il problema più per voi che per noi clienti che poi ci rivolgiamo ad altri negozi",3.0,Neutral/Positive
Kiko Milano General,"kiko ch als unternehmen bezahlt seine mitarbeitende ganz schlecht, machen wohl keinen unterschied, ob mit oder ohne ausbildung. es gibt sehr tolle mitarbeitende und andere. die entlöhnung ist eine frechheit und der umgang mit dem personal ebenfalls. ich gehe davon aus, dass sich das nicht nur in einer filiale so abspielt.",Trustpilot,2025-05-23T14:43:53.000Z,3.0,"kiko ch als unternehmen bezahlt seine mitarbeitende ganz schlecht, machen wohl keinen unterschied, ob mit oder ohne ausbildung. es gibt sehr tolle mitarbeitende und andere. die entlöhnung ist eine frechheit und der umgang mit dem personal ebenfalls. ich gehe davon aus, dass sich das nicht nur in einer filiale so abspielt.",3.0,Neutral/Positive
Kiko Milano General,"⸻

ik had een mascara als cadeau gekocht. diegene vond het niet leuk en ik wilde het retourneren. het product was ongebruikt, maar de medewerker weigerde het terug te nemen, en deed dat op een onvriendelijke manier.

laat me duidelijk zijn: dit is geen slimheid van jullie kant, maar eerder een gebrek aan klantgerichtheid. op deze manier verlies je klanten, en dat verklaart ook waarom de winkel vaak leeg is.",Trustpilot,2025-05-22T15:52:44.000Z,3.0,"⸻

ik had een mascara als cadeau gekocht. diegene vond het niet leuk en ik wilde het retourneren. het product was ongebruikt, maar de medewerker weigerde het terug te nemen, en deed dat op een onvriendelijke manier.

laat me duidelijk zijn: dit is geen slimheid van jullie kant, maar eerder een gebrek aan klantgerichtheid. op deze manier verlies je klanten, en dat verklaart ook waarom de winkel vaak leeg is.",3.0,Neutral/Positive
Kiko Milano General,"sono stata servita con celerità,  gentilezza e professionalità con consigli pratici e prova dei prodotti.
consiglio a tutti questo negozio della cartiera a pompei,  se ricordo il nome della ragazza è valeria.",Trustpilot,2025-05-20T20:16:25.000Z,3.0,"sono stata servita con celerità,  gentilezza e professionalità con consigli pratici e prova dei prodotti.
consiglio a tutti questo negozio della cartiera a pompei,  se ricordo il nome della ragazza è valeria.",3.0,Neutral/Positive
Kiko Milano General,i was in kiko in westfield white city and the lady meghan was very helpful and friendly . she answered all of my questions and helped me choose everything what i needed. i would definitely go back to kiko because of her. best customer service.,Trustpilot,2025-05-16T13:28:36.000Z,3.0,i was in kiko in westfield white city and the lady meghan was very helpful and friendly . she answered all of my questions and helped me choose everything what i needed. i would definitely go back to kiko because of her. best customer service.,3.0,Neutral/Positive
Kiko Milano General,"commande en ligne à fuir !!
j'ai effectué une commande et je n'ai reçu aucun bon produit : j'ai visiblement eu la commande d'une autre cliente.
ok l'erreur est humaine, mais le problème est la politique de retour et l'absence de contact service client.
je suis obligée de retourner mon colis en magasin sinon par la poste ce serait à mes frais !
ils doivent effectuer un remboursement et je dois donc repasser ma commande... mais j'avais commandé lors de promotions qui ne sont plus en cours...
donc erreur de leur part : pas de renvoi automatique de la bonne commande. et service client inexistant... pas de contact...",Trustpilot,2025-05-16T11:12:50.000Z,3.0,"commande en ligne à fuir !!
j'ai effectué une commande et je n'ai reçu aucun bon produit : j'ai visiblement eu la commande d'une autre cliente.
ok l'erreur est humaine, mais le problème est la politique de retour et l'absence de contact service client.
je suis obligée de retourner mon colis en magasin sinon par la poste ce serait à mes frais !
ils doivent effectuer un remboursement et je dois donc repasser ma commande... mais j'avais commandé lors de promotions qui ne sont plus en cours...
donc erreur de leur part : pas de renvoi automatique de la bonne commande. et service client inexistant... pas de contact...",3.0,Neutral/Positive
Kiko Milano General,"j’ai passé commande le 4 mai, nous sommes le 15 !! commande toujours non remise à gls. je vais devoir aller acheter un fond de teint dans une autre ancienne car, même si je m’y suis prise à l’avance,, je ne recevrai pas mon colis dans les temps. un grand merci",Trustpilot,2025-05-16T07:07:25.000Z,3.0,"j’ai passé commande le 4 mai, nous sommes le 15 !! commande toujours non remise à gls. je vais devoir aller acheter un fond de teint dans une autre ancienne car, même si je m’y suis prise à l’avance,, je ne recevrai pas mon colis dans les temps. un grand merci",3.0,Neutral/Positive
Kiko Milano General,"ik kreeg een cadeaubon. wanneer ik deze wou verzileveren kreeg ik steeds een foutmelding. ik nam dus contact op met de klantendienst. na wat screenshots door te sturen bleek dat deze cadeaubon was aangekocht op de nl website van kiko en blijkbaar kan je hiermee dus geen aankopen doen op de be-nl website. zo kreeg ik een promotiecode doorgestuurd ter vervanging van deze cadeaubon. deze promo code is dus niet cumuleerbaar met andere promoties waarbij ik dus promo's misliep en aangezien mijn bedrag dan ineens onder de minimum bestelwaarde bleek te zijn, moest ik nog eens verzendkosten ook betalen. als antwoord kreeg ik 'het spijt ons erg voor het ongemak, maar helaas kunnen we niets anders in dit geval doen.'. mijn eerste ervaring is dus niet al te best.",Trustpilot,2025-05-15T15:33:55.000Z,3.0,"ik kreeg een cadeaubon. wanneer ik deze wou verzileveren kreeg ik steeds een foutmelding. ik nam dus contact op met de klantendienst. na wat screenshots door te sturen bleek dat deze cadeaubon was aangekocht op de nl website van kiko en blijkbaar kan je hiermee dus geen aankopen doen op de be-nl website. zo kreeg ik een promotiecode doorgestuurd ter vervanging van deze cadeaubon. deze promo code is dus niet cumuleerbaar met andere promoties waarbij ik dus promo's misliep en aangezien mijn bedrag dan ineens onder de minimum bestelwaarde bleek te zijn, moest ik nog eens verzendkosten ook betalen. als antwoord kreeg ik 'het spijt ons erg voor het ongemak, maar helaas kunnen we niets anders in dit geval doen.'. mijn eerste ervaring is dus niet al te best.",3.0,Neutral/Positive
Kiko Milano General,"sono passato oggi per caso, cercando un regalo per una mia amica.
la ragazza (quella coi tatuaggi - alessandra mi pare!) è stata eccezionale, la migliore che abbia mai incontrato (per un ragazzo non è facile navigare in certi ambienti!) dolcissima e super utile!",Trustpilot,2025-05-14T15:26:20.000Z,3.0,"sono passato oggi per caso, cercando un regalo per una mia amica.
la ragazza (quella coi tatuaggi - alessandra mi pare!) è stata eccezionale, la migliore che abbia mai incontrato (per un ragazzo non è facile navigare in certi ambienti!) dolcissima e super utile!",3.0,Neutral/Positive
Kiko Milano General,"lovely service from the beautiful naleefa.
good recommendations for a very nice eye brow pencil. love it.
thank you",Trustpilot,2025-05-13T19:45:19.000Z,3.0,"lovely service from the beautiful naleefa.
good recommendations for a very nice eye brow pencil. love it.
thank you",3.0,Neutral/Positive
Kiko Milano General,"ich war jetzt 2x innerhalb von 3 tagen in zwei verschiedenen kiko filialen und habe wirklich bei beiden besuchen signalisiert, dass ich super gern die produkte testen und kaufen würde und wurde wirklich 2x komplett ignoriert. entweder die 3 beraterinnen standen alle hinter der kasse und haben sich gar nicht für die kundinnen interessiert oder es wurde ware verräumt, obwohl ich die beraterin extra angesprochen & um hilfe gebeten habe. super schade einfach!!!!",Trustpilot,2025-05-13T17:00:04.000Z,3.0,"ich war jetzt 2x innerhalb von 3 tagen in zwei verschiedenen kiko filialen und habe wirklich bei beiden besuchen signalisiert, dass ich super gern die produkte testen und kaufen würde und wurde wirklich 2x komplett ignoriert. entweder die 3 beraterinnen standen alle hinter der kasse und haben sich gar nicht für die kundinnen interessiert oder es wurde ware verräumt, obwohl ich die beraterin extra angesprochen & um hilfe gebeten habe. super schade einfach!!!!",3.0,Neutral/Positive
Kiko Milano General,"prodotti carissimi per qualità .usavo un roseto lipstick di tanti anni 10 e di piu.adesso costa doppio 12 e con qualità scarsa.dentro poca roba.colori cambiati.vado a mercato e trovo /meno male/simile di deborah per 1 e .mi sono arrangiata benissimo!!!!
le salviettine per pelle grassa sono aumentati ,ma la grandezza e qualita pegiorata.meno male ,che sono cinesi !a metta prezzo e qualita migliore!mai entro in kiko!",Trustpilot,2025-05-12T21:25:33.000Z,3.0,"prodotti carissimi per qualità .usavo un roseto lipstick di tanti anni 10 e di piu.adesso costa doppio 12 e con qualità scarsa.dentro poca roba.colori cambiati.vado a mercato e trovo /meno male/simile di deborah per 1 e .mi sono arrangiata benissimo!!!!
le salviettine per pelle grassa sono aumentati ,ma la grandezza e qualita pegiorata.meno male ,che sono cinesi !a metta prezzo e qualita migliore!mai entro in kiko!",3.0,Neutral/Positive
Kiko Milano General,"sono andata da kiko al centro commerciale le brentelle per acquistare una serie di trucchi 
decido di prendere un gloss color beige brillantato molto carino 
la commessa mi avvisa che avevo preso il tester anziché la confezione ufficiale allora lo va a prendere per me 
una volta arrivata a casa apro la confezione e mi trovo un gloss di un colore completamente diverso
le avevo chiesto anche in negozio, in modo scherzoso, se aveva preso la colorazione giusta e lei sicurissima di sé.",Trustpilot,2025-05-11T13:28:45.000Z,3.0,"sono andata da kiko al centro commerciale le brentelle per acquistare una serie di trucchi 
decido di prendere un gloss color beige brillantato molto carino 
la commessa mi avvisa che avevo preso il tester anziché la confezione ufficiale allora lo va a prendere per me 
una volta arrivata a casa apro la confezione e mi trovo un gloss di un colore completamente diverso
le avevo chiesto anche in negozio, in modo scherzoso, se aveva preso la colorazione giusta e lei sicurissima di sé.",3.0,Neutral/Positive
Kiko Milano General,"i purchased a lipstick from kiko oxford street about 1 month ago and the turning mechanism is faulty when i twist the container the lipstick rotates but it doesn’t come up! and sometimes it does!!! 
very frustrating!
i went in and explained the situation 
4 girls were all standing chatting paying no attention to customers!
i went up to one of them and explained the problem she told me it’s a common issue and they could give me a new one 
she said she would have to ask her manger 
which she did in front of me in spanish!!
i was horrified to hear her tell her boss that i was complaining about the mechanism and that the lipstick had been used!! i speak spanish!
well of course it’s been used! it’s not my fault it has stopped working after i’ve started using it!
i told them i purchase a lot of items from kiki but won’t be buying any more as i don’t trust the product and the service is just appalling 
they both turned around and cheerfully said ok bye 
it’s no wonder your reviews are mainly 1 star 
appalling!!!!",Trustpilot,2025-05-09T19:22:39.000Z,3.0,"i purchased a lipstick from kiko oxford street about 1 month ago and the turning mechanism is faulty when i twist the container the lipstick rotates but it doesn’t come up! and sometimes it does!!! 
very frustrating!
i went in and explained the situation 
4 girls were all standing chatting paying no attention to customers!
i went up to one of them and explained the problem she told me it’s a common issue and they could give me a new one 
she said she would have to ask her manger 
which she did in front of me in spanish!!
i was horrified to hear her tell her boss that i was complaining about the mechanism and that the lipstick had been used!! i speak spanish!
well of course it’s been used! it’s not my fault it has stopped working after i’ve started using it!
i told them i purchase a lot of items from kiki but won’t be buying any more as i don’t trust the product and the service is just appalling 
they both turned around and cheerfully said ok bye 
it’s no wonder your reviews are mainly 1 star 
appalling!!!!",3.0,Neutral/Positive
Kiko Milano General,"mala experiencia, llevo esperando el pedido un mes y no dan respuesta envía ya 5 mensajes. la reclamación está puesta en el banco para q ellos hablen con ellos para el reembolso. son un desastre. la gestión online y los plazos de envío fatal. estoy esperando que me devuelvan el dinero porque los productos están en italia milan. pago los pedidos y ellos se quedan con el dinero. no dejan que recoja el pedido físico en la tienda. no habilitan la recogida en tienda. fatal",Trustpilot,2025-05-07T17:53:09.000Z,3.0,"mala experiencia, llevo esperando el pedido un mes y no dan respuesta envía ya 5 mensajes. la reclamación está puesta en el banco para q ellos hablen con ellos para el reembolso. son un desastre. la gestión online y los plazos de envío fatal. estoy esperando que me devuelvan el dinero porque los productos están en italia milan. pago los pedidos y ellos se quedan con el dinero. no dejan que recoja el pedido físico en la tienda. no habilitan la recogida en tienda. fatal",3.0,Neutral/Positive
Kiko Milano General,"oggi nel pomeriggio sono andata nello store kiko di pavia in via cavour e ho ricevuto un trattamento totalmente privo di professionalità. oltre a trattarmi con freddezza e a monosillabi per aver scelto un solo prodotto, dopo aver gentilmente rifiutato l’offerta di aggiungere prodotti in sconto al mio carrello una delle due commesse (che mi ha salutata con un “ciao” senza nemmeno guardarmi in faccia) ha prontamente commentato alla collega, con me di fronte, il mio acquisto. “solo un pezzo. tutti solo un pezzo oh”. io ho lavorato nelle vendite, e una persona del genere non è adatta a lavorare col pubblico. d’ora in poi farò i miei acquisti altrove.",Trustpilot,2025-05-05T23:25:49.000Z,3.0,"oggi nel pomeriggio sono andata nello store kiko di pavia in via cavour e ho ricevuto un trattamento totalmente privo di professionalità. oltre a trattarmi con freddezza e a monosillabi per aver scelto un solo prodotto, dopo aver gentilmente rifiutato l’offerta di aggiungere prodotti in sconto al mio carrello una delle due commesse (che mi ha salutata con un “ciao” senza nemmeno guardarmi in faccia) ha prontamente commentato alla collega, con me di fronte, il mio acquisto. “solo un pezzo. tutti solo un pezzo oh”. io ho lavorato nelle vendite, e una persona del genere non è adatta a lavorare col pubblico. d’ora in poi farò i miei acquisti altrove.",3.0,Neutral/Positive
Kiko Milano General,"after a real bad customer experience with a lady from kiko milano in greece, i visited the kiko store on kings day in eindhoven. what a difference!!!.. the lady who works there, sameera is in one word fantastic! she has class, is experienced, friendly, and was really focused on my questions, and gave me great advise! i will go back for sure! keep up de the good work sameera!!!! and thank you for the personal message on the bag!",Trustpilot,2025-05-05T18:21:52.000Z,3.0,"after a real bad customer experience with a lady from kiko milano in greece, i visited the kiko store on kings day in eindhoven. what a difference!!!.. the lady who works there, sameera is in one word fantastic! she has class, is experienced, friendly, and was really focused on my questions, and gave me great advise! i will go back for sure! keep up de the good work sameera!!!! and thank you for the personal message on the bag!",3.0,Neutral/Positive
Kiko Milano General,"giugno 2024, presso punto vendita aeroporto linate acquisto una gift card da 20 € per una ragazzina. quando è andata a fare i suoi acquisti,  non vi era stato caricato nessun credito! per quasi un anno ho cercato di recuperare il credito. torni quando c'è la responsabile,  chiamerò sede centrale, la richiameremo.  insomma si sono persi in un bicchiere d'acqua.  naturalmente ho portato scontrini,  estratto conto del pagamento effettuato e loro vedono w sistema che su quella card non vi è mai stato caricato nessun credito.",Trustpilot,2025-05-02T05:20:53.000Z,3.0,"giugno 2024, presso punto vendita aeroporto linate acquisto una gift card da 20 € per una ragazzina. quando è andata a fare i suoi acquisti,  non vi era stato caricato nessun credito! per quasi un anno ho cercato di recuperare il credito. torni quando c'è la responsabile,  chiamerò sede centrale, la richiameremo.  insomma si sono persi in un bicchiere d'acqua.  naturalmente ho portato scontrini,  estratto conto del pagamento effettuato e loro vedono w sistema che su quella card non vi è mai stato caricato nessun credito.",3.0,Neutral/Positive
Kiko Milano General,j’étais fan des pains nettoyants pour le visage. j’en recommande les yeux fermés et surprise : ils ont diminué de moitié !!!! mais pas leur prix !!   une savonnette d’hôtel à 8€ ??? honteux ☹️,Trustpilot,2025-04-30T07:44:10.000Z,3.0,j’étais fan des pains nettoyants pour le visage. j’en recommande les yeux fermés et surprise : ils ont diminué de moitié !!!! mais pas leur prix !!   une savonnette d’hôtel à 8€ ??? honteux ☹️,3.0,Neutral/Positive
Kiko Milano General,"j'ai accompagné ma fille de 11 ans chez kiko de neyrpic à st martin d'hères grenoble, elle s'est achetée un gloss, je l'ai laissé payer seule à la caisse comme une grande pour lui apprendre à gérer son porte monnaie, le produit coûtait exactement 13.99 euros, ma fille revient vers moi et me dit que la caissière lui a rendu 1 euro sur 15 euros et qu'elle lui a dit qu'elle n'avait pas les 1 centime, je n'ai pas voulu faire de scandale pour 1 centime mais c'est le principe, arnaqueuse de me..de, vous n'avez pas honte d'arnaquer des enfants, plus jamais kiko.",Trustpilot,2025-04-29T04:40:37.000Z,3.0,"j'ai accompagné ma fille de 11 ans chez kiko de neyrpic à st martin d'hères grenoble, elle s'est achetée un gloss, je l'ai laissé payer seule à la caisse comme une grande pour lui apprendre à gérer son porte monnaie, le produit coûtait exactement 13.99 euros, ma fille revient vers moi et me dit que la caissière lui a rendu 1 euro sur 15 euros et qu'elle lui a dit qu'elle n'avait pas les 1 centime, je n'ai pas voulu faire de scandale pour 1 centime mais c'est le principe, arnaqueuse de me..de, vous n'avez pas honte d'arnaquer des enfants, plus jamais kiko.",3.0,Neutral/Positive
Kiko Milano General,péssimo atendimento,Trustpilot,2025-04-27T00:30:48.000Z,3.0,péssimo atendimento,3.0,Neutral/Positive
Kiko Milano General,"recensione su kiko – centro commerciale le porte di napoli

esperienza a dir poco disastrosa. ho acquistato il mascara new maxi mod waterproof da kiko pensando di affidarmi a un prodotto di qualità. beh, è stato un errore madornale: questo mascara è talmente ""resistente"" che non viene via nemmeno con l'acido muriatico! altro che waterproof, è praticamente eterno sulla pelle. una vera tragedia cosmetica.
nonostante tutto, mi sono recata con molta educazione al negozio per chiedere un semplice cambio di prodotto, senza pretese: avrei anche speso di più o preso qualcosa di meno costoso senza discutere. ma niente. la commessa si è limitata a dire che il cambio non era possibile, senza offrire alcuna alternativa o soluzione.

un atteggiamento assolutamente irrispettoso verso un cliente che si era posto in maniera cortese e collaborativa. inaccettabile sotto ogni punto di vista.
prodotto pessimo.
mai più.",Trustpilot,2025-04-26T16:45:39.000Z,3.0,"recensione su kiko – centro commerciale le porte di napoli

esperienza a dir poco disastrosa. ho acquistato il mascara new maxi mod waterproof da kiko pensando di affidarmi a un prodotto di qualità. beh, è stato un errore madornale: questo mascara è talmente ""resistente"" che non viene via nemmeno con l'acido muriatico! altro che waterproof, è praticamente eterno sulla pelle. una vera tragedia cosmetica.
nonostante tutto, mi sono recata con molta educazione al negozio per chiedere un semplice cambio di prodotto, senza pretese: avrei anche speso di più o preso qualcosa di meno costoso senza discutere. ma niente. la commessa si è limitata a dire che il cambio non era possibile, senza offrire alcuna alternativa o soluzione.

un atteggiamento assolutamente irrispettoso verso un cliente che si era posto in maniera cortese e collaborativa. inaccettabile sotto ogni punto di vista.
prodotto pessimo.
mai più.",3.0,Neutral/Positive
Kiko Milano General,"very bad customer service. i have returned some products to them, and wrote to them with their buggy contact form as well as their customer service email. they dont answer! very bad service. it seems they dont care about customer satisfication.",Trustpilot,2025-04-23T22:02:28.000Z,3.0,"very bad customer service. i have returned some products to them, and wrote to them with their buggy contact form as well as their customer service email. they dont answer! very bad service. it seems they dont care about customer satisfication.",3.0,Customer Service Threat
Kiko Milano General,"son unos sinvergüenzas, hace más de un mes que compré y nada de nada no envían la mercancía te cobran pero no envían, la página de venta on line kiko milano debería ser controlada y vigilada por los servidores de venta online.",Trustpilot,2025-04-22T10:38:07.000Z,3.0,"son unos sinvergüenzas, hace más de un mes que compré y nada de nada no envían la mercancía te cobran pero no envían, la página de venta on line kiko milano debería ser controlada y vigilada por los servidores de venta online.",3.0,Neutral/Positive
Kiko Milano General,"mi sono recata da kiko a lentate e sono stata accolta dalla signora lorena …una persona veramente cordiale  gentile e professionale…dovevo acquistare solo un lucida labbra e invece mi ha consigliato tanti buoni prodotti ! 
commesse così sono una rarità ….ci tornerò sicuramente",Trustpilot,2025-04-22T09:28:56.000Z,3.0,"mi sono recata da kiko a lentate e sono stata accolta dalla signora lorena …una persona veramente cordiale  gentile e professionale…dovevo acquistare solo un lucida labbra e invece mi ha consigliato tanti buoni prodotti ! 
commesse così sono una rarità ….ci tornerò sicuramente",3.0,Neutral/Positive
Kiko Milano General,"buonasera stamattina mi sono recata nel negozio kiko agli orsi a biella per consigli sul trucco completo agli occhi.
e’stata una pausa per me molto distensiva e rilassante in quanto la responsabile, marisabel,mi ha messo completamente a mio agio con la sua professionalità e la sua disponibilità. molti consigli che io metterò in pratica , ma io tornerò ancora spesso a farmi truccare da marisabel.
grazie per la professionalità dimostrata marisabel.
chiara",Trustpilot,2025-04-18T23:53:31.000Z,3.0,"buonasera stamattina mi sono recata nel negozio kiko agli orsi a biella per consigli sul trucco completo agli occhi.
e’stata una pausa per me molto distensiva e rilassante in quanto la responsabile, marisabel,mi ha messo completamente a mio agio con la sua professionalità e la sua disponibilità. molti consigli che io metterò in pratica , ma io tornerò ancora spesso a farmi truccare da marisabel.
grazie per la professionalità dimostrata marisabel.
chiara",3.0,Neutral/Positive
Kiko Milano General,"je suis passée aujourd’hui à kilo grenoble place victor hugo avec wahiba. 
très bon contact, douce et professionnelle. 
non seulement elle m’a bien conseillé mais m’ a fait un joli maquillage. 
je la recommande donc !!!!",Trustpilot,2025-04-17T21:21:38.000Z,3.0,"je suis passée aujourd’hui à kilo grenoble place victor hugo avec wahiba. 
très bon contact, douce et professionnelle. 
non seulement elle m’a bien conseillé mais m’ a fait un joli maquillage. 
je la recommande donc !!!!",3.0,Neutral/Positive
Kiko Milano General,"2 oogplotloden gekocht en bij de eerste brak de punt steeds opnieuw af. na 1 week kon ik hem weggooien. dan denk je; kan gebeuren, misschien tijdens transport gevallen. heel jammer, maar op naar de volgende. na een maand of de volgende gaan gebruiken en helaas weer hetzelfde. een mail gestuurd maar ik moet een aankoopbewijs hebben en er mee terug naar de winkel. de bon heb ik natuurlijk al lang niet meer en een winkel ligt 25 km. verder met hoge parkeerkosten. er staat natuurlijk de merknaam op de potlood, die ik nog heb. maar dat is schijnbaar geen bewijs. de klantenservice wilt niks betekenen in deze. zeer slechte service dus.",Trustpilot,2025-04-17T18:09:40.000Z,3.0,"2 oogplotloden gekocht en bij de eerste brak de punt steeds opnieuw af. na 1 week kon ik hem weggooien. dan denk je; kan gebeuren, misschien tijdens transport gevallen. heel jammer, maar op naar de volgende. na een maand of de volgende gaan gebruiken en helaas weer hetzelfde. een mail gestuurd maar ik moet een aankoopbewijs hebben en er mee terug naar de winkel. de bon heb ik natuurlijk al lang niet meer en een winkel ligt 25 km. verder met hoge parkeerkosten. er staat natuurlijk de merknaam op de potlood, die ik nog heb. maar dat is schijnbaar geen bewijs. de klantenservice wilt niks betekenen in deze. zeer slechte service dus.",3.0,Neutral/Positive
Kiko Milano General,"parece que o objetivo da kiko é dificultar as devoluções, tendo em conta todas as burocracias envolvidas num processo que nas outras lojas online é bastante simples, nomeadamente, a exigência do envio prévio de um e-mail a solicitar o pedido da devolução, que é estranha, tendo em conta que as plataformas são automatizadas; os custos associados à devolução a cargo do cliente, absolutamente desproporcionais relativamente ao valor da encomenda (fiz uma encomenda de 30€ e tive de pagar 4€ para devolvê-la), o impedimento da devolução unitária dos produtos (têm de ser devolvidos em conjunto), entre outros que podem ser legalmente discutidos. desaconselho vivamente.",Trustpilot,2025-04-14T11:23:01.000Z,3.0,"parece que o objetivo da kiko é dificultar as devoluções, tendo em conta todas as burocracias envolvidas num processo que nas outras lojas online é bastante simples, nomeadamente, a exigência do envio prévio de um e-mail a solicitar o pedido da devolução, que é estranha, tendo em conta que as plataformas são automatizadas; os custos associados à devolução a cargo do cliente, absolutamente desproporcionais relativamente ao valor da encomenda (fiz uma encomenda de 30€ e tive de pagar 4€ para devolvê-la), o impedimento da devolução unitária dos produtos (têm de ser devolvidos em conjunto), entre outros que podem ser legalmente discutidos. desaconselho vivamente.",3.0,Neutral/Positive
Kiko Milano General,"un asco de página tiene 3 pedidos que no me ha entregado, los hice el 21 de marzo y hoy 13 de abril ni siquiera me ha enviado guía o entregado algo, he enviado varios correos para que me den alguna aclaración pero es imposible que te resuelvan algo o te contesten",Trustpilot,2025-04-13T18:00:26.000Z,3.0,"un asco de página tiene 3 pedidos que no me ha entregado, los hice el 21 de marzo y hoy 13 de abril ni siquiera me ha enviado guía o entregado algo, he enviado varios correos para que me den alguna aclaración pero es imposible que te resuelvan algo o te contesten",3.0,Neutral/Positive
Kiko Milano General,"sono stata da kiko a bari per curiosare, perche mi trucco pochissimo, e sono stata accolta da una gentilissima e super competente antonella che mi ha aiutata non solo nella scelta di un rossetto ma mi ha dato un sacco di consigli e indicazioni. continuerò a usare pochi trucchi ma tornerò sicuramente per farmi aiutare da lei!",Trustpilot,2025-04-12T21:16:54.000Z,3.0,"sono stata da kiko a bari per curiosare, perche mi trucco pochissimo, e sono stata accolta da una gentilissima e super competente antonella che mi ha aiutata non solo nella scelta di un rossetto ma mi ha dato un sacco di consigli e indicazioni. continuerò a usare pochi trucchi ma tornerò sicuramente per farmi aiutare da lei!",3.0,Neutral/Positive
Kiko Milano General,"qualche giorno fa ho visitato il negozio di senigallia e sono stata accolta da una commessa super disponibile e cortese, che mi ha aiutato nella scelta dei prodotti in base alle mie esigenze, in modo molto accurato. inoltre mi ha fatto una seduta di  make-up  professionale, che mi ha lasciata veramente molto soddisfatta.",Trustpilot,2025-04-12T09:03:00.000Z,3.0,"qualche giorno fa ho visitato il negozio di senigallia e sono stata accolta da una commessa super disponibile e cortese, che mi ha aiutato nella scelta dei prodotti in base alle mie esigenze, in modo molto accurato. inoltre mi ha fatto una seduta di  make-up  professionale, che mi ha lasciata veramente molto soddisfatta.",3.0,Neutral/Positive
Kiko Milano General,"comperato rossetto dopo due giorni si è spaccato a metà 
ricomprato idem
avete fatto un rossetto costoso molto fine che si rompe
complimenti 
peccato non posso mettere foto non danno l'opportunità",Trustpilot,2025-04-11T09:38:52.000Z,3.0,"comperato rossetto dopo due giorni si è spaccato a metà 
ricomprato idem
avete fatto un rossetto costoso molto fine che si rompe
complimenti 
peccato non posso mettere foto non danno l'opportunità",3.0,Neutral/Positive
Kiko Milano General,"boutique de gare du nord , ashley a été très gentille et efficace pour un mercredi matin merci à ellle",Trustpilot,2025-04-09T09:02:02.000Z,3.0,"boutique de gare du nord , ashley a été très gentille et efficace pour un mercredi matin merci à ellle",3.0,Neutral/Positive
Kiko Milano General,uso i prodotti kiko ormai da anni e mi sono sempre trovata bene… ma oggi ancora di più volevo fare i complimenti alla commessa del punto vendita dei gigli che mi ha consigliato il prodotto skin trainer per la mia pelle… veramente eccezionale sia il risultato che la professionalità della ragazza.,Trustpilot,2025-04-09T08:56:33.000Z,3.0,uso i prodotti kiko ormai da anni e mi sono sempre trovata bene… ma oggi ancora di più volevo fare i complimenti alla commessa del punto vendita dei gigli che mi ha consigliato il prodotto skin trainer per la mia pelle… veramente eccezionale sia il risultato che la professionalità della ragazza.,3.0,Neutral/Positive
Kiko Milano General,"04/04/25..unbelivable shocking fraud company..they send my order on 12/03/25 with missing items(they also confirmed that before send the good and applogised  me that they are refunding my money for the missing)which is ok ,but by now today 04/04/i keep chasing them for the refund of my missing items and they keep dragging the issue.every email (i have proof)they said o sorry we are issuing ur refund now ,and every time they juss fake about it.its been over a month now i keep asking my money.now finaly i told them yesterday that im contacted ombusdman for an official complain as how can they keep my £40 when they didnot send the items?also i contacted my bank too for a dispute.never seen such a fraud ever when u have a big name in market.a big fat shame,my case number is 01475393",Trustpilot,2025-04-04T12:53:24.000Z,3.0,"04/04/25..unbelivable shocking fraud company..they send my order on 12/03/25 with missing items(they also confirmed that before send the good and applogised  me that they are refunding my money for the missing)which is ok ,but by now today 04/04/i keep chasing them for the refund of my missing items and they keep dragging the issue.every email (i have proof)they said o sorry we are issuing ur refund now ,and every time they juss fake about it.its been over a month now i keep asking my money.now finaly i told them yesterday that im contacted ombusdman for an official complain as how can they keep my £40 when they didnot send the items?also i contacted my bank too for a dispute.never seen such a fraud ever when u have a big name in market.a big fat shame,my case number is 01475393",3.0,Fraud & Scam Threat
Kiko Milano General,"el dia 22 de marzo compre on line en kiko usa, nro 64036620 . el dia 24 de marzo me enviaron el mail del envio con un link para obtener el tracking que no funciona, me envia a fedex y dice unfortunately we are unable to retrieve your tracking results at this time. please try again later.  hice el reclamo en la web de kiko para que me envien el nro de tracking y me asignaron el dia 26 de marzo el caso 01476455.  hoy 2 de abril mi paquete no ha llegado y kiko cosmetics no me ha enviado el nro de tracking para yo poder ver donde esta el paquete o quien lo recibio. no responde nada ante mis reiterados contactos a traves de contact us de la web, todo los dias les he escrito.  es una verguenza que no puedan averiguar un nro de tracking en siete dias o decirme donde esta mi paquete. ya les avise que no tengo el paquete, ni el numero ni la plata de la compra. quiero una solucion a mi problema. es una marca reconocida y siempre compre tranquila pero esta es una muy mala experienca",Trustpilot,2025-04-03T00:45:13.000Z,3.0,"el dia 22 de marzo compre on line en kiko usa, nro 64036620 . el dia 24 de marzo me enviaron el mail del envio con un link para obtener el tracking que no funciona, me envia a fedex y dice unfortunately we are unable to retrieve your tracking results at this time. please try again later.  hice el reclamo en la web de kiko para que me envien el nro de tracking y me asignaron el dia 26 de marzo el caso 01476455.  hoy 2 de abril mi paquete no ha llegado y kiko cosmetics no me ha enviado el nro de tracking para yo poder ver donde esta el paquete o quien lo recibio. no responde nada ante mis reiterados contactos a traves de contact us de la web, todo los dias les he escrito.  es una verguenza que no puedan averiguar un nro de tracking en siete dias o decirme donde esta mi paquete. ya les avise que no tengo el paquete, ni el numero ni la plata de la compra. quiero una solucion a mi problema. es una marca reconocida y siempre compre tranquila pero esta es una muy mala experienca",3.0,Neutral/Positive
Kiko Milano General,"fui a mirar y que mal lo pasé, todo el rato la chica del pelo negro no paraba de mirarme mal y de resoplar, era una maleducada la tía no volveré",Trustpilot,2025-04-02T12:43:50.000Z,3.0,"fui a mirar y que mal lo pasé, todo el rato la chica del pelo negro no paraba de mirarme mal y de resoplar, era una maleducada la tía no volveré",3.0,Neutral/Positive
Kiko Milano General,"já fui à kiko milano do leiria shopping bastante vezes. a equipa sempre é muito carinhosa comigo(todas as atendentes). hoje uma atendente chamada tânia disse me ola a mim e à minha mãe porque ela já nos conhece e ela está sempre a sorrir(tanto ela quanto as outras), comprei um gloss para uma amiga minha e ela ainda disse para eu levar uma escova de pestanas para eu usar e que era grátis. depois ela deu nos 2 amostras, uma de condicionador e e de shampoo. na outra vez deu nos tbm mas era de uma linha rosa e agora foi uma azul de cabelos lisos. da outra vez fui eu que testei e agora era para a minha mãe testar, mas como eu também queria ela deu mais duas amostras para as duas poderem testar. 5 estrelas o atendimento",Trustpilot,2025-04-01T19:06:56.000Z,3.0,"já fui à kiko milano do leiria shopping bastante vezes. a equipa sempre é muito carinhosa comigo(todas as atendentes). hoje uma atendente chamada tânia disse me ola a mim e à minha mãe porque ela já nos conhece e ela está sempre a sorrir(tanto ela quanto as outras), comprei um gloss para uma amiga minha e ela ainda disse para eu levar uma escova de pestanas para eu usar e que era grátis. depois ela deu nos 2 amostras, uma de condicionador e e de shampoo. na outra vez deu nos tbm mas era de uma linha rosa e agora foi uma azul de cabelos lisos. da outra vez fui eu que testei e agora era para a minha mãe testar, mas como eu também queria ela deu mais duas amostras para as duas poderem testar. 5 estrelas o atendimento",3.0,Neutral/Positive
Kiko Milano General,"sono stata nel negozio a milano in corso vittorio emanuele. ho trovato solo una cassa aperta per pagare e il negozio era affollatissimo. la commessa molto scortese, non mi ha informata della promozione in corso, così ho comprato 2 prodotti per gli occhi e potevo avere un terzo in omaggio ma non l’ho avuto. inoltre non mi ha caricato i punti a seguito dell’acquisto. mai più in quel negozio",Trustpilot,2025-03-29T16:31:38.000Z,3.0,"sono stata nel negozio a milano in corso vittorio emanuele. ho trovato solo una cassa aperta per pagare e il negozio era affollatissimo. la commessa molto scortese, non mi ha informata della promozione in corso, così ho comprato 2 prodotti per gli occhi e potevo avere un terzo in omaggio ma non l’ho avuto. inoltre non mi ha caricato i punti a seguito dell’acquisto. mai più in quel negozio",3.0,Neutral/Positive
Kiko Milano General,"ciao, ho acquisto dei prodotti kiko nello store di vimercate, la ragazza che mi ha seguita, annalisa, è stata brevissima, competente, disponibile e molto cordiale e affabile.",Trustpilot,2025-03-29T10:28:25.000Z,3.0,"ciao, ho acquisto dei prodotti kiko nello store di vimercate, la ragazza che mi ha seguita, annalisa, è stata brevissima, competente, disponibile e molto cordiale e affabile.",3.0,Neutral/Positive
Kiko Milano General,"i bought the full coverage 2 in 1 foundation and concealer and it was awful . small packaging . no coverage . a scam

also 

the blush golden oasis is a scam. no pigment more like a damn highlighter 

too damn expensive for nothing

dont waste ur money",Trustpilot,2025-03-27T16:08:33.000Z,3.0,"i bought the full coverage 2 in 1 foundation and concealer and it was awful . small packaging . no coverage . a scam

also 

the blush golden oasis is a scam. no pigment more like a damn highlighter 

too damn expensive for nothing

dont waste ur money",3.0,Neutral/Positive
Kiko Milano General,centro giotto padova oggi pomeriggio 26 marzo.  pomeriggio commessa scortese e decisamente antipatica,Trustpilot,2025-03-26T19:07:00.000Z,3.0,centro giotto padova oggi pomeriggio 26 marzo.  pomeriggio commessa scortese e decisamente antipatica,3.0,Neutral/Positive
Kiko Milano General,"guten tag,ich war gestern im kiko milano oberhausen centroallee,war so begeistert,ich wurde so nett beraten und mir wurde alles so gut erklärt das ich mich so wohl gefühlt habe und beschlossen habe ,es meinen freundinnen weiter zu empfehlen.ein sehr großes lob an die store managerin filiz die mir stets zur seite stand.ich komme auf jeden fall wieder,es hat mir großen spaß gemacht und die produkte von kiko sind einfach klasse,macht weiter so.
wünschen ihnen alles gute und bleiben sie gesund.
liebe grüße sylvia",Trustpilot,2025-03-26T18:30:42.000Z,3.0,"guten tag,ich war gestern im kiko milano oberhausen centroallee,war so begeistert,ich wurde so nett beraten und mir wurde alles so gut erklärt das ich mich so wohl gefühlt habe und beschlossen habe ,es meinen freundinnen weiter zu empfehlen.ein sehr großes lob an die store managerin filiz die mir stets zur seite stand.ich komme auf jeden fall wieder,es hat mir großen spaß gemacht und die produkte von kiko sind einfach klasse,macht weiter so.
wünschen ihnen alles gute und bleiben sie gesund.
liebe grüße sylvia",3.0,Neutral/Positive
Kiko Milano General,"un mal rato completamente innecesario

compré un pintalabios y, apenas 15 ó 20 minutos después, volví a la tienda para cambiar el tono. no lo había sacado ni de la caja.

la dependienta que me atendió, una chica morena de pelo largo, me acusó directamente de haberlo abierto, con bastante dureza y delante de otros clientes. intenté explicarle que no era así, pero su actitud fue muy desagradable, tanto en la forma de hablarme como en la manera de dirigirse a mí. me sentí juzgada, maltratada y tratada como si estuviera intentando engañarla.

llamó a la encargada, quien me atendió con educación y terminó cambiándome el producto. agradezco ese gesto, así como el trato correcto de otra trabajadora que también mantuvo la calma y la empatía en todo momento.

parece ser que el pintalabios ya estaba abierto cuando me lo vendieron, algo que yo desconocía por completo. y sin embargo, la forma en la que se me trató desde el primer momento fue ofensiva e innecesaria.

aclaro que esta experiencia fue en la tienda de la calle ercilla, en bilbao. no hablo del resto de tiendas, solo de lo que viví allí ese día.

no pienso volver. no por el producto, sino por la falta de respeto.",Trustpilot,2025-03-26T09:27:46.000Z,3.0,"un mal rato completamente innecesario

compré un pintalabios y, apenas 15 ó 20 minutos después, volví a la tienda para cambiar el tono. no lo había sacado ni de la caja.

la dependienta que me atendió, una chica morena de pelo largo, me acusó directamente de haberlo abierto, con bastante dureza y delante de otros clientes. intenté explicarle que no era así, pero su actitud fue muy desagradable, tanto en la forma de hablarme como en la manera de dirigirse a mí. me sentí juzgada, maltratada y tratada como si estuviera intentando engañarla.

llamó a la encargada, quien me atendió con educación y terminó cambiándome el producto. agradezco ese gesto, así como el trato correcto de otra trabajadora que también mantuvo la calma y la empatía en todo momento.

parece ser que el pintalabios ya estaba abierto cuando me lo vendieron, algo que yo desconocía por completo. y sin embargo, la forma en la que se me trató desde el primer momento fue ofensiva e innecesaria.

aclaro que esta experiencia fue en la tienda de la calle ercilla, en bilbao. no hablo del resto de tiendas, solo de lo que viví allí ese día.

no pienso volver. no por el producto, sino por la falta de respeto.",3.0,Neutral/Positive
Kiko Milano General,"slechte (klanten)service!! 3 weken geleden heb ik online een bestelling gedaan van ruim € 30,00. nog steeds staat de bestelling op ‘bevestigd’. diverse mails gestuurd, maar alleen maar vage antwoorden. op mijn laatste mail waarin in aangaf dat ik mijn bestelling annuleer en mijn geld terug verwacht, heb ik geen enkele reactie ontvangen. geen pakketje, maar wel ruim € 30,00 kwijt! 
eén ster gegeven, omdat nul sterren niet kon!",Trustpilot,2025-03-22T15:58:26.000Z,3.0,"slechte (klanten)service!! 3 weken geleden heb ik online een bestelling gedaan van ruim € 30,00. nog steeds staat de bestelling op ‘bevestigd’. diverse mails gestuurd, maar alleen maar vage antwoorden. op mijn laatste mail waarin in aangaf dat ik mijn bestelling annuleer en mijn geld terug verwacht, heb ik geen enkele reactie ontvangen. geen pakketje, maar wel ruim € 30,00 kwijt! 
eén ster gegeven, omdat nul sterren niet kon!",3.0,Neutral/Positive
Kiko Milano General,"ho effettuato un ordine lunedì 10 marzo, con modalità di consegna amazon shipping.
secondo quanto pubblicizzato sul sito internet kiko, le tempistiche previste per tale modalità di consegna sono le seguenti:
in 3-5 giorni lavorativi (incluso il tempo di preparazione).
ad oggi, il mio ordine risulta ancora in fase di preparazione. inviate diverse richieste tramite mail non ho ricevuto alcun riscontro",Trustpilot,2025-03-20T23:14:50.000Z,3.0,"ho effettuato un ordine lunedì 10 marzo, con modalità di consegna amazon shipping.
secondo quanto pubblicizzato sul sito internet kiko, le tempistiche previste per tale modalità di consegna sono le seguenti:
in 3-5 giorni lavorativi (incluso il tempo di preparazione).
ad oggi, il mio ordine risulta ancora in fase di preparazione. inviate diverse richieste tramite mail non ho ricevuto alcun riscontro",3.0,Neutral/Positive
Kiko Milano General,"después de 4 semanas (que es mucho...) han podido solucionar todos mis problemas, y me han hecho un reembolso del dinero y se han disculpado.
muchas gracias por atenderme podria haber sido mas pronto pero bueno al menos ha llegado. un abrazo!!",Trustpilot,2025-03-20T17:19:08.000Z,3.0,"después de 4 semanas (que es mucho...) han podido solucionar todos mis problemas, y me han hecho un reembolso del dinero y se han disculpado.
muchas gracias por atenderme podria haber sido mas pronto pero bueno al menos ha llegado. un abrazo!!",3.0,Neutral/Positive
Kiko Milano General,"oggi ho ricevuto il pacco di kiko, ben imballato, mi è stato inviato quello che ho ordinato, i prodotti sono bellissimi anche nel packaging. ho fatto l' ordine il 6 marzo, c'è stato qualche problemino, come ho spiegato nella mia recensione precedente. tutto risolto alla perfezione, nel pacco c'era una crema viso in omaggio che ho molto apprezzato. grazie kiko.",Trustpilot,2025-03-19T12:31:00.000Z,3.0,"oggi ho ricevuto il pacco di kiko, ben imballato, mi è stato inviato quello che ho ordinato, i prodotti sono bellissimi anche nel packaging. ho fatto l' ordine il 6 marzo, c'è stato qualche problemino, come ho spiegato nella mia recensione precedente. tutto risolto alla perfezione, nel pacco c'era una crema viso in omaggio che ho molto apprezzato. grazie kiko.",3.0,Neutral/Positive
Kiko Milano General,"kiko's products are good, mainly for the cost benefit. i visited the dublin store last weekend, very loud music, to the point that it was unpleasant to stay in the store. a nice girl came to offer help, i showed the brush i use, because i was looking for another one, for another functionality. she showed me, i thought it was ok, but she could have offered me the product to clean brushes, since we were talking about using the same brush for different things, she even said that i should clean my brush. in addition to being an unnecessary comment, she could have taken advantage of the moment to sell more products. i've heard another saleswoman talking about this product, but i was in the checkout line and another girl came, didn't say anything, took the products from my hands abruptly, with a not at all friendly face, as if she was doing me a favor. i am waiting for the grafton store to open, and i hope the service will be better, otherwise, i prefer to continue buying kiko online, i have been doing for years. because the experience was unpleasant, and i'll probably never come back to this store.",Trustpilot,2025-03-18T11:46:14.000Z,3.0,"kiko's products are good, mainly for the cost benefit. i visited the dublin store last weekend, very loud music, to the point that it was unpleasant to stay in the store. a nice girl came to offer help, i showed the brush i use, because i was looking for another one, for another functionality. she showed me, i thought it was ok, but she could have offered me the product to clean brushes, since we were talking about using the same brush for different things, she even said that i should clean my brush. in addition to being an unnecessary comment, she could have taken advantage of the moment to sell more products. i've heard another saleswoman talking about this product, but i was in the checkout line and another girl came, didn't say anything, took the products from my hands abruptly, with a not at all friendly face, as if she was doing me a favor. i am waiting for the grafton store to open, and i hope the service will be better, otherwise, i prefer to continue buying kiko online, i have been doing for years. because the experience was unpleasant, and i'll probably never come back to this store.",3.0,Neutral/Positive
Kiko Milano General,"op 8 maart heb ik een bestelling geplaatst. aangezien ik 19 maart vroeg vlieg op vakantie, dacht ik wel op tijd te zijn. helaas. verwachte bezorgdatum 19 maart.",Trustpilot,2025-03-17T20:14:04.000Z,3.0,"op 8 maart heb ik een bestelling geplaatst. aangezien ik 19 maart vroeg vlieg op vakantie, dacht ik wel op tijd te zijn. helaas. verwachte bezorgdatum 19 maart.",3.0,Neutral/Positive
Kiko Milano General,"premetto che negli anni scorsi ho acquistato online da kiko e non ho mai avuto problemi. fiduciosa di ciò, ho effettuato un ordine online il 26/02, consegna prevista entro il 3/03. 
ad oggi, 15/03, l'ordine risulta ancora in preparazione. ho inviato delle mail chiedendo spiegazioni, alle quali la risposta c'è stata, ma sempre la stessa: ""il pacco verrà consegnato la settimana prossima"". hanno scaricato la responsabilità sul corriere, ma il pacco non risulta nemmeno spedito; e dopo averglielo fatto notare e aver richiesto un rimborso dopo 3 settimane di attesa, mi è stato detto che il dipartimento di logistica sta facendo il possibile per risolvere la situazione creatasi (quale???) e di ricontattarli tra altri 7 giorni. 
esperienza indecente, praticamente una truffa. che non ci si aspetta da un'azienda con un certo nome. non ripeterò lo stesso errore, mai più da kiko.",Trustpilot,2025-03-15T21:02:20.000Z,3.0,"premetto che negli anni scorsi ho acquistato online da kiko e non ho mai avuto problemi. fiduciosa di ciò, ho effettuato un ordine online il 26/02, consegna prevista entro il 3/03. 
ad oggi, 15/03, l'ordine risulta ancora in preparazione. ho inviato delle mail chiedendo spiegazioni, alle quali la risposta c'è stata, ma sempre la stessa: ""il pacco verrà consegnato la settimana prossima"". hanno scaricato la responsabilità sul corriere, ma il pacco non risulta nemmeno spedito; e dopo averglielo fatto notare e aver richiesto un rimborso dopo 3 settimane di attesa, mi è stato detto che il dipartimento di logistica sta facendo il possibile per risolvere la situazione creatasi (quale???) e di ricontattarli tra altri 7 giorni. 
esperienza indecente, praticamente una truffa. che non ci si aspetta da un'azienda con un certo nome. non ripeterò lo stesso errore, mai più da kiko.",3.0,Neutral/Positive
Kiko Milano General,"dopo qualche iniziale disguido in negozio rispetto ai benefit previsti dal programma fedeltà, il servizio clienti ha saputo risolvere prontamente ogni criticità fornendo riscontri rapidi immediati e risolutivi.",Trustpilot,2025-03-15T17:29:33.000Z,3.0,"dopo qualche iniziale disguido in negozio rispetto ai benefit previsti dal programma fedeltà, il servizio clienti ha saputo risolvere prontamente ogni criticità fornendo riscontri rapidi immediati e risolutivi.",3.0,Neutral/Positive
Kiko Milano General,"ho effettuato un ordine il 03/03 con consegna prevista il 08/03 ma che risulta ancora in preparazione, dopo la mia richiesta di spiegazioni il 12/03 hanno risposto che alcuni prodotti erano mancanti ( in realtà tutti segnalati come disponibili online ), stavano facendo il possibile per concludere l’ordine.
mi hanno chiesto di aspettare altri 7 giorni dalla mia segnalazione, nonostante nessuno mi abbia mai informato di questa problematica così da poter valutare se procedere o meno con l’ordine!
ho chiesto quindi di annullarlo ma mi hanno risposto che non era più possibile, avrei solo potuto rifiutare il pacco alla consegna o fare il reso una volta ricevuto ed accettato, chissà quando! oggi 15/03 ancora risulta in preparazione. sconsiglio di acquistate online, io da oggi eviterò anche il negozio, una catena come kiko non può permettersi certe situazioni.",Trustpilot,2025-03-15T10:39:19.000Z,3.0,"ho effettuato un ordine il 03/03 con consegna prevista il 08/03 ma che risulta ancora in preparazione, dopo la mia richiesta di spiegazioni il 12/03 hanno risposto che alcuni prodotti erano mancanti ( in realtà tutti segnalati come disponibili online ), stavano facendo il possibile per concludere l’ordine.
mi hanno chiesto di aspettare altri 7 giorni dalla mia segnalazione, nonostante nessuno mi abbia mai informato di questa problematica così da poter valutare se procedere o meno con l’ordine!
ho chiesto quindi di annullarlo ma mi hanno risposto che non era più possibile, avrei solo potuto rifiutare il pacco alla consegna o fare il reso una volta ricevuto ed accettato, chissà quando! oggi 15/03 ancora risulta in preparazione. sconsiglio di acquistate online, io da oggi eviterò anche il negozio, una catena come kiko non può permettersi certe situazioni.",3.0,Neutral/Positive
Kiko Milano General,"visited braehead store today in glasgow 
the manageress (i think ) was very pushy when i asked for some advice on make up but she went to the skin care stuff telling me i need to do skin routines and to use 3 items she then proceeded to start recommending 3 items for morning night and somewhere inbetween advising me my make up was just so straight (no definition in it ) and basically boring 
we had been in about 20/25 mins and still getting told about this skin care
she was horrified and didnt hide it that i didnt have a regular skin care routine and how dry my skin looked even although she kept saying how good my skin was (make up your mind ) 
she kept saying how i should be like her that does this that and the next thing to her face and so should i and telling me what age she was 
told her i dont like a fully made up face and caked make up (like hers ) a bit of foundation and mascarra full face is for going out 
looking at what she was recommending to me was going to cost at least £100 plus and plus make up
eventually she moved away from the skin care to move on to the make up and basically dropped me like a ton of bricks onto a young girl 
by this point my daughter came over to me as she say i was getting overwhelmed by her pushiness and she made an excuse she had ro leave the centre as she was going to be late for work 
we left the shop and went straight to boots and got what i was looking for from a lovely assistant who listened to what i was looking for and recommended exactly what i needed and colour matched me also and got £100 sale from me (a bit more than i wanted to pay but happy to do so as it was leftover christmas money ) i genuinely think if the girl had recommended more stuff i would have took it because she wasnt pushy so well done boots but shame on kiko",Trustpilot,2025-03-14T23:03:19.000Z,3.0,"visited braehead store today in glasgow 
the manageress (i think ) was very pushy when i asked for some advice on make up but she went to the skin care stuff telling me i need to do skin routines and to use 3 items she then proceeded to start recommending 3 items for morning night and somewhere inbetween advising me my make up was just so straight (no definition in it ) and basically boring 
we had been in about 20/25 mins and still getting told about this skin care
she was horrified and didnt hide it that i didnt have a regular skin care routine and how dry my skin looked even although she kept saying how good my skin was (make up your mind ) 
she kept saying how i should be like her that does this that and the next thing to her face and so should i and telling me what age she was 
told her i dont like a fully made up face and caked make up (like hers ) a bit of foundation and mascarra full face is for going out 
looking at what she was recommending to me was going to cost at least £100 plus and plus make up
eventually she moved away from the skin care to move on to the make up and basically dropped me like a ton of bricks onto a young girl 
by this point my daughter came over to me as she say i was getting overwhelmed by her pushiness and she made an excuse she had ro leave the centre as she was going to be late for work 
we left the shop and went straight to boots and got what i was looking for from a lovely assistant who listened to what i was looking for and recommended exactly what i needed and colour matched me also and got £100 sale from me (a bit more than i wanted to pay but happy to do so as it was leftover christmas money ) i genuinely think if the girl had recommended more stuff i would have took it because she wasnt pushy so well done boots but shame on kiko",3.0,Product Quality Threat
Kiko Milano General,"uso i prodotti kiko da parecchi anni, i rossetti sono fantastici. peccato però che spesso cambiano i colori, se un colore è largamente richiesto perché non lo lasciate? per il resto grazie",Trustpilot,2025-03-12T14:46:45.000Z,3.0,"uso i prodotti kiko da parecchi anni, i rossetti sono fantastici. peccato però che spesso cambiano i colori, se un colore è largamente richiesto perché non lo lasciate? per il resto grazie",3.0,Neutral/Positive
Kiko Milano General,"muchas gracias a maria del kiko milán en fun palma. una dependienta de las que ya no hay. natural, atenta, entendía perfectamente lo que quiero y lo que necesito. ha asesorado de maravilla. me he dejado un dineral pero no lo lamento ya que me encanta la marca. gracias maria. hasta la próxima. lucie s.",Trustpilot,2025-03-11T19:42:04.000Z,3.0,"muchas gracias a maria del kiko milán en fun palma. una dependienta de las que ya no hay. natural, atenta, entendía perfectamente lo que quiero y lo que necesito. ha asesorado de maravilla. me he dejado un dineral pero no lo lamento ya que me encanta la marca. gracias maria. hasta la próxima. lucie s.",3.0,Neutral/Positive
Kiko Milano General,"online eine bestellung aufgegeben, da die nächste filiale weit entfernt ist. daher auch versucht, die retoure per post zurück zu senden. es wurde kein retourenlabel der sendung beigefügt, sodass ich fast 8 € dafür bezahlen musste. diese retoure kam ein paar tage später an mich zurück mit dem vermerk ""ware nicht abgeholt"". nach ewig langem email verkehr kam doch seitens kiko wieder der vorschlag, die retoure per post auf eine kosten zu versenden!!!!!!! ich also viel benzin verfahren, um zum nächsten shop zu gelangen und dort die ware zurück zu geben. dies dauerte, nach vielen telefonaten seitens der verkäuferin, 30 minuten!!!!!!! es ist einfach unfassbar und kundenunfreundlich. niemals!!!!! wieder!!!! weder online noch im shop!!!!",Trustpilot,2025-03-11T16:40:45.000Z,3.0,"online eine bestellung aufgegeben, da die nächste filiale weit entfernt ist. daher auch versucht, die retoure per post zurück zu senden. es wurde kein retourenlabel der sendung beigefügt, sodass ich fast 8 € dafür bezahlen musste. diese retoure kam ein paar tage später an mich zurück mit dem vermerk ""ware nicht abgeholt"". nach ewig langem email verkehr kam doch seitens kiko wieder der vorschlag, die retoure per post auf eine kosten zu versenden!!!!!!! ich also viel benzin verfahren, um zum nächsten shop zu gelangen und dort die ware zurück zu geben. dies dauerte, nach vielen telefonaten seitens der verkäuferin, 30 minuten!!!!!!! es ist einfach unfassbar und kundenunfreundlich. niemals!!!!! wieder!!!! weder online noch im shop!!!!",3.0,Neutral/Positive
Kiko Milano General,conseiller très agréable de bons conseils et produits de bonne qualité,Trustpilot,2025-03-09T09:51:47.000Z,3.0,conseiller très agréable de bons conseils et produits de bonne qualité,3.0,Neutral/Positive
Kiko Milano General,"je suis venue en en boutique pour des renseignements et je suis tombée sur deux conseillère qui mon vraiment bien conseillée je vraiment contente…
je recommande vraiment ce magasin… 
merci pour votre gentillesse et votre professionnalisme",Trustpilot,2025-03-08T15:58:41.000Z,3.0,"je suis venue en en boutique pour des renseignements et je suis tombée sur deux conseillère qui mon vraiment bien conseillée je vraiment contente…
je recommande vraiment ce magasin… 
merci pour votre gentillesse et votre professionnalisme",3.0,Neutral/Positive
Kiko Milano General,"puse una queja hace dos meses y me llegó hoy una carta certificada diciendo que el problema está resuelto. es mentira y lo puedo demostrar. todavía estoy esperando que me llame la encargada o que de la cara. 
suponía que para los accidentes en el trabajo se tenía un seguro pero en mi caso no supieron decirme si lo tenían y me dieron largas. muy profesionales",Trustpilot,2025-03-06T19:54:36.000Z,3.0,"puse una queja hace dos meses y me llegó hoy una carta certificada diciendo que el problema está resuelto. es mentira y lo puedo demostrar. todavía estoy esperando que me llame la encargada o que de la cara. 
suponía que para los accidentes en el trabajo se tenía un seguro pero en mi caso no supieron decirme si lo tenían y me dieron largas. muy profesionales",3.0,Neutral/Positive
Kiko Milano General,"sono cliente da sempre 
da diverso tempo se non riesco a passare al negozio faccio l'ordine online e non ho mai avuto problemi...tranne quest'ultimo ordine.
ordine effettuato in data 26.02.25... ad oggi, 5 marzo risulta ancora in preparazione. la consegna era prevista per il 3 marzo. ieri ho provato a contattare via mail il servizio clienti ma finora non mi hanno ancora risposto. mi sembra assurda tutta questa attesa. e soprattutto non ricevere un'adeguata assistenza mi sembra poco simpatico  e poco professionale. ho ordinato online perchè non riuscivo a passare al negozio  ma visto il  protrarsi dei tempi dovrò comunque rivolgermi altrove. decisamente poco soddisfatta del servizio. una buona azienda si riconosce anche dal servizio di assistenza offerto ai propri clienti!",Trustpilot,2025-03-05T16:00:30.000Z,3.0,"sono cliente da sempre 
da diverso tempo se non riesco a passare al negozio faccio l'ordine online e non ho mai avuto problemi...tranne quest'ultimo ordine.
ordine effettuato in data 26.02.25... ad oggi, 5 marzo risulta ancora in preparazione. la consegna era prevista per il 3 marzo. ieri ho provato a contattare via mail il servizio clienti ma finora non mi hanno ancora risposto. mi sembra assurda tutta questa attesa. e soprattutto non ricevere un'adeguata assistenza mi sembra poco simpatico  e poco professionale. ho ordinato online perchè non riuscivo a passare al negozio  ma visto il  protrarsi dei tempi dovrò comunque rivolgermi altrove. decisamente poco soddisfatta del servizio. una buona azienda si riconosce anche dal servizio di assistenza offerto ai propri clienti!",3.0,Neutral/Positive
Kiko Milano General,"ho usato il vostro eyeliner waterproof per anni, prodotto eccellente che non si smuove nemmeno con le bombe, dal costo di 7,90. per un periodo ho smesso di acquistarlo, e sono tornata oggi a prenderlo dopo forse 3 anni circa. vedere il costo a 10,99 è stato uno shock, un aumento di prezzo veramente eccessivo. follia.",Trustpilot,2025-03-05T13:04:43.000Z,3.0,"ho usato il vostro eyeliner waterproof per anni, prodotto eccellente che non si smuove nemmeno con le bombe, dal costo di 7,90. per un periodo ho smesso di acquistarlo, e sono tornata oggi a prenderlo dopo forse 3 anni circa. vedere il costo a 10,99 è stato uno shock, un aumento di prezzo veramente eccessivo. follia.",3.0,Neutral/Positive
Kiko Milano General,"horrendous experience with the assistant store manager at the regent street store this morning - she deliberately opened and squeezed out a bit of product on an untouched / unopened bb cream i was returning. then she declined to accept the return, as according to her the product had ""been opened"", by me -- which it certainly had not -- i bought it, put it in the bag and simply came back to return it the next day. total fraud, and stolen my money. the assistant manager (maria / marina / andrea?) was an absolutely illegal scammer, not to mention disgustingly rude. she took off her name tag so i couldn’t get her name but stay away from this awful assistant manager at branch (has a tight bun, brown hair). beware.",Trustpilot,2025-03-03T17:36:58.000Z,3.0,"horrendous experience with the assistant store manager at the regent street store this morning - she deliberately opened and squeezed out a bit of product on an untouched / unopened bb cream i was returning. then she declined to accept the return, as according to her the product had ""been opened"", by me -- which it certainly had not -- i bought it, put it in the bag and simply came back to return it the next day. total fraud, and stolen my money. the assistant manager (maria / marina / andrea?) was an absolutely illegal scammer, not to mention disgustingly rude. she took off her name tag so i couldn’t get her name but stay away from this awful assistant manager at branch (has a tight bun, brown hair). beware.",3.0,Fraud & Scam Threat
Kiko Milano General,"nul.
j'étais cliente depuis plus de 20 ans. ont augmenté leur prix, ont changé la texture de certains rouges à lèvres. 
même en frottant , le rouge a levres ne part pas. 
bref qualité devenue médiocre,  prix toujours plus élevés. j'ai supprimé mon compte sans regrets.",Trustpilot,2025-03-02T21:37:53.000Z,3.0,"nul.
j'étais cliente depuis plus de 20 ans. ont augmenté leur prix, ont changé la texture de certains rouges à lèvres. 
même en frottant , le rouge a levres ne part pas. 
bref qualité devenue médiocre,  prix toujours plus élevés. j'ai supprimé mon compte sans regrets.",3.0,Neutral/Positive
Kiko Milano General,"j’ai contacté kiko pour une demande de renseignements au sujet d’un crayon à lèvre. service réactif, relation clientèle très attentionnée et attentive à ma demande. 
merci",Trustpilot,2025-03-02T19:56:23.000Z,3.0,"j’ai contacté kiko pour une demande de renseignements au sujet d’un crayon à lèvre. service réactif, relation clientèle très attentionnée et attentive à ma demande. 
merci",3.0,Neutral/Positive
Kiko Milano General,"kiko vinyl lock lip lacquer pessimo prodotto brucia sulle labbra, odore sgradevole e poi una volta applicato è  filamentoso",Trustpilot,2025-03-02T11:19:01.000Z,3.0,"kiko vinyl lock lip lacquer pessimo prodotto brucia sulle labbra, odore sgradevole e poi una volta applicato è  filamentoso",3.0,Neutral/Positive
Kiko Milano General,slechte service en onbeschoft personeel. ik koop hier al jaren. hebben mij een verkeerde kleur oogpotlood meegegeven maar omdat ik geen bon meer heb ruilen ze niet om voor de juiste kleur. ik ben daarna mijn inkopen bij de douglas gaan doen.,Trustpilot,2025-03-01T20:53:23.000Z,3.0,slechte service en onbeschoft personeel. ik koop hier al jaren. hebben mij een verkeerde kleur oogpotlood meegegeven maar omdat ik geen bon meer heb ruilen ze niet om voor de juiste kleur. ik ben daarna mijn inkopen bij de douglas gaan doen.,3.0,Neutral/Positive
Kiko Milano General,"oggi 1/03/2025 avevo preso un appuntamento su internet x makeup total look a roma - via del corso 145 -, ho avuto la fortuna e il piacere di incontrare antonio, un vero make-up artist, oltre che un ragazzo di un educazione esemplare. con poche domande discrete ma necessarie per poter fare il suo lavoro, ha scelto le tonalità ed i prodotti adatti a me! servizio iper consigliato! complimenti",Trustpilot,2025-03-01T20:08:37.000Z,3.0,"oggi 1/03/2025 avevo preso un appuntamento su internet x makeup total look a roma - via del corso 145 -, ho avuto la fortuna e il piacere di incontrare antonio, un vero make-up artist, oltre che un ragazzo di un educazione esemplare. con poche domande discrete ma necessarie per poter fare il suo lavoro, ha scelto le tonalità ed i prodotti adatti a me! servizio iper consigliato! complimenti",3.0,Neutral/Positive
Kiko Milano General,j'ai fait un cours de maquillage avec une amie dans les atlantes de saint pierre des corps. nous avons eu salomé et léa. elles ont été super! très à l'écoute de nos demandes et on pouvait leur poser des questions sans problème!,Trustpilot,2025-03-01T16:24:33.000Z,3.0,j'ai fait un cours de maquillage avec une amie dans les atlantes de saint pierre des corps. nous avons eu salomé et léa. elles ont été super! très à l'écoute de nos demandes et on pouvait leur poser des questions sans problème!,3.0,Neutral/Positive
Kiko Milano General,"nouveau programme kiko : nul
c'était mieux avant.",Trustpilot,2025-02-28T14:55:37.000Z,3.0,"nouveau programme kiko : nul
c'était mieux avant.",3.0,Neutral/Positive
Kiko Milano General,"mia figlia ha acquistato un profumo per un regalo, per errore lo stesso è stato acquistato anche da altra persona, il giorno seguente con lo scontrino in mano il negozio non ha accettato ne il reso e nemmeno il cambio in quanto secondo loro avrebbero potuto usarlo e poi renderlo in quanto la confezione non è sigillata !! dovete essere voi a sigillarla ! vergogna ! non credo nemmeno sia legale sta cosa, scriverò per principio  chi di dovere !!! e fin che non mi stancherò su tutti i social !! vergogna non acquisterò mai più in quei negozi !!! scandaloso !!!!!!!",Trustpilot,2025-02-27T11:14:02.000Z,3.0,"mia figlia ha acquistato un profumo per un regalo, per errore lo stesso è stato acquistato anche da altra persona, il giorno seguente con lo scontrino in mano il negozio non ha accettato ne il reso e nemmeno il cambio in quanto secondo loro avrebbero potuto usarlo e poi renderlo in quanto la confezione non è sigillata !! dovete essere voi a sigillarla ! vergogna ! non credo nemmeno sia legale sta cosa, scriverò per principio  chi di dovere !!! e fin che non mi stancherò su tutti i social !! vergogna non acquisterò mai più in quei negozi !!! scandaloso !!!!!!!",3.0,Neutral/Positive
Kiko Milano General,"je commande une palette et une blush de la nouvelle collection dreamphoria. déjà une plomb pour traiter la commande mais bon ok c’est pas grave , c’est pour un anniversaire mais je me suis prise à l’avance 
le produit arrive enfin. le colis ne contient pas de protection pour les produits, un minable bout de papier fait office d’emballage, rien n’est protéger donc tout est arriver défoncé .. je demande un renvoi, on me dit que c’est à moi de payer pour renvoyer le colis et qu’il n’y aura pas de renvoi mais un remboursement. mais vous craquez je crois. vous demandez aucune preuve à part le renvoi du colis, mais il est en miette le truc , je vous envoi quoi? les reste dans l’aspirateur ? le packaging vide ? mais faut arrêter. et je vais repayer le renvoi en sachant que je n’aurais peut être jamais ni de remboursement ni rien. plus jamais je commande sur votre site. ah les influenceuses elles reçoivent des produits en bon état par contre moi je paye je reçois tout casser. plus jamais allez bien vous faire voir. en plus vous démenez une copie de facture, mais il faudrait déjà la mettre dans le colis avant de l’exiger. ciao !",Trustpilot,2025-02-26T13:13:50.000Z,3.0,"je commande une palette et une blush de la nouvelle collection dreamphoria. déjà une plomb pour traiter la commande mais bon ok c’est pas grave , c’est pour un anniversaire mais je me suis prise à l’avance 
le produit arrive enfin. le colis ne contient pas de protection pour les produits, un minable bout de papier fait office d’emballage, rien n’est protéger donc tout est arriver défoncé .. je demande un renvoi, on me dit que c’est à moi de payer pour renvoyer le colis et qu’il n’y aura pas de renvoi mais un remboursement. mais vous craquez je crois. vous demandez aucune preuve à part le renvoi du colis, mais il est en miette le truc , je vous envoi quoi? les reste dans l’aspirateur ? le packaging vide ? mais faut arrêter. et je vais repayer le renvoi en sachant que je n’aurais peut être jamais ni de remboursement ni rien. plus jamais je commande sur votre site. ah les influenceuses elles reçoivent des produits en bon état par contre moi je paye je reçois tout casser. plus jamais allez bien vous faire voir. en plus vous démenez une copie de facture, mais il faudrait déjà la mettre dans le colis avant de l’exiger. ciao !",3.0,Neutral/Positive
Kiko Milano General,"andata da kiko a san biagio di callalta nel centro commerciale tiziano il 24/02/2025 e ho trovato vittoria.carinissima ,a modo,mi ha consigliata benissimo.mi sono trovata bene ,motivo per cui torno sempre in questa kiko certa di trovare personale qualificato.p.s.aveva delle unghie favolose e un make-up spettacolare.brava vittoria ti meriti un 10",Trustpilot,2025-02-26T10:27:31.000Z,3.0,"andata da kiko a san biagio di callalta nel centro commerciale tiziano il 24/02/2025 e ho trovato vittoria.carinissima ,a modo,mi ha consigliata benissimo.mi sono trovata bene ,motivo per cui torno sempre in questa kiko certa di trovare personale qualificato.p.s.aveva delle unghie favolose e un make-up spettacolare.brava vittoria ti meriti un 10",3.0,Neutral/Positive
Kiko Milano General,"no sábado 22/02 fui a uma loja da marca em portugal comprar uma base e lá uma vendedora ofereceu ajuda e aceitei, até porque elas entendem mais do que eu. informei que minha pele é oleosa, que a base que usava em casa estava crackelando e ela me perguntou qual tipo de cobertura eu queria, disse que leve e para o dia a dia. então logo ela pegou uma base e me perguntou como estava minha pele naquele momento e disse começando a ficar oleosa e a mesma disse que não era oleosa, pois pele oleosa escorre e que provavelmente eu estaria usando produtos errados para pele e informei que não utilizo nada, somente água (quente) e sabão e não discordedei, mas sempre tive diagnóstico de que minha pele é oleosa. bom ela passou dois tons um em cada lado, me sugeriu uma e realmente tbm concordei com o tom ao olhar no espelho. ela sugeriu que limpasse um lado do rosto, pois iria passar um produto onde minha pele iria ficar melhor. passou o produto (um creme) e logo após passou a base novamentente sugerindo assim que minha pele estaria melhor, não vi diferença. solicitei um pó para selar a pele e na hora de escolher os produtos dei preferencia a base e ao pó, mas a mesma me indicou que era preferível comprar a base e o tal creme, pois minha pele estava precisando mais e que era pra passar todo dia, mesmo que não usasse maquiagem. comprei os dois produtos indicados, e um dia depois fui testar a base e utilizei o creme antes. a base é de alta cobertura deixando meu rosto horroroso pesado e esfarelando. fui lavar o rosto para tirar a base é de uma gordura imensa. ontem passei o tal creme de manha e a tarde fui lavar o rosto, estava com um sebo grosso e com espinhas internas por conta da oleosidade. no final comprei produtos inadequados para minha pele e só gastei dinheiro e obtive frustação com a marca.",Trustpilot,2025-02-25T15:11:37.000Z,3.0,"no sábado 22/02 fui a uma loja da marca em portugal comprar uma base e lá uma vendedora ofereceu ajuda e aceitei, até porque elas entendem mais do que eu. informei que minha pele é oleosa, que a base que usava em casa estava crackelando e ela me perguntou qual tipo de cobertura eu queria, disse que leve e para o dia a dia. então logo ela pegou uma base e me perguntou como estava minha pele naquele momento e disse começando a ficar oleosa e a mesma disse que não era oleosa, pois pele oleosa escorre e que provavelmente eu estaria usando produtos errados para pele e informei que não utilizo nada, somente água (quente) e sabão e não discordedei, mas sempre tive diagnóstico de que minha pele é oleosa. bom ela passou dois tons um em cada lado, me sugeriu uma e realmente tbm concordei com o tom ao olhar no espelho. ela sugeriu que limpasse um lado do rosto, pois iria passar um produto onde minha pele iria ficar melhor. passou o produto (um creme) e logo após passou a base novamentente sugerindo assim que minha pele estaria melhor, não vi diferença. solicitei um pó para selar a pele e na hora de escolher os produtos dei preferencia a base e ao pó, mas a mesma me indicou que era preferível comprar a base e o tal creme, pois minha pele estava precisando mais e que era pra passar todo dia, mesmo que não usasse maquiagem. comprei os dois produtos indicados, e um dia depois fui testar a base e utilizei o creme antes. a base é de alta cobertura deixando meu rosto horroroso pesado e esfarelando. fui lavar o rosto para tirar a base é de uma gordura imensa. ontem passei o tal creme de manha e a tarde fui lavar o rosto, estava com um sebo grosso e com espinhas internas por conta da oleosidade. no final comprei produtos inadequados para minha pele e só gastei dinheiro e obtive frustação com a marca.",3.0,Neutral/Positive
Kiko Milano General,"i am shocked and disappointed by the way this incident has been handled. on 12th february at your westfield stratford city branch i spoke with fay a very helpful manager who agreed that i had been badly advised and sold a very bad colour match for my skin type. she said that if i return with the receipt she would refund the cost. she wrote and signed a note instructing staff to refund in case she was not in store when i returned.

i went back to the store on 14th february. a somewhat bewildered assistant took both the original receipt and fay’s note. she handed me a till printout that read exchange not refund and said the refund would be in my bank within 2 or 3 days. of course no refund has appeared thus far .  it is my opinion that she did not know how to refund and she also retained both my original receipt  and fay’s note.

yesterday 19th i phoned the store, spoke with yet another person who said he was a manager, had never heard of fay and was amazingly disinterested when i said i still had not been refunded.

it seems that the branch in question has no regular full time manager , so no continuity when queries arise.

kiko i have used your products for many years and introduced others to kiko but this service has left me feeling that it is time to buy my cosmetics from another brand.",Trustpilot,2025-02-24T17:28:56.000Z,3.0,"i am shocked and disappointed by the way this incident has been handled. on 12th february at your westfield stratford city branch i spoke with fay a very helpful manager who agreed that i had been badly advised and sold a very bad colour match for my skin type. she said that if i return with the receipt she would refund the cost. she wrote and signed a note instructing staff to refund in case she was not in store when i returned.

i went back to the store on 14th february. a somewhat bewildered assistant took both the original receipt and fay’s note. she handed me a till printout that read exchange not refund and said the refund would be in my bank within 2 or 3 days. of course no refund has appeared thus far .  it is my opinion that she did not know how to refund and she also retained both my original receipt  and fay’s note.

yesterday 19th i phoned the store, spoke with yet another person who said he was a manager, had never heard of fay and was amazingly disinterested when i said i still had not been refunded.

it seems that the branch in question has no regular full time manager , so no continuity when queries arise.

kiko i have used your products for many years and introduced others to kiko but this service has left me feeling that it is time to buy my cosmetics from another brand.",3.0,Neutral/Positive
Kiko Milano General,"vendeuses très accueillantes 
merci à inès de m’avoir bien conseillé et avec le sourire ! 
c’est très agréable, magasin au top",Trustpilot,2025-02-24T17:05:28.000Z,3.0,"vendeuses très accueillantes 
merci à inès de m’avoir bien conseillé et avec le sourire ! 
c’est très agréable, magasin au top",3.0,Neutral/Positive
Kiko Milano General,"produkte die immer schlechter werden wobei sich die preise erhöhen und zu krönung der inhalt teilweise massiv veringert wurde, du bekommst weniger schlechte ware zu höheren preisen....ach so schade ich habe euren bronzer 22g immer so geliebt...",Trustpilot,2025-02-23T13:30:16.000Z,3.0,"produkte die immer schlechter werden wobei sich die preise erhöhen und zu krönung der inhalt teilweise massiv veringert wurde, du bekommst weniger schlechte ware zu höheren preisen....ach so schade ich habe euren bronzer 22g immer so geliebt...",3.0,Neutral/Positive
Kiko Milano General,"ho acquistato il street heart vinyllock lip lacquer 04 e stranamente mi sono trovata malissimo nn si stende bene si addensa il colore nelle pieghe delle labbra lasciando un finish opaco e a grumi strano x un prodotto kiko che io usa da una vita nn lo
consiglio !!!!",Trustpilot,2025-02-22T18:20:04.000Z,3.0,"ho acquistato il street heart vinyllock lip lacquer 04 e stranamente mi sono trovata malissimo nn si stende bene si addensa il colore nelle pieghe delle labbra lasciando un finish opaco e a grumi strano x un prodotto kiko che io usa da una vita nn lo
consiglio !!!!",3.0,Neutral/Positive
Kiko Milano General,"vendeuses parfaites à la boutique kiko d’aéroville. elles conseillent très bien, elles sont adorables. je recommande cette boutique +++",Trustpilot,2025-02-22T16:10:58.000Z,3.0,"vendeuses parfaites à la boutique kiko d’aéroville. elles conseillent très bien, elles sont adorables. je recommande cette boutique +++",3.0,Neutral/Positive
Kiko Milano General,"je n'ai jamais reçu ma commande. je les ai contacté, pas de réponse et j'ai même fait intervenir la répression des fraudes mais rien !
ce sont des voleurs et il faut fuir ce site.",Trustpilot,2025-02-22T14:00:29.000Z,3.0,"je n'ai jamais reçu ma commande. je les ai contacté, pas de réponse et j'ai même fait intervenir la répression des fraudes mais rien !
ce sont des voleurs et il faut fuir ce site.",3.0,Fraud & Scam Threat
Kiko Milano General,"bei zwei packungen sind mir beim verbrauch - wohlbemerkt zu hause - die einzelnen rouge-paletten nach kürzesteter zeit rausgefallen und oder zerbrochen. im geschäft in luzern darauf angesprochen, war die einzige antwort: da können wir nichts machen, beweisgründe fehlen. kiko nun zwei kunden weniger.",Trustpilot,2025-02-21T08:52:23.000Z,3.0,"bei zwei packungen sind mir beim verbrauch - wohlbemerkt zu hause - die einzelnen rouge-paletten nach kürzesteter zeit rausgefallen und oder zerbrochen. im geschäft in luzern darauf angesprochen, war die einzige antwort: da können wir nichts machen, beweisgründe fehlen. kiko nun zwei kunden weniger.",3.0,Neutral/Positive
Kiko Milano General,"ordine n. 29714513 effettuato in data 18/02 ad oggi 20/02 é ancora in preparazione, non ho mai sentito di un'azienda (grande come kiko tra l'altro) che ci mettesse così tanto a spedire.",Trustpilot,2025-02-20T13:03:12.000Z,3.0,"ordine n. 29714513 effettuato in data 18/02 ad oggi 20/02 é ancora in preparazione, non ho mai sentito di un'azienda (grande come kiko tra l'altro) che ci mettesse così tanto a spedire.",3.0,Neutral/Positive
Kiko Milano General,"merci pour l’accueil et le professionnalisme du personnel de la boutique kiko gare montparnasse !
quel plaisir de faire son shopping beauté chez elles !",Trustpilot,2025-02-19T20:30:19.000Z,3.0,"merci pour l’accueil et le professionnalisme du personnel de la boutique kiko gare montparnasse !
quel plaisir de faire son shopping beauté chez elles !",3.0,Neutral/Positive
Kiko Milano General,"lamentable la atención y como resuelven. en pedido online me llegó un artículo defectuoso, y solo me dan la opción de devolverlo con gastos de envío a mi cargo. por lo que luego si encima tengo que volver a comprarlo, tendría que volver a pagar los gastos de envío. cuando el producto lo enviaron con defecto por su parte. recomiendo no comprar, nunca ninguna empresa he visto que solucione así sus errores.",Trustpilot,2025-02-19T15:47:07.000Z,3.0,"lamentable la atención y como resuelven. en pedido online me llegó un artículo defectuoso, y solo me dan la opción de devolverlo con gastos de envío a mi cargo. por lo que luego si encima tengo que volver a comprarlo, tendría que volver a pagar los gastos de envío. cuando el producto lo enviaron con defecto por su parte. recomiendo no comprar, nunca ninguna empresa he visto que solucione así sus errores.",3.0,Neutral/Positive
Kiko Milano General,"non so cosa farmene delle vostre scuse avrei voluto che mi dicesse, venga in negozio che le cambiamo la matita.",Trustpilot,2025-02-18T13:01:21.000Z,3.0,"non so cosa farmene delle vostre scuse avrei voluto che mi dicesse, venga in negozio che le cambiamo la matita.",3.0,Neutral/Positive
Kiko Milano General,"el producto ha llegado roto, no se puede usar. tras varios email no se hacen responsables ni de la devolución,  dicen que yo tengo que pagar los gastos de envío.. a milán... y tampoco me envían uno nuevo
así que me quedo sin producto y sin mi dinero
una empresa de tal dimensión, debe hacerse cargo si hay algún problema. me ha llegado roto y ellos, kiko milano se queda mi dinero.",Trustpilot,2025-02-17T15:26:04.000Z,3.0,"el producto ha llegado roto, no se puede usar. tras varios email no se hacen responsables ni de la devolución,  dicen que yo tengo que pagar los gastos de envío.. a milán... y tampoco me envían uno nuevo
así que me quedo sin producto y sin mi dinero
una empresa de tal dimensión, debe hacerse cargo si hay algún problema. me ha llegado roto y ellos, kiko milano se queda mi dinero.",3.0,Neutral/Positive
Kiko Milano General,sincèrement marque kiko je ne valide pas du tout j ai vu ma peau se déshydrater avec ces produits peau très sèche j ai du vraiment reprendre des produits très naturels pour réhydrater ma peau que soit creme maquillage ou autres je ne recommande vraiment cpas cette marque,Trustpilot,2025-02-13T22:49:47.000Z,3.0,sincèrement marque kiko je ne valide pas du tout j ai vu ma peau se déshydrater avec ces produits peau très sèche j ai du vraiment reprendre des produits très naturels pour réhydrater ma peau que soit creme maquillage ou autres je ne recommande vraiment cpas cette marque,3.0,Neutral/Positive
Kiko Milano General,"fards à paupières en stick, rouge à lèvres mat tip top  et base matifiant e. pour moi , c'est un grand oui, je recommande vivement kiko.",Trustpilot,2025-02-09T12:52:40.000Z,3.0,"fards à paupières en stick, rouge à lèvres mat tip top  et base matifiant e. pour moi , c'est un grand oui, je recommande vivement kiko.",3.0,Neutral/Positive
Kiko Milano General,they use phenoxyethanol which is endocrine disrupters in their green mascaras. surely green mascara should be without all the added chemicals which are unsafe for us. it should never been called green in the first place. i emailed kiko customer services and they were not interested at all. terrible kiko i will definitely not be buying your green range again.,Trustpilot,2025-02-05T23:13:24.000Z,3.0,they use phenoxyethanol which is endocrine disrupters in their green mascaras. surely green mascara should be without all the added chemicals which are unsafe for us. it should never been called green in the first place. i emailed kiko customer services and they were not interested at all. terrible kiko i will definitely not be buying your green range again.,3.0,Neutral/Positive
Kiko Milano General,"fatto un ordine on line , il 5 gennaio , arrivato l' ordine mi accorgo di un errore , ho pagato un campione omaggio, sul cartoncino c'è scritto vietata la vendita,contatto il giorno 12 ilservizio clienti per fare reclamo e mi rispondono con un messaggio pre impostato, chiedo il reso ...nulla ..vengo ricontattata dopo 10 giorni, mi chiedono fattura , foto mando tutto e niente...servizio pessimo .ho scritto a paypal che ha risolto . ho ricevuto il rimborso ..che dire ....., assistenza clienti kiko inesistente",Trustpilot,2025-02-05T18:22:33.000Z,3.0,"fatto un ordine on line , il 5 gennaio , arrivato l' ordine mi accorgo di un errore , ho pagato un campione omaggio, sul cartoncino c'è scritto vietata la vendita,contatto il giorno 12 ilservizio clienti per fare reclamo e mi rispondono con un messaggio pre impostato, chiedo il reso ...nulla ..vengo ricontattata dopo 10 giorni, mi chiedono fattura , foto mando tutto e niente...servizio pessimo .ho scritto a paypal che ha risolto . ho ricevuto il rimborso ..che dire ....., assistenza clienti kiko inesistente",3.0,Neutral/Positive
Kiko Milano General,"acquistati rossetti indelebili da kiko. fanno schifo!
appena passati sulle labbra si sono verificati pessimi. si formano dei grumi che mi sono ritrovata in bocca e sul mio giubotto che ho dovuto lavare. nessun altro rossetto mi ha fatto questo scempio sulla bocca. 
ve lo sconsiglio vivamente
la responsabile kiko mi ha detto che dipende dalle mie labbra. assurdo!!!",Trustpilot,2025-02-05T17:02:40.000Z,3.0,"acquistati rossetti indelebili da kiko. fanno schifo!
appena passati sulle labbra si sono verificati pessimi. si formano dei grumi che mi sono ritrovata in bocca e sul mio giubotto che ho dovuto lavare. nessun altro rossetto mi ha fatto questo scempio sulla bocca. 
ve lo sconsiglio vivamente
la responsabile kiko mi ha detto che dipende dalle mie labbra. assurdo!!!",3.0,Neutral/Positive
Kiko Milano General,"passeggiando nel centro commerciale "" le porte di napoli siamo entrate nel negozio kiko per una matita....ci ha accolto la bravissima venditrice loredana che con il suo carisma e bravura ci ha fatto acquistare metà negoziocomplimenti loredana",Trustpilot,2025-02-03T17:54:12.000Z,3.0,"passeggiando nel centro commerciale "" le porte di napoli siamo entrate nel negozio kiko per una matita....ci ha accolto la bravissima venditrice loredana che con il suo carisma e bravura ci ha fatto acquistare metà negoziocomplimenti loredana",3.0,Neutral/Positive
Kiko Milano General,"the manager in the windsor shop was so rude.  i chose my purchase, paid and left the shop.  at home i realised that i been given the wrong product.  i had to return to the shop, pay for parking, fuel to get there and  the manager’s attitude was i should be thankful for the staff’s help…she could not understand my inconvenience but expected me to be grateful.  this is why customers, like me, vote with their feet, and do not return.  customer service is non existent.",Trustpilot,2025-02-03T11:26:15.000Z,3.0,"the manager in the windsor shop was so rude.  i chose my purchase, paid and left the shop.  at home i realised that i been given the wrong product.  i had to return to the shop, pay for parking, fuel to get there and  the manager’s attitude was i should be thankful for the staff’s help…she could not understand my inconvenience but expected me to be grateful.  this is why customers, like me, vote with their feet, and do not return.  customer service is non existent.",3.0,Neutral/Positive
Kiko Milano General,"fui a devolver un producto que había comprado y que tampoco había usado y la dependienta me hablo en un tono muy borde y condescendiente. siempre compro en la tienda y nos la primera vez que está chica es desagradable con los clientes. tiene un problema de actitud, no debería hablarle así a los clientes y menos siendo menores de edad. 
sinceramente de las peores experiencias que he tenido en una tienda.",Trustpilot,2025-02-02T22:55:08.000Z,3.0,"fui a devolver un producto que había comprado y que tampoco había usado y la dependienta me hablo en un tono muy borde y condescendiente. siempre compro en la tienda y nos la primera vez que está chica es desagradable con los clientes. tiene un problema de actitud, no debería hablarle así a los clientes y menos siendo menores de edad. 
sinceramente de las peores experiencias que he tenido en una tienda.",3.0,Neutral/Positive
Kiko Milano General,"so, i ordered two palettes; delivery was pricy but they looked lovely. they arrived rattling around inside a cardboard box with no padding and (as a result) with the pressed powder smashed to dust. kiko gave me the runaround to return them, and made me pay the return postage. they only reimbursed me at all when i kicked up a fuss, and didn’t repay me for the cost of either postage. won’t use again. a great shame as the powder looked very pretty.",Trustpilot,2025-02-01T16:52:08.000Z,3.0,"so, i ordered two palettes; delivery was pricy but they looked lovely. they arrived rattling around inside a cardboard box with no padding and (as a result) with the pressed powder smashed to dust. kiko gave me the runaround to return them, and made me pay the return postage. they only reimbursed me at all when i kicked up a fuss, and didn’t repay me for the cost of either postage. won’t use again. a great shame as the powder looked very pretty.",3.0,Neutral/Positive
Kiko Milano General,"faccio riferimento all'ordine online 55411388 e alla relativa assistenza n.01457657 mal gestita da marsia e claudia, che hanno ignorato la mia richiesta sia nelle parole che nei fatti. ho fatto un ordine online con i relativi sconti proposti, è arrivato un articolo errato, ho chiesto di poterlo sostituire anche di persona in un punto vendita. allegramente hanno deciso che per me era meglio avere il rimborso senza reso. ho spiegato che non è una soluzione che per me va bene perché ho un articolo che non mi serve e che non utilizzerò e devo ricompare l'articolo mancante, che invece mi serve, a prezzo pieno. quindi ho ribadito che vorrei poterlo sostituire. risposta? ""tutto a posto, ti abbiamo rimborsato!"" ignorando per la seconda volta quanto ribadito. dopo un'ora mi è arrivato il messaggio di paypal che avevo ricevuto un rimborso. devo ritenermi fortunata perché rispetto alle altre recensioni disastrose almeno io ho avuto un rimborso? comunque non ci siamo. se questo è il servizio potete anche farne a meno.",Trustpilot,2025-01-31T22:16:14.000Z,3.0,"faccio riferimento all'ordine online 55411388 e alla relativa assistenza n.01457657 mal gestita da marsia e claudia, che hanno ignorato la mia richiesta sia nelle parole che nei fatti. ho fatto un ordine online con i relativi sconti proposti, è arrivato un articolo errato, ho chiesto di poterlo sostituire anche di persona in un punto vendita. allegramente hanno deciso che per me era meglio avere il rimborso senza reso. ho spiegato che non è una soluzione che per me va bene perché ho un articolo che non mi serve e che non utilizzerò e devo ricompare l'articolo mancante, che invece mi serve, a prezzo pieno. quindi ho ribadito che vorrei poterlo sostituire. risposta? ""tutto a posto, ti abbiamo rimborsato!"" ignorando per la seconda volta quanto ribadito. dopo un'ora mi è arrivato il messaggio di paypal che avevo ricevuto un rimborso. devo ritenermi fortunata perché rispetto alle altre recensioni disastrose almeno io ho avuto un rimborso? comunque non ci siamo. se questo è il servizio potete anche farne a meno.",3.0,Neutral/Positive
Kiko Milano General,sinceramente ho ordinato due volte e mi sono trovata benissimo… i prodotti ottimi ma già li conosco… il servizio mi interessa perché alcuni prodotti non li trovo più nel punto vendita di riferimento,Trustpilot,2025-01-31T19:57:06.000Z,3.0,sinceramente ho ordinato due volte e mi sono trovata benissimo… i prodotti ottimi ma già li conosco… il servizio mi interessa perché alcuni prodotti non li trovo più nel punto vendita di riferimento,3.0,Neutral/Positive
Kiko Milano General,"this is a terrible company, who are fraudulently keeping money. i returned faulty products and had to pay to return which is illegal with faulty goods. then no refund 20 emails later and customer service are a waste of space just keep saying be patient! i just spoke to my credit card company and they have disputed the transaction. wish i had checked all the reviews.",Trustpilot,2025-01-31T19:36:01.000Z,3.0,"this is a terrible company, who are fraudulently keeping money. i returned faulty products and had to pay to return which is illegal with faulty goods. then no refund 20 emails later and customer service are a waste of space just keep saying be patient! i just spoke to my credit card company and they have disputed the transaction. wish i had checked all the reviews.",3.0,Fraud & Scam Threat
Kiko Milano General,in ogni ordine effettuato online c'è sempre almeno un prodotto sbagliato e ne arriva uno di un colore improbabile e invendibile. furbacchioni o incapaci?,Trustpilot,2025-01-30T20:10:10.000Z,3.0,in ogni ordine effettuato online c'è sempre almeno un prodotto sbagliato e ne arriva uno di un colore improbabile e invendibile. furbacchioni o incapaci?,3.0,Neutral/Positive
Kiko Milano General,"super j’ai reçu ma commande dans les temps et tout mes produit nickel tout correspond à ma commande arriver en super état rien casser! pourtant quand j’ai vu les commentaires, j’ai eu peur mais moi j’ai eu zéro problème très contente, je repasserai commande!",Trustpilot,2025-01-28T13:39:47.000Z,3.0,"super j’ai reçu ma commande dans les temps et tout mes produit nickel tout correspond à ma commande arriver en super état rien casser! pourtant quand j’ai vu les commentaires, j’ai eu peur mais moi j’ai eu zéro problème très contente, je repasserai commande!",3.0,Neutral/Positive
Kiko Milano General,"ordine online regolarmente pagato, dopo molti giorni il corriere mi informa che non può essere consegnato perché non gli sono stati comunicati i dati corretti (mio nominativo e indirizzo). eppure sono cliente da tempo e i miei dati sono regolarmente nel database di kiko da anni. mi invitano a contattare l’azienda perché solo loro possono sbloccare la consegna . sto scrivendo da giorni al servizio clienti . più volte mi hanno risposto assicurandomi di aver risolto. invece il pacco risulta ancora in giacenza presso il corriere e non mi viene consegnato.",Trustpilot,2025-01-27T20:15:59.000Z,3.0,"ordine online regolarmente pagato, dopo molti giorni il corriere mi informa che non può essere consegnato perché non gli sono stati comunicati i dati corretti (mio nominativo e indirizzo). eppure sono cliente da tempo e i miei dati sono regolarmente nel database di kiko da anni. mi invitano a contattare l’azienda perché solo loro possono sbloccare la consegna . sto scrivendo da giorni al servizio clienti . più volte mi hanno risposto assicurandomi di aver risolto. invece il pacco risulta ancora in giacenza presso il corriere e non mi viene consegnato.",3.0,Neutral/Positive
Kiko Milano General,toujours très bien accueillie et conseillée cette fois ci c est théo qui s est occupé de répondre à mes attentes avec disponibilité patience et sourire. merci à lui,Trustpilot,2025-01-26T17:52:00.000Z,3.0,toujours très bien accueillie et conseillée cette fois ci c est théo qui s est occupé de répondre à mes attentes avec disponibilité patience et sourire. merci à lui,3.0,Neutral/Positive
Kiko Milano General,"ik was 25-jan-2025 in de winkel, in zoetermeer. we waren lipliner aan het checken. was een personeel die telkens ons in de weg zat, omdat ze moest vullen. zonder pardon.. terwijl ik na 2de keer al vroeg ""gaat het wel"" (sarcastis). in mij ogen had ze even moeten wachten totdat wij daar klaar waren en verder haar werk kunnen afmaken. ze deed super irritant, waardoor ik me aan ergerde. toen kwam ook de andere personeel mee bemoeien. inplaats van excuses aan te bieden, begon zij ook voor haar collega op te komen, terwijl zij niet eens wist wat er aan de hand was.
zeer slecht service. zou nooit meer hier iemand aanraden om hier iets te halen. dit krijg je als je personeel in dienst neemt die helemaal niks van hospitality weet.",Trustpilot,2025-01-25T20:38:16.000Z,3.0,"ik was 25-jan-2025 in de winkel, in zoetermeer. we waren lipliner aan het checken. was een personeel die telkens ons in de weg zat, omdat ze moest vullen. zonder pardon.. terwijl ik na 2de keer al vroeg ""gaat het wel"" (sarcastis). in mij ogen had ze even moeten wachten totdat wij daar klaar waren en verder haar werk kunnen afmaken. ze deed super irritant, waardoor ik me aan ergerde. toen kwam ook de andere personeel mee bemoeien. inplaats van excuses aan te bieden, begon zij ook voor haar collega op te komen, terwijl zij niet eens wist wat er aan de hand was.
zeer slecht service. zou nooit meer hier iemand aanraden om hier iets te halen. dit krijg je als je personeel in dienst neemt die helemaal niks van hospitality weet.",3.0,Neutral/Positive
Kiko Milano General,"bonjour, j'ai effectué une commande en ligne d'un montant de 32€. j'ai reçu la commande avec 1 vernis de cassé à l'intérieur. tous les autres articles sont donc tachés de vernis. cette commande était un cadeau que je devais offrir que je ne peux malheureusement pas offrir et obligé de racheter autre chose. kiko m'a remboursé uniquement le vernis cassé c'est à dire 2€ et le reste qui est tache rien du tout je trouve ça honteux. suivi de demande 01453287.",Trustpilot,2025-01-24T08:44:32.000Z,3.0,"bonjour, j'ai effectué une commande en ligne d'un montant de 32€. j'ai reçu la commande avec 1 vernis de cassé à l'intérieur. tous les autres articles sont donc tachés de vernis. cette commande était un cadeau que je devais offrir que je ne peux malheureusement pas offrir et obligé de racheter autre chose. kiko m'a remboursé uniquement le vernis cassé c'est à dire 2€ et le reste qui est tache rien du tout je trouve ça honteux. suivi de demande 01453287.",3.0,Neutral/Positive
Kiko Milano General,"attenzione agli ordini online!!!
ho fatto un ordine più di 15 giorni fa iscrivendomi al loro sito e ho avuto anche conferma dell'ordine e poi non ho saputo più nulla.
ho scritto all'assistenza del problema e mi hanno risposto che l'ordine non risultava nonostante abbia mandato il numero di ordine e che avrebbero passato la richiesta a un reparto che avrebbe capito il problema ma sono passati diversi giorni e nessuno si è fatto più sentire e non mi rispondono più alle email!!!
voglio sapere se ho acquistato sul sito vostro o su un sito truffa visto che il mio ordine non risulta e quindi rispondete ai clienti per poter capire il problema ed eventualmente risolverlo",Trustpilot,2025-01-24T00:44:33.000Z,3.0,"attenzione agli ordini online!!!
ho fatto un ordine più di 15 giorni fa iscrivendomi al loro sito e ho avuto anche conferma dell'ordine e poi non ho saputo più nulla.
ho scritto all'assistenza del problema e mi hanno risposto che l'ordine non risultava nonostante abbia mandato il numero di ordine e che avrebbero passato la richiesta a un reparto che avrebbe capito il problema ma sono passati diversi giorni e nessuno si è fatto più sentire e non mi rispondono più alle email!!!
voglio sapere se ho acquistato sul sito vostro o su un sito truffa visto che il mio ordine non risulta e quindi rispondete ai clienti per poter capire il problema ed eventualmente risolverlo",3.0,Neutral/Positive
Kiko Milano General,a fuir ! 2 commande passée la première manque 2 produits sur 3 réclamations sans réponse sur le site et aujourd’hui commande passée le 27 décembre 2024 aujourd’hui le 23 janvier et toujours rien reçu !! je fais une réclamation sur le site qui aujourd’hui reste sans réponse.quand vous vous déplacez en magasin il vous envoie gentiment balader en disant qu’il ne peuvent rien faire et non aucun numéro de téléphone pour les contacter.honteux !!!!!! plus de 60 euros perdus,Trustpilot,2025-01-23T21:38:29.000Z,3.0,a fuir ! 2 commande passée la première manque 2 produits sur 3 réclamations sans réponse sur le site et aujourd’hui commande passée le 27 décembre 2024 aujourd’hui le 23 janvier et toujours rien reçu !! je fais une réclamation sur le site qui aujourd’hui reste sans réponse.quand vous vous déplacez en magasin il vous envoie gentiment balader en disant qu’il ne peuvent rien faire et non aucun numéro de téléphone pour les contacter.honteux !!!!!! plus de 60 euros perdus,3.0,Neutral/Positive
Kiko Milano General,"première commande sur le site kiko pour les soldes, tout d'abord ne respecte pas le délai de livraison annoncé (mais seulement deux jours de retard donc pas très grave). a la réception, je m'étonne du léger poids du colis (alors que j'ai commandé plusieurs produits, notamment une brume qui pèse assez lourd). quelle ne fut pas ma surprise à l'ouverture du carton de voir que seul l'échantillon choisi et offert m'a été livré !! je n'ai eu aucun de mes produits, et pourtant j'ai bien été facturée de ma commande !!! mail envoyé au service client et aucun retour de leur part, c'est tout simplement du vol et je ne compte évidemment pas en rester là ! un seul conseil : passez votre chemin si vous pensez acheter quelque chose sur leur site internet !",Trustpilot,2025-01-23T16:14:36.000Z,3.0,"première commande sur le site kiko pour les soldes, tout d'abord ne respecte pas le délai de livraison annoncé (mais seulement deux jours de retard donc pas très grave). a la réception, je m'étonne du léger poids du colis (alors que j'ai commandé plusieurs produits, notamment une brume qui pèse assez lourd). quelle ne fut pas ma surprise à l'ouverture du carton de voir que seul l'échantillon choisi et offert m'a été livré !! je n'ai eu aucun de mes produits, et pourtant j'ai bien été facturée de ma commande !!! mail envoyé au service client et aucun retour de leur part, c'est tout simplement du vol et je ne compte évidemment pas en rester là ! un seul conseil : passez votre chemin si vous pensez acheter quelque chose sur leur site internet !",3.0,Neutral/Positive
Kiko Milano General,"ich bin sehr zwiegespalten, was kiko betrifft.
es gibt produkte, die ich wirklich gut finde. 
ich werde aber dennoch künftig von käufen abstand nehmen aus folgenden gründen:
1. onlineshop
versand erfolgte über gls. ich bin entsprechend der sendungsankündigung extra zuhause geblieben, hab aber dennoch meine lieferung nicht erhalten, weil man mich angeblich nicht angetroffen hätte. hier hat niemand geklingelt. werde nicht mehr bestellen, wenn versand durch gls.
eine kontaktaufnahme per email/telefon an den kundendienst von kiko ist offenbar auch ausgeschlossen, man muss sich durch den katalog an themen durcharbeiten, erhält jedoch keine konkreten kontaktmöglichkeiten. für mich das noch größere no-go.
2. filiale
der shop in der kölner innenstadt ist meist sehr voll. ich brachte hilfe und wurde von der mitarbeiterin auf instagram-videos verwiesen.
wenn ich doch schon vor ort bin (und gerne dort etwas kaufen möchte) warum kann man mir dort keine fragen beantworten/passende produkte empfehlen, sondern verweist auf instagram? sehr unprofessionell. 
ich bin schon mehrmals trotz kaufabsicht ohne produkt wieder aus dem laden gegangen, weil ich nicht bedient wurde. schade, aber so kaufe ich dann doch lieber woanders, trotz des m.e. guten preis-leistungsverhältnisses der produkte.",Trustpilot,2025-01-23T11:26:12.000Z,3.0,"ich bin sehr zwiegespalten, was kiko betrifft.
es gibt produkte, die ich wirklich gut finde. 
ich werde aber dennoch künftig von käufen abstand nehmen aus folgenden gründen:
1. onlineshop
versand erfolgte über gls. ich bin entsprechend der sendungsankündigung extra zuhause geblieben, hab aber dennoch meine lieferung nicht erhalten, weil man mich angeblich nicht angetroffen hätte. hier hat niemand geklingelt. werde nicht mehr bestellen, wenn versand durch gls.
eine kontaktaufnahme per email/telefon an den kundendienst von kiko ist offenbar auch ausgeschlossen, man muss sich durch den katalog an themen durcharbeiten, erhält jedoch keine konkreten kontaktmöglichkeiten. für mich das noch größere no-go.
2. filiale
der shop in der kölner innenstadt ist meist sehr voll. ich brachte hilfe und wurde von der mitarbeiterin auf instagram-videos verwiesen.
wenn ich doch schon vor ort bin (und gerne dort etwas kaufen möchte) warum kann man mir dort keine fragen beantworten/passende produkte empfehlen, sondern verweist auf instagram? sehr unprofessionell. 
ich bin schon mehrmals trotz kaufabsicht ohne produkt wieder aus dem laden gegangen, weil ich nicht bedient wurde. schade, aber so kaufe ich dann doch lieber woanders, trotz des m.e. guten preis-leistungsverhältnisses der produkte.",3.0,Neutral/Positive
Kiko Milano General,top: creme rughe profonde e siero giorno e notte. ho provato anche l olio intensive night serum. buonissimo rapporto qualita prezzo.ottimi anche i prodotti per il trucco. risultati nell immediato,Trustpilot,2025-01-22T07:53:22.000Z,3.0,top: creme rughe profonde e siero giorno e notte. ho provato anche l olio intensive night serum. buonissimo rapporto qualita prezzo.ottimi anche i prodotti per il trucco. risultati nell immediato,3.0,Neutral/Positive
Kiko Milano General,"en fait lors de la commande le délai annoncé est correct genre une semaine et en réalité cela fait deux semaines et toujours pas expédié et aucune possibilité d’annulation 
je pense perdu pour moi",Trustpilot,2025-01-21T22:06:25.000Z,3.0,"en fait lors de la commande le délai annoncé est correct genre une semaine et en réalité cela fait deux semaines et toujours pas expédié et aucune possibilité d’annulation 
je pense perdu pour moi",3.0,Neutral/Positive
Kiko Milano General,die mitarbeiterin sefgi war sehr freundlich und hat mich gut beraten sehr sehr freundlich und nett,Trustpilot,2025-01-21T19:46:37.000Z,3.0,die mitarbeiterin sefgi war sehr freundlich und hat mich gut beraten sehr sehr freundlich und nett,3.0,Neutral/Positive
Kiko Milano General,"linea che sicuramente offre una vasta scelta di prodotti ma non più economica se si pensa alla qualità! la matita per le sopracciglia per esempio,precisa x carità ma ha una mina così sottile che finisce alla 3a temperata! se poi ce la facciamo spedire e viene maltrattata,dura pure meno....e costa quasi 8 euro!",Trustpilot,2025-01-20T12:31:13.000Z,3.0,"linea che sicuramente offre una vasta scelta di prodotti ma non più economica se si pensa alla qualità! la matita per le sopracciglia per esempio,precisa x carità ma ha una mina così sottile che finisce alla 3a temperata! se poi ce la facciamo spedire e viene maltrattata,dura pure meno....e costa quasi 8 euro!",3.0,Neutral/Positive
Kiko Milano General,"hice una compra online el 20 de noviembre. la recibí el 4 de diciembre y el día 5 hice la devolución ya q no era lo que había pedido. hasta el día de hoy 20 de enero no he recibido el reembolso y mando email y llamo y solo me dicen que tenga paciencia. cabe destacar que ellos no generan la etiqueta de devolución y que la devolución va a cuenta del cliente, tuve que pagar 9.90 de la devolución a la dirección de italia que ellos me indicaron (aun cuando la dirección de donde recibi el pedido era de barcelona)  y al reclamarles dicho importe solo me dieron un ""cupon"" por las molestias. sigo enfadada, sin pedido y sin reembolso y ya no se a donde más llamar o como contactar. es un timo",Trustpilot,2025-01-20T11:12:31.000Z,3.0,"hice una compra online el 20 de noviembre. la recibí el 4 de diciembre y el día 5 hice la devolución ya q no era lo que había pedido. hasta el día de hoy 20 de enero no he recibido el reembolso y mando email y llamo y solo me dicen que tenga paciencia. cabe destacar que ellos no generan la etiqueta de devolución y que la devolución va a cuenta del cliente, tuve que pagar 9.90 de la devolución a la dirección de italia que ellos me indicaron (aun cuando la dirección de donde recibi el pedido era de barcelona)  y al reclamarles dicho importe solo me dieron un ""cupon"" por las molestias. sigo enfadada, sin pedido y sin reembolso y ya no se a donde más llamar o como contactar. es un timo",3.0,Neutral/Positive
Kiko Milano General,"première fois et dernière fois, à val thoiry 19h hier soir, j'étais avec ma fille de 14 ans, nous nous arrêterons et prenons deux brillants à lèvre pour une somme de 23 euros et elle nous dit sur 50 euros qu'elle n'a pas la monnaie. en région rhône alpes nous n'avons pas besoin de travailler. avec un timbre de voix !!!!!!! nous dépenserons les enveloppes reçu à noël ailleurs.
nous sommes mon mari et moi tous les 2 à notre compte depuis plus de 25 ans et nous n'avons jamais traité nos clients ainsi. peut être faudrait il faire faire des stages d'accueil !",Trustpilot,2025-01-18T10:32:20.000Z,3.0,"première fois et dernière fois, à val thoiry 19h hier soir, j'étais avec ma fille de 14 ans, nous nous arrêterons et prenons deux brillants à lèvre pour une somme de 23 euros et elle nous dit sur 50 euros qu'elle n'a pas la monnaie. en région rhône alpes nous n'avons pas besoin de travailler. avec un timbre de voix !!!!!!! nous dépenserons les enveloppes reçu à noël ailleurs.
nous sommes mon mari et moi tous les 2 à notre compte depuis plus de 25 ans et nous n'avons jamais traité nos clients ainsi. peut être faudrait il faire faire des stages d'accueil !",3.0,Neutral/Positive
Kiko Milano General,"ik was vandaag in de store in eindhoven, waar ik geholpen ben door chenelle, een zeer vakkundige dame die heel snel begreep wat ik nodig had. ik had er een heerlijke winkelervaring, chenelle is vriendelijk en uitermate kundig, top!",Trustpilot,2025-01-17T22:27:49.000Z,3.0,"ik was vandaag in de store in eindhoven, waar ik geholpen ben door chenelle, een zeer vakkundige dame die heel snel begreep wat ik nodig had. ik had er een heerlijke winkelervaring, chenelle is vriendelijk en uitermate kundig, top!",3.0,Neutral/Positive
Kiko Milano General,"quiero destacar la profesionalidad de la srta carmen
de la tienda en calle castillo s/c de tenerife.",Trustpilot,2025-01-17T20:25:46.000Z,3.0,"quiero destacar la profesionalidad de la srta carmen
de la tienda en calle castillo s/c de tenerife.",3.0,Neutral/Positive
Kiko Milano General,"lamentable que realizo una compra en la página web el 29 de diciembre, me obligan a pagar 1 euro por envío urgente y el paquete lo recibo el 14 de enero...
intento hacer una devolución en una de sus tiendas y me dicen allí que no puedo, que lk tengo que hacer por la web.
en la web me dicen que tengo que enviar los productos a devolver a italia pagando yo el porte y cuando lo revisen me hacen la devolución.
un servicio de pena de principio a fin.",Trustpilot,2025-01-16T18:58:03.000Z,3.0,"lamentable que realizo una compra en la página web el 29 de diciembre, me obligan a pagar 1 euro por envío urgente y el paquete lo recibo el 14 de enero...
intento hacer una devolución en una de sus tiendas y me dicen allí que no puedo, que lk tengo que hacer por la web.
en la web me dicen que tengo que enviar los productos a devolver a italia pagando yo el porte y cuando lo revisen me hacen la devolución.
un servicio de pena de principio a fin.",3.0,Neutral/Positive
Kiko Milano General,"voorbereiding bestelling duurt nu al meer dan een week.  zit geen beweging in het opsturen. klantenservice niet bereikbaar. geen reactie op mail.  

je krijgt niet wat je besteld. site is geen aanrader.",Trustpilot,2025-01-15T21:26:46.000Z,3.0,"voorbereiding bestelling duurt nu al meer dan een week.  zit geen beweging in het opsturen. klantenservice niet bereikbaar. geen reactie op mail.  

je krijgt niet wat je besteld. site is geen aanrader.",3.0,Neutral/Positive
Kiko Milano General,"i made an order on the december 10th. today is january 15.after numerous letters, they sent an answer only today, that my order was lost and they would return my money. until that time, they just wrote that they were solving the issue. i will never order a product on this site again",Trustpilot,2025-01-15T19:01:56.000Z,3.0,"i made an order on the december 10th. today is january 15.after numerous letters, they sent an answer only today, that my order was lost and they would return my money. until that time, they just wrote that they were solving the issue. i will never order a product on this site again",3.0,Neutral/Positive
Kiko Milano General,"ich habe in einem kiko store einen lippenstift gekauft,als ich ihn zuhause ausprobieren wollte stellte ich fest dass der stift ekelhaft gerochen hat, beim auftragen hatte ich total brennende lippen. nun habe ich an den kundenservice, meine feststellung geschrieben, es kamen dann 3 mails aber ohne lösung.
nun habe ich geschrieben dass sie, das ganze vergessen sollen, ich verzichte auf eine weitere antwort und werfe den lippenstift weg. wegen ca. 5 euro zu einen zirkus. ich werde kiko nicht weiterempfehlen und werde mit sicherheit nichts mehr dort kaufen.",Trustpilot,2025-01-14T14:23:01.000Z,3.0,"ich habe in einem kiko store einen lippenstift gekauft,als ich ihn zuhause ausprobieren wollte stellte ich fest dass der stift ekelhaft gerochen hat, beim auftragen hatte ich total brennende lippen. nun habe ich an den kundenservice, meine feststellung geschrieben, es kamen dann 3 mails aber ohne lösung.
nun habe ich geschrieben dass sie, das ganze vergessen sollen, ich verzichte auf eine weitere antwort und werfe den lippenstift weg. wegen ca. 5 euro zu einen zirkus. ich werde kiko nicht weiterempfehlen und werde mit sicherheit nichts mehr dort kaufen.",3.0,Neutral/Positive
Kiko Milano General,terrible web site . scammers ı order 29 on december . today ı checked something is wrong ı thinking after ı saw bad reviews. quickly  go contact  bank  please. i trying to get my money back . so ı dıd.,Trustpilot,2025-01-13T12:39:28.000Z,3.0,terrible web site . scammers ı order 29 on december . today ı checked something is wrong ı thinking after ı saw bad reviews. quickly  go contact  bank  please. i trying to get my money back . so ı dıd.,3.0,Fraud & Scam Threat
Kiko Milano General,"opened my parcel just to realize that the powder i've ordered has been used before. kiko is selling used/returned products. how disgusting? i've never expected this. the box of the powder had already been opened and wrinkled and the powder itself has a fingerprint....
another lipgloss from this same order has a big dent in it, probably used too.. i am very disappointed.",Trustpilot,2025-01-13T03:35:24.000Z,3.0,"opened my parcel just to realize that the powder i've ordered has been used before. kiko is selling used/returned products. how disgusting? i've never expected this. the box of the powder had already been opened and wrinkled and the powder itself has a fingerprint....
another lipgloss from this same order has a big dent in it, probably used too.. i am very disappointed.",3.0,Neutral/Positive
Kiko Milano General,"nooit meer, bestel ik daar iets. al van 04/12/2024 ben ik aan het mailen over een retour. ik heb bewijs van afgifte (40€) en bewijs van ontvangst door hen en nog blijven ze beweren dat ze het niet ontvangen hebben.
ze verdienen zelf geen 1 ster, een dikke nul verdienen ze.
service meer dan ondermaats.",Trustpilot,2025-01-10T16:53:18.000Z,3.0,"nooit meer, bestel ik daar iets. al van 04/12/2024 ben ik aan het mailen over een retour. ik heb bewijs van afgifte (40€) en bewijs van ontvangst door hen en nog blijven ze beweren dat ze het niet ontvangen hebben.
ze verdienen zelf geen 1 ster, een dikke nul verdienen ze.
service meer dan ondermaats.",3.0,Neutral/Positive
Kiko Milano General,"buenos días pues yo tengo bastante mala experiencia puesto que no tiene un teléfono de atención al cliente y dicen que te llaman y no te van a llamar para resolver un tema, qué tengo pendiente con ellos..",Trustpilot,2025-01-10T14:06:03.000Z,3.0,"buenos días pues yo tengo bastante mala experiencia puesto que no tiene un teléfono de atención al cliente y dicen que te llaman y no te van a llamar para resolver un tema, qué tengo pendiente con ellos..",3.0,Neutral/Positive
Kiko Milano General,"la peggiore azienda  nell'ambito di vendita online !in quanto maggior parte degli acquisti per un elevato importo arrivano danneggiati, poichè non sono imballati come si deve, spesso trovi degli errori. ma la cosa peggiore è la politica di reso, in quanto non puoi nemmeno reclamare, nè chiedere rimborso, perche  ti accusano di troppe segnalazioni considerando l'""eccezionalità""...come se ti accusassero della truffa di fronte ai 3 rossetti mancanti nonostante l'acquisto fatto per 400-500 euro. sarebbe da fare una causa per vie legali. un assurdo...si dovrebbero fare una domanda : perche parte l'ordine senza un decente imballaggio o di conseguenza, perche si lamentano gli acquirenti...",Trustpilot,2025-01-09T23:41:50.000Z,3.0,"la peggiore azienda  nell'ambito di vendita online !in quanto maggior parte degli acquisti per un elevato importo arrivano danneggiati, poichè non sono imballati come si deve, spesso trovi degli errori. ma la cosa peggiore è la politica di reso, in quanto non puoi nemmeno reclamare, nè chiedere rimborso, perche  ti accusano di troppe segnalazioni considerando l'""eccezionalità""...come se ti accusassero della truffa di fronte ai 3 rossetti mancanti nonostante l'acquisto fatto per 400-500 euro. sarebbe da fare una causa per vie legali. un assurdo...si dovrebbero fare una domanda : perche parte l'ordine senza un decente imballaggio o di conseguenza, perche si lamentano gli acquirenti...",3.0,Neutral/Positive
Kiko Milano General,"pedido antes de navidad, envío de 3 a 5 días hábiles, han pasado los reyes y sigo esperando. ya que cobran por el envío, por lo menos que sean formales y más en fechas de regalos",Trustpilot,2025-01-09T19:10:35.000Z,3.0,"pedido antes de navidad, envío de 3 a 5 días hábiles, han pasado los reyes y sigo esperando. ya que cobran por el envío, por lo menos que sean formales y más en fechas de regalos",3.0,Neutral/Positive
Kiko Milano General,"compro sotto una natale un blush (24€), oltre ad altre cose per un totale scontrino di 80€. ad oggi la polvere compatta dello stesso si è staccata dalla sua sede e spaccata in diversi pezzi, pur non avendo subito urti o altro. ho chiamato in negozio e mi sono sentita solo dire ""signora, non so cosa dirle, richiami quando c'è la mia responsabile"". mai più un acquisto da kiko, mi spiace solo per la ragazza che mi aveva aiutato nell'acquisto inizialmente perché ci sapeva proprio fare!",Trustpilot,2025-01-09T16:11:01.000Z,3.0,"compro sotto una natale un blush (24€), oltre ad altre cose per un totale scontrino di 80€. ad oggi la polvere compatta dello stesso si è staccata dalla sua sede e spaccata in diversi pezzi, pur non avendo subito urti o altro. ho chiamato in negozio e mi sono sentita solo dire ""signora, non so cosa dirle, richiami quando c'è la mia responsabile"". mai più un acquisto da kiko, mi spiace solo per la ragazza che mi aveva aiutato nell'acquisto inizialmente perché ci sapeva proprio fare!",3.0,Neutral/Positive
Kiko Milano General,"i have not received my order! i’ve lost my patience, it’s been over a week since i made the purchase and i haven’t received it. i’ve sent emails to customer support few times but actually there is no customer support! it’s only robot replying emails… i didn’t expect this from kiko milano but sounds many people have the same problem like me with kiko!! 
please don’t go to purchase online from kiko milano website, they are cheaters!",Trustpilot,2025-01-08T08:34:30.000Z,3.0,"i have not received my order! i’ve lost my patience, it’s been over a week since i made the purchase and i haven’t received it. i’ve sent emails to customer support few times but actually there is no customer support! it’s only robot replying emails… i didn’t expect this from kiko milano but sounds many people have the same problem like me with kiko!! 
please don’t go to purchase online from kiko milano website, they are cheaters!",3.0,Neutral/Positive
Kiko Milano General,customer service is a joke !!! it feels like you are talking to the computer not to real person ! i’ve ordered a holiday première 24h lasting foundation and the shade i have received was too dark and had a very yellow tone ! i’ve contacted customer services to return the item but i was told that i can’t as the product was opened !? of course it was opened otherwise how would i find out that it’s not good !!?? every single cosmetics company i used before give the option to return the item if you are not happy with !? i’ve requested to put a complaint but my request was ignored !! really terrible !!,Trustpilot,2025-01-07T22:21:11.000Z,3.0,customer service is a joke !!! it feels like you are talking to the computer not to real person ! i’ve ordered a holiday première 24h lasting foundation and the shade i have received was too dark and had a very yellow tone ! i’ve contacted customer services to return the item but i was told that i can’t as the product was opened !? of course it was opened otherwise how would i find out that it’s not good !!?? every single cosmetics company i used before give the option to return the item if you are not happy with !? i’ve requested to put a complaint but my request was ignored !! really terrible !!,3.0,Customer Service Threat
Kiko Milano General,je commande régulièrement avant les délais de livraison étaient courts et jamais de problème..par contre là à 2 reprises je me retrouve avec des produits non livrés dans les temps ..j'ai une commande en cours qui sur son suivi est toujours en italie depuis le 3 janvier et n'a pas bougé..je suis dégoûtée et aucune communication,Trustpilot,2025-01-07T21:17:38.000Z,3.0,je commande régulièrement avant les délais de livraison étaient courts et jamais de problème..par contre là à 2 reprises je me retrouve avec des produits non livrés dans les temps ..j'ai une commande en cours qui sur son suivi est toujours en italie depuis le 3 janvier et n'a pas bougé..je suis dégoûtée et aucune communication,3.0,Neutral/Positive
Kiko Milano General,"honteux toujours pas  d'envoi au bout d'une semaine. 
commande marquée envoyée alors que pas du tout.!
prélèvement fait par paypal.
je viens de trouver une adresse mail avec difficulté pour faire réclamation. 
on verra bien...mais au vu des autres avis je ne suis pas optimiste....
la suite  en date de ce soir 9 janvier: je viens enfin de recevoir mes produits et c'est affreux.
j'ai voulu mettre le gloss ça m'a brûle la bouche et la gorge  une odeur bizarre et surtout une texture bizarre.
j'ai vite enlevé mais la gorge me brûle toujours. j'espère sue demain ce sera rentré dans l'ordre. 
j'ai pourtant l'habitude des produits kiko ça ne m'est jamais arrivé. 
suite au prochain épisode je sens que ça va se finir avec une plainte pour vente de produit frelaté....",Trustpilot,2025-01-06T23:14:35.000Z,3.0,"honteux toujours pas  d'envoi au bout d'une semaine. 
commande marquée envoyée alors que pas du tout.!
prélèvement fait par paypal.
je viens de trouver une adresse mail avec difficulté pour faire réclamation. 
on verra bien...mais au vu des autres avis je ne suis pas optimiste....
la suite  en date de ce soir 9 janvier: je viens enfin de recevoir mes produits et c'est affreux.
j'ai voulu mettre le gloss ça m'a brûle la bouche et la gorge  une odeur bizarre et surtout une texture bizarre.
j'ai vite enlevé mais la gorge me brûle toujours. j'espère sue demain ce sera rentré dans l'ordre. 
j'ai pourtant l'habitude des produits kiko ça ne m'est jamais arrivé. 
suite au prochain épisode je sens que ça va se finir avec une plainte pour vente de produit frelaté....",3.0,Neutral/Positive
Kiko Milano General,"desesperados con el envío, lo pedimos hace ya casi 3 semanas y todavía sigue en preparación, mandas emails y ni contestan, kiko milano online nunca más!!",Trustpilot,2025-01-06T20:14:29.000Z,3.0,"desesperados con el envío, lo pedimos hace ya casi 3 semanas y todavía sigue en preparación, mandas emails y ni contestan, kiko milano online nunca más!!",3.0,Neutral/Positive
Kiko Milano General,"commande   5000109700319,passée le  21 novembre 2024, pas de mail de tracking... j'ai réclamé en differents occasions a son service customer. toujours rien reçu mais en plus maintenant ils disent que les delais pour réclamer sont écoulé! par contre le montant de ma commande (70 euros) a bien été encaissé en novembre…
c'est l'indéfension totale du client. je ne peux pas croire qu'il y a rien à faire.",Trustpilot,2025-01-06T13:05:23.000Z,3.0,"commande   5000109700319,passée le  21 novembre 2024, pas de mail de tracking... j'ai réclamé en differents occasions a son service customer. toujours rien reçu mais en plus maintenant ils disent que les delais pour réclamer sont écoulé! par contre le montant de ma commande (70 euros) a bien été encaissé en novembre…
c'est l'indéfension totale du client. je ne peux pas croire qu'il y a rien à faire.",3.0,Neutral/Positive
Kiko Milano General,"ho acquistato on line due mascara, credo lo scorso anno, non ricordo bene, mai aperti tant'è che sono ancora nella scatolina, di quelli presumibilmente migliori, uno l'ho aperto ieri,ultra tech +, per poterlo utilizzare, ma ahimè una schifezza!! tiro fuori lo scovolino ed è pieno zeppo di prodotto tanto da non poterlo applicare, lo pulisco lo reinserisco e sempre la stessa storia, insomma da buttare!!",Trustpilot,2025-01-05T22:53:49.000Z,3.0,"ho acquistato on line due mascara, credo lo scorso anno, non ricordo bene, mai aperti tant'è che sono ancora nella scatolina, di quelli presumibilmente migliori, uno l'ho aperto ieri,ultra tech +, per poterlo utilizzare, ma ahimè una schifezza!! tiro fuori lo scovolino ed è pieno zeppo di prodotto tanto da non poterlo applicare, lo pulisco lo reinserisco e sempre la stessa storia, insomma da buttare!!",3.0,Neutral/Positive
Kiko Milano General,"ho ordinato dei rossetti, ho ricevuto degli ombretti !!!!!
dopo aver contattato il servizio clienti ( via email, perché non hanno un numero telefonico !!!!!! ) hanno provato a convincermi che ho ricevuto quello che ho ordinato, pur avendoli mandato la fattura dell'ordine dove ci scritto il nome del rossetto e non ombretto. 
non ho piu ricevuto riscontri da parte loro.",Trustpilot,2025-01-04T20:16:31.000Z,3.0,"ho ordinato dei rossetti, ho ricevuto degli ombretti !!!!!
dopo aver contattato il servizio clienti ( via email, perché non hanno un numero telefonico !!!!!! ) hanno provato a convincermi che ho ricevuto quello che ho ordinato, pur avendoli mandato la fattura dell'ordine dove ci scritto il nome del rossetto e non ombretto. 
non ho piu ricevuto riscontri da parte loro.",3.0,Neutral/Positive
Kiko Milano General,"he pasado a comprar un maquillaje y me voy súper asesora con la utilización de los productos y cargada de cositas. gracias a rocio, rafa y otra chiquita que son un encanto así da gusto ir a comprar estaban  en el centro comercial de miramar en fuengirola",Trustpilot,2025-01-04T19:16:40.000Z,3.0,"he pasado a comprar un maquillaje y me voy súper asesora con la utilización de los productos y cargada de cositas. gracias a rocio, rafa y otra chiquita que son un encanto así da gusto ir a comprar estaban  en el centro comercial de miramar en fuengirola",3.0,Neutral/Positive
Kiko Milano General,"commande passée le 30/11/2024 pour un cadeau de noël. toujours rien reçu! 
service commercial inexistant. réclamation transmise au service logistique mais aucun retour à ce jour! par contre le montant de ma commande a bien été encaissé début décembre… 
c’est franchement honteux pour ce type d’enseigne.",Trustpilot,2025-01-04T17:16:49.000Z,3.0,"commande passée le 30/11/2024 pour un cadeau de noël. toujours rien reçu! 
service commercial inexistant. réclamation transmise au service logistique mais aucun retour à ce jour! par contre le montant de ma commande a bien été encaissé début décembre… 
c’est franchement honteux pour ce type d’enseigne.",3.0,Neutral/Positive
Kiko Milano General,passé commande le 23/12/2024 toujours pas de colis en vu. ben pour une enseigne pareille première et dernière fois que je commande,Trustpilot,2025-01-04T13:33:25.000Z,3.0,passé commande le 23/12/2024 toujours pas de colis en vu. ben pour une enseigne pareille première et dernière fois que je commande,3.0,Neutral/Positive
Kiko Milano General,"no tienen tarjeta regalo en vísperas de reyes( kiko xanadu) pero la semana pasada me fui a kiko (tres aguas alcorcon) y me pasó lo mismo.
hay que ser más previsores)
siendo una empresa tan grande.",Trustpilot,2025-01-04T13:21:00.000Z,3.0,"no tienen tarjeta regalo en vísperas de reyes( kiko xanadu) pero la semana pasada me fui a kiko (tres aguas alcorcon) y me pasó lo mismo.
hay que ser más previsores)
siendo una empresa tan grande.",3.0,Neutral/Positive
Kiko Milano General,"guys, so far you haven’t sent me a response about my request, about my refund. do i look like a joke to you? please, i’ve lost the little patience i had left with you. go screw yourselves. it’s been over a month since i made the purchase and i haven’t received it. and the damn delivery time was supposed to be 8 business days. i don’t know what else to do anymore, i’ve sent countless emails, commented on posts, and you’re making a fool out of me. give me a break!",Trustpilot,2025-01-02T21:00:07.000Z,3.0,"guys, so far you haven’t sent me a response about my request, about my refund. do i look like a joke to you? please, i’ve lost the little patience i had left with you. go screw yourselves. it’s been over a month since i made the purchase and i haven’t received it. and the damn delivery time was supposed to be 8 business days. i don’t know what else to do anymore, i’ve sent countless emails, commented on posts, and you’re making a fool out of me. give me a break!",3.0,Neutral/Positive
Kiko Milano General,"if i could give zero stars, i would. i placed an order on november 21st, and as of today, january 2nd, i still haven’t received my items. despite sending multiple emails, many of them went unanswered or failed to provide a solution. the most recent response simply asked me to wait a few more days. my issue remains unresolved, and i’m now considering giving up on ever receiving my purchase. i’ve also requested a refund, but there has been no response to that either. i never expected such poor service from this brand. unfortunately, i cannot recommend it. waste of time and money.",Trustpilot,2025-01-02T14:23:28.000Z,3.0,"if i could give zero stars, i would. i placed an order on november 21st, and as of today, january 2nd, i still haven’t received my items. despite sending multiple emails, many of them went unanswered or failed to provide a solution. the most recent response simply asked me to wait a few more days. my issue remains unresolved, and i’m now considering giving up on ever receiving my purchase. i’ve also requested a refund, but there has been no response to that either. i never expected such poor service from this brand. unfortunately, i cannot recommend it. waste of time and money.",3.0,Customer Service Threat
Kiko Milano General,"commande du 14/12/2023, livraison pour le 19/12 après le 28/12, le 30/12, à ce jour toujours rien. mais reception d'un mail de kiko le 31/12/2012 pour noter les produits. est ce une blague?",Trustpilot,2025-01-02T09:18:57.000Z,3.0,"commande du 14/12/2023, livraison pour le 19/12 après le 28/12, le 30/12, à ce jour toujours rien. mais reception d'un mail de kiko le 31/12/2012 pour noter les produits. est ce une blague?",3.0,Neutral/Positive
Kiko Milano General,he comprado skin hibrid y no sé lo recomiendo a nadie. deja la piel cuarteada.. fatal,Trustpilot,2024-12-30T21:29:16.000Z,3.0,he comprado skin hibrid y no sé lo recomiendo a nadie. deja la piel cuarteada.. fatal,3.0,Neutral/Positive
Kiko Milano General,"commande effectuée début décembre pour mettre au pied du sapin....loupé...a ce jour toujours pas arrivé, pas très professionnel tout ça. 
pourquoi lancer de telles promos pour ne pas les honorer. je choisirais autre chose la prochaine fois",Trustpilot,2024-12-30T14:37:20.000Z,3.0,"commande effectuée début décembre pour mettre au pied du sapin....loupé...a ce jour toujours pas arrivé, pas très professionnel tout ça. 
pourquoi lancer de telles promos pour ne pas les honorer. je choisirais autre chose la prochaine fois",3.0,Neutral/Positive
Kiko Milano General,"mon fils a passé une commande le 16 décembre pour le noël de sa sœur, à ce jour il n’a toujours pas reçu sa commande et sa sœur n’a pas eu son cadeau. soit disant que le colis est parti depuis le 20 décembre et depuis pas de nouvelles, c est honteux et décevant. nous ne commanderons plus sur ce site",Trustpilot,2024-12-30T13:36:03.000Z,3.0,"mon fils a passé une commande le 16 décembre pour le noël de sa sœur, à ce jour il n’a toujours pas reçu sa commande et sa sœur n’a pas eu son cadeau. soit disant que le colis est parti depuis le 20 décembre et depuis pas de nouvelles, c est honteux et décevant. nous ne commanderons plus sur ce site",3.0,Neutral/Positive
Kiko Milano General,"ma commande du début de décembre toujours pas livré et c etait pour noël et gls dit que c est livré et toujours rien reçut 
fini les commandes en ligne je ne peux même pas les contactés",Trustpilot,2024-12-30T12:18:51.000Z,3.0,"ma commande du début de décembre toujours pas livré et c etait pour noël et gls dit que c est livré et toujours rien reçut 
fini les commandes en ligne je ne peux même pas les contactés",3.0,Neutral/Positive
Kiko Milano General,"wanneer je een verzoek doet voor een retournering, pakken ze deze niet op. als je ze herinnert na een paar maanden, reageren ze niet. wanneer je ze er na een jaar weer aan herinnert, zeggen ze dat je te laat bent.

makkelijke manier om iemand haar retourrecht af te nemen.

de bestelling was trouwens van 2023. toen ik de bestelling net ontving, ging ik naar de winkel om producten te retourneren. de winkelmedewerker gaf toen aan dat ik ze moet mailen, en dat ik dan instructies zou krijgen voor het retourneren. dus er was voor mij geen andere manier dan het digitaal te proberen.",Trustpilot,2024-12-28T15:48:12.000Z,3.0,"wanneer je een verzoek doet voor een retournering, pakken ze deze niet op. als je ze herinnert na een paar maanden, reageren ze niet. wanneer je ze er na een jaar weer aan herinnert, zeggen ze dat je te laat bent.

makkelijke manier om iemand haar retourrecht af te nemen.

de bestelling was trouwens van 2023. toen ik de bestelling net ontving, ging ik naar de winkel om producten te retourneren. de winkelmedewerker gaf toen aan dat ik ze moet mailen, en dat ik dan instructies zou krijgen voor het retourneren. dus er was voor mij geen andere manier dan het digitaal te proberen.",3.0,Neutral/Positive
Kiko Milano General,"a fuir.
noël est passé et tjrs pas de commande en vue. le lien qui ils m envoient pour suivre ma commande ne fonctionne pas...
1ere et dernière commande sur leur site. j ai mis une étoile, mais si l étoile 0 avait exstee je ne me serais pas gênée.",Trustpilot,2024-12-28T14:50:12.000Z,3.0,"a fuir.
noël est passé et tjrs pas de commande en vue. le lien qui ils m envoient pour suivre ma commande ne fonctionne pas...
1ere et dernière commande sur leur site. j ai mis une étoile, mais si l étoile 0 avait exstee je ne me serais pas gênée.",3.0,Neutral/Positive
Kiko Milano General,"bonjour,
pour le calendrier de l'avent de ma fille, j'ai acheté plusieurs produits kiko, dont un rose à lèvres qui brille en pinçant les lèvres. quelle déception quand en ouvrant la boîte, le rose à lèvres ne correspondait pas du tout au packaging! 
nous avons téléphoné au magasin, impossible d'échanger ou de rembourser, même pas un geste commercial ! alors que c’est la vendeuse qui a fait l'erreur ! vos boîtes sont vides pour ne pas que les produits soient volés.
faites en sorte que lorsque vous remettez les produits dans leur boîte ça soit le bon produit ! ou assumer vos erreurs.",Trustpilot,2024-12-28T14:13:25.000Z,3.0,"bonjour,
pour le calendrier de l'avent de ma fille, j'ai acheté plusieurs produits kiko, dont un rose à lèvres qui brille en pinçant les lèvres. quelle déception quand en ouvrant la boîte, le rose à lèvres ne correspondait pas du tout au packaging! 
nous avons téléphoné au magasin, impossible d'échanger ou de rembourser, même pas un geste commercial ! alors que c’est la vendeuse qui a fait l'erreur ! vos boîtes sont vides pour ne pas que les produits soient volés.
faites en sorte que lorsque vous remettez les produits dans leur boîte ça soit le bon produit ! ou assumer vos erreurs.",3.0,Neutral/Positive
Kiko Milano General,"commandé le 17 décembre, livraison assurée le 23 décembre. nous sommes le 27 décembre et je n'ai toujours rien reçu. j'ai demandé un remboursement et on me dit que ce n'est pas possible. première et dernière commande sur internet.",Trustpilot,2024-12-27T15:52:34.000Z,3.0,"commandé le 17 décembre, livraison assurée le 23 décembre. nous sommes le 27 décembre et je n'ai toujours rien reçu. j'ai demandé un remboursement et on me dit que ce n'est pas possible. première et dernière commande sur internet.",3.0,Neutral/Positive
Kiko Milano General,"je ne recommande pas de commander sur le site !!! commande passée le 15/12/24 ! et toujours rien reçu ! même pas encore prise en charge par le transporteur nous sommes quand même le 27 ! 
pour ce qui est de débiter ça ils sont pas en retard ! j’ai contacté le service client qui à part me dire qu’elle est expédiée et d’être patiente et de me faire parvenir un bon de 10 euros pour la prochaine commande. c’est inadmissible !
où elle est la commande kiko ?!",Trustpilot,2024-12-27T13:29:39.000Z,3.0,"je ne recommande pas de commander sur le site !!! commande passée le 15/12/24 ! et toujours rien reçu ! même pas encore prise en charge par le transporteur nous sommes quand même le 27 ! 
pour ce qui est de débiter ça ils sont pas en retard ! j’ai contacté le service client qui à part me dire qu’elle est expédiée et d’être patiente et de me faire parvenir un bon de 10 euros pour la prochaine commande. c’est inadmissible !
où elle est la commande kiko ?!",3.0,Neutral/Positive
Kiko Milano General,schlechter kundenservice,Trustpilot,2024-12-27T13:15:37.000Z,3.0,schlechter kundenservice,3.0,Neutral/Positive
Kiko Milano General,toujours pas reçu ma commande je suis très déçue ! c est très bien d offrir la livraison à partir d un certain montant mais il faudrait peut-être pas attendre 2 semaines pour la recevoir .,Trustpilot,2024-12-25T23:43:22.000Z,3.0,toujours pas reçu ma commande je suis très déçue ! c est très bien d offrir la livraison à partir d un certain montant mais il faudrait peut-être pas attendre 2 semaines pour la recevoir .,3.0,Neutral/Positive
Kiko Milano General,"idem que tous les autres avis négatifs !!! commande passée le 16/12/24 pour mes cadeaux de noël... nous sommes le 24 et toujours rien alors que la livraison était annoncée pour le 23/12 ! 
c'est juste honteux et scandaleux d'autant que j'avais mentionné dans un petit commentaire qu'il s'agissait de cadeaux de noël.
l'expédition à été faite seulement 4 jours après la commande ! 
puisqu'ils sont débordés je vais les alléger de ma fidélité !",Trustpilot,2024-12-24T13:52:17.000Z,3.0,"idem que tous les autres avis négatifs !!! commande passée le 16/12/24 pour mes cadeaux de noël... nous sommes le 24 et toujours rien alors que la livraison était annoncée pour le 23/12 ! 
c'est juste honteux et scandaleux d'autant que j'avais mentionné dans un petit commentaire qu'il s'agissait de cadeaux de noël.
l'expédition à été faite seulement 4 jours après la commande ! 
puisqu'ils sont débordés je vais les alléger de ma fidélité !",3.0,Neutral/Positive
Kiko Milano General,"j'ai pris rv pour un maquillage de noël  le 21 décembre et me suis inscrite sur le site duquel j'ai reçu une confirmation. 
aujourd'hui le 24 , on m'apprend que ce rv est annulé car il y a eu un problème informatique et que bien sûr il ne reste aucune place. et bien sûr on vous laisse ds l'embarras sans aucune autre proposition ! !
ah si ..... je peux reporter mon rv à un autre jour si je veux!!!!! 
quel manque de sérieux et de 
professionnalisme ! aucun respect du client ! 
a fuir !!!",Trustpilot,2024-12-24T12:09:33.000Z,3.0,"j'ai pris rv pour un maquillage de noël  le 21 décembre et me suis inscrite sur le site duquel j'ai reçu une confirmation. 
aujourd'hui le 24 , on m'apprend que ce rv est annulé car il y a eu un problème informatique et que bien sûr il ne reste aucune place. et bien sûr on vous laisse ds l'embarras sans aucune autre proposition ! !
ah si ..... je peux reporter mon rv à un autre jour si je veux!!!!! 
quel manque de sérieux et de 
professionnalisme ! aucun respect du client ! 
a fuir !!!",3.0,Neutral/Positive
Kiko Milano General,"sou consumidora da kiko milano há uns anos, e nunca tive problemas.
tudo chega perfeitamente embalado, produtos de altíssima qualidade e sempre dentro do prazo.
atendimento ao cliente espetacular e rápido.",Trustpilot,2024-12-24T02:03:58.000Z,3.0,"sou consumidora da kiko milano há uns anos, e nunca tive problemas.
tudo chega perfeitamente embalado, produtos de altíssima qualidade e sempre dentro do prazo.
atendimento ao cliente espetacular e rápido.",3.0,Neutral/Positive
Kiko Milano General,"buongiorno.gestione pessima e non conoscono la parola educazione.faccio ordine pago ovviamente subito _mi comunicano arrivo verso il 21-12-2024 
oggi cambiano previsto per il 28-12-2024 vedete voi era un regalo /la serietà è scriverlo subitaneamente_con data non pretendo certa ma approssimativa telefono mi risponde una signora maleducatissima non si presenta e mi comunica di non poter fare nulla si chiama ""sardina  nella botte""(menefreghismo)  chiedo come mi mette giù il telefono complimenti ing.f#d_i",Trustpilot,2024-12-23T13:45:45.000Z,3.0,"buongiorno.gestione pessima e non conoscono la parola educazione.faccio ordine pago ovviamente subito _mi comunicano arrivo verso il 21-12-2024 
oggi cambiano previsto per il 28-12-2024 vedete voi era un regalo /la serietà è scriverlo subitaneamente_con data non pretendo certa ma approssimativa telefono mi risponde una signora maleducatissima non si presenta e mi comunica di non poter fare nulla si chiama ""sardina  nella botte""(menefreghismo)  chiedo come mi mette giù il telefono complimenti ing.f#d_i",3.0,Neutral/Positive
Kiko Milano General,"slechte klantenservice, krijg mijn geld na 2 maanden nog steeds niet terug. degoutant",Trustpilot,2024-12-22T23:16:05.000Z,3.0,"slechte klantenservice, krijg mijn geld na 2 maanden nog steeds niet terug. degoutant",3.0,Neutral/Positive
Kiko Milano General,"esperienza pessima, sto attendendo un rimborso dal 3 dicembre per un errore da parte loro mai vista una cosa del genere, servizio clienti che sa solo risponde ci scusiamo sarebbe meglio meno scuse ma risolviamo",Trustpilot,2024-12-21T16:43:28.000Z,3.0,"esperienza pessima, sto attendendo un rimborso dal 3 dicembre per un errore da parte loro mai vista una cosa del genere, servizio clienti che sa solo risponde ci scusiamo sarebbe meglio meno scuse ma risolviamo",3.0,Neutral/Positive
Kiko Milano General,"je me suis rendue au magasin kiko du centre aéroville un dimanche avec ma fille de 12 ans pour des achats de noël. le magasin était bondé en raison de l'offre ""3 achetés = 3 offerts"", autant dire que c'était la cohue. malgré les sollicitations constantes, le brouhaha et la pression, j'ai pu constater qu'alana, une conseillère, a fait preuve de bienveillance, de patience et d'efficacité à chaque fois qu'elle prenait en charge une cliente. je tenais à prendre le temps de souligner son professionnalisme et de saluer le travail remarquable d'une conseillère qui aime ce qu'elle fait et qui le fait bien.",Trustpilot,2024-12-20T16:29:05.000Z,3.0,"je me suis rendue au magasin kiko du centre aéroville un dimanche avec ma fille de 12 ans pour des achats de noël. le magasin était bondé en raison de l'offre ""3 achetés = 3 offerts"", autant dire que c'était la cohue. malgré les sollicitations constantes, le brouhaha et la pression, j'ai pu constater qu'alana, une conseillère, a fait preuve de bienveillance, de patience et d'efficacité à chaque fois qu'elle prenait en charge une cliente. je tenais à prendre le temps de souligner son professionnalisme et de saluer le travail remarquable d'une conseillère qui aime ce qu'elle fait et qui le fait bien.",3.0,Neutral/Positive
Kiko Milano General,"decepcionante experiencia con el envío y servicio al cliente

realicé un pedido en línea con kiko milano esperando recibirlo en la fecha indicada, pero lamentablemente no cumplieron con el plazo de entrega. lo peor es que no tienen un número de teléfono donde puedas contactar para obtener información o resolver dudas sobre tu pedido. me sentí completamente desinformado y frustrado. un servicio de atención al cliente debería facilitar el proceso, no complicarlo más. definitivamente no volveré a comprar aquí hasta que mejoren su gestión y atención al cliente.",Trustpilot,2024-12-19T16:00:55.000Z,3.0,"decepcionante experiencia con el envío y servicio al cliente

realicé un pedido en línea con kiko milano esperando recibirlo en la fecha indicada, pero lamentablemente no cumplieron con el plazo de entrega. lo peor es que no tienen un número de teléfono donde puedas contactar para obtener información o resolver dudas sobre tu pedido. me sentí completamente desinformado y frustrado. un servicio de atención al cliente debería facilitar el proceso, no complicarlo más. definitivamente no volveré a comprar aquí hasta que mejoren su gestión y atención al cliente.",3.0,Neutral/Positive
Kiko Milano General,commande conforme et livrée dans les temps sans encombre,Trustpilot,2024-12-18T23:13:21.000Z,3.0,commande conforme et livrée dans les temps sans encombre,3.0,Neutral/Positive
Kiko Milano General,"commandé passé depuis presque 3 semaines. livraison retardée constamment. aucun contact pour savoir concrètement où en est la commande. aucun renseignement complémentaire. je ne recommande pas le site , ni le service livraison. rien ne va.  c'est la derniere fois que je passe commande. service incompetent et inutile . pub mensongère pour les delai de livraison.",Trustpilot,2024-12-18T21:37:50.000Z,3.0,"commandé passé depuis presque 3 semaines. livraison retardée constamment. aucun contact pour savoir concrètement où en est la commande. aucun renseignement complémentaire. je ne recommande pas le site , ni le service livraison. rien ne va.  c'est la derniere fois que je passe commande. service incompetent et inutile . pub mensongère pour les delai de livraison.",3.0,Neutral/Positive
Kiko Milano General,"mi sono recata nel punto vendita di alessandria corso roma ,innanzitutto entrando la commessa manco mi ha salutata perché era impegnata al cellulare,
faccio i miei acquisti mi reco alla cassa per pagare ma la commessa non avevo il resto da darmi .
a quel punto le ho detto che mancava del resto e lei tutta scocciata mi ha detto che non li aveva e da grande cafona mi ha detto e si attacca si centesimi?
onestamente per principio non sono i centesimi ma il modo con cui mi ha risposto e io le ho semplicemente detto che se fanno così con tutte le clienti arrivano a fine sera che si fanno si 20 euro ma non è quello il punto 
all’improvviso prende il suo portafoglio e mi lancia 50 cent grandissima maleducata 
non entrerò mai più in quel negozio 
se io fossi al posto del titolare la licenzierei in tronco perché non può trattare così i clienti",Trustpilot,2024-12-18T19:48:33.000Z,3.0,"mi sono recata nel punto vendita di alessandria corso roma ,innanzitutto entrando la commessa manco mi ha salutata perché era impegnata al cellulare,
faccio i miei acquisti mi reco alla cassa per pagare ma la commessa non avevo il resto da darmi .
a quel punto le ho detto che mancava del resto e lei tutta scocciata mi ha detto che non li aveva e da grande cafona mi ha detto e si attacca si centesimi?
onestamente per principio non sono i centesimi ma il modo con cui mi ha risposto e io le ho semplicemente detto che se fanno così con tutte le clienti arrivano a fine sera che si fanno si 20 euro ma non è quello il punto 
all’improvviso prende il suo portafoglio e mi lancia 50 cent grandissima maleducata 
non entrerò mai più in quel negozio 
se io fossi al posto del titolare la licenzierei in tronco perché non può trattare così i clienti",3.0,Neutral/Positive
Kiko Milano General,"très déçue également… 
j’ai commandé le 11 décembre, en payant l’envoi, afin de le recevoir le 16 décembre environ. je m’attendais à un peu de retard… mais nous sommes le 18 décembre et la commande n’est meme pas expédiée !!! 
super le cadeau de noël ! en plus on ne peut plus annuler. 
quel déception.
aucun service client forcément ! 
donc aucune solution possible. 
on reste dans l’attente, c’est tout ! 

quel dommage pour une si grosse marque 

je n’achèterai plus chez eux, ça c’est sûr !",Trustpilot,2024-12-18T10:30:21.000Z,3.0,"très déçue également… 
j’ai commandé le 11 décembre, en payant l’envoi, afin de le recevoir le 16 décembre environ. je m’attendais à un peu de retard… mais nous sommes le 18 décembre et la commande n’est meme pas expédiée !!! 
super le cadeau de noël ! en plus on ne peut plus annuler. 
quel déception.
aucun service client forcément ! 
donc aucune solution possible. 
on reste dans l’attente, c’est tout ! 

quel dommage pour une si grosse marque 

je n’achèterai plus chez eux, ça c’est sûr !",3.0,Neutral/Positive
Kiko Milano General,"verschrikkelijke ervaring mijn bestelling zouden binnen 5 dagen worden bezorgd duurt nu al 2 weken, nog steeds niks ontvangen. track en trace code werkt niet. ze reageren niet via de telefoon, niet via de mail en ik heb het zelfs via facebook en instagram geprobeerd. het cadeau wat voor een verjaardag met gevolg dat die persoon niks heeft gekregen en vraag me af of ze het gaat krijgen… ik heb 4 euro betaald voor verzendkosten en wat krijg je ervoor? prut. slecht bedrijf, niet betrouwbaar. ik waarschuw je niet op de online website dingen kopen!",Trustpilot,2024-12-17T23:05:52.000Z,3.0,"verschrikkelijke ervaring mijn bestelling zouden binnen 5 dagen worden bezorgd duurt nu al 2 weken, nog steeds niks ontvangen. track en trace code werkt niet. ze reageren niet via de telefoon, niet via de mail en ik heb het zelfs via facebook en instagram geprobeerd. het cadeau wat voor een verjaardag met gevolg dat die persoon niks heeft gekregen en vraag me af of ze het gaat krijgen… ik heb 4 euro betaald voor verzendkosten en wat krijg je ervoor? prut. slecht bedrijf, niet betrouwbaar. ik waarschuw je niet op de online website dingen kopen!",3.0,Neutral/Positive
Kiko Milano General,"would give them 0 if i could! i placed an order on the 28th november anticipating that it would take a week or so to arrive given black friday / christmas. it's now the 17th december and it still hasn't shown up... reaching out to their customer service team is utterly pointless as they just send you back your tracking details, which haven't been updated in over a week and says it's still in germany. really poor form, there was nothing at check out to say that it takes this long to be delivered. never again!",Trustpilot,2024-12-17T18:08:03.000Z,3.0,"would give them 0 if i could! i placed an order on the 28th november anticipating that it would take a week or so to arrive given black friday / christmas. it's now the 17th december and it still hasn't shown up... reaching out to their customer service team is utterly pointless as they just send you back your tracking details, which haven't been updated in over a week and says it's still in germany. really poor form, there was nothing at check out to say that it takes this long to be delivered. never again!",3.0,Neutral/Positive
Kiko Milano General,"tardan muchísimo en enviar los productos, llevo más de 15 días esperando y encima me lo han cobrado dos veces y no me responden.",Trustpilot,2024-12-17T12:09:33.000Z,3.0,"tardan muchísimo en enviar los productos, llevo más de 15 días esperando y encima me lo han cobrado dos veces y no me responden.",3.0,Neutral/Positive
Kiko Milano General,"7 december online besteld .. vage mails . bestelling was eerst voor verjaardag maar dat heeft de orderverwerking niet gehaald ! nu voor de keret dan maar alleen blijft de levering vast staan op orderpicking. alles nu extra besteld op amazon , was met dag in huis ! dus kiko zelf waardeloos !! hulp centrum reageert niet .. niets kopen daar !!! waardeloos",Trustpilot,2024-12-16T20:22:05.000Z,3.0,"7 december online besteld .. vage mails . bestelling was eerst voor verjaardag maar dat heeft de orderverwerking niet gehaald ! nu voor de keret dan maar alleen blijft de levering vast staan op orderpicking. alles nu extra besteld op amazon , was met dag in huis ! dus kiko zelf waardeloos !! hulp centrum reageert niet .. niets kopen daar !!! waardeloos",3.0,Neutral/Positive
Kiko Milano General,"0 sterren als je het mij vraagt, ik wacht al 5 weken op mijn bestelling en de klantenservice reageert niet! te belachelijk hoe zij dit doen, helaas kunnen de fysieke winkels ook niet helpen oftewel mijn geld is weg en geen bestelling ontvangen. ook kan je alleen contact opnemen via de mail en is er nergens een klantenservice nummer, hierdoor is het enige wat je kan doen afwachten op een mail die niet komt.",Trustpilot,2024-12-16T17:30:44.000Z,3.0,"0 sterren als je het mij vraagt, ik wacht al 5 weken op mijn bestelling en de klantenservice reageert niet! te belachelijk hoe zij dit doen, helaas kunnen de fysieke winkels ook niet helpen oftewel mijn geld is weg en geen bestelling ontvangen. ook kan je alleen contact opnemen via de mail en is er nergens een klantenservice nummer, hierdoor is het enige wat je kan doen afwachten op een mail die niet komt.",3.0,Neutral/Positive
Kiko Milano General,"i love kiko products, however the delivery is shambolic. i placed an order on the 26th november. it is now 16th december. it wasn't shipped until the 6th dec and has been stuck in frankfurt germany since the 10th dec. i bought a selection of products as a christmas gift for my sister, who was visiting on the weekend of the 14th dec (i thought i had placed the order in plenty of time). now i have to post these to her, when all the other members of the family were given their gifts. when i contacted customer services, all i got back was here is your tracking number.....doh, do you not think i have already looked at that? pathetic response. i will never place an order online with kiko again. think twice if you are thinking of placing an order online, you will be waiting a month for delivery and that's if you are lucky. i am still waiting for mine :-(",Trustpilot,2024-12-16T12:50:11.000Z,3.0,"i love kiko products, however the delivery is shambolic. i placed an order on the 26th november. it is now 16th december. it wasn't shipped until the 6th dec and has been stuck in frankfurt germany since the 10th dec. i bought a selection of products as a christmas gift for my sister, who was visiting on the weekend of the 14th dec (i thought i had placed the order in plenty of time). now i have to post these to her, when all the other members of the family were given their gifts. when i contacted customer services, all i got back was here is your tracking number.....doh, do you not think i have already looked at that? pathetic response. i will never place an order online with kiko again. think twice if you are thinking of placing an order online, you will be waiting a month for delivery and that's if you are lucky. i am still waiting for mine :-(",3.0,Neutral/Positive
Kiko Milano General,"commande passé le 29 novembre le calendrier de l avent pour la saint nicolas de ma fille j était censé le recevoir le 4 décembre,nous somme le 16 décembre je n est toujours rien reçu j envoie des mail apart me dire c est en préparation!rien d autre je suis vraiment déçu  pourtant grosse firme",Trustpilot,2024-12-16T11:27:05.000Z,3.0,"commande passé le 29 novembre le calendrier de l avent pour la saint nicolas de ma fille j était censé le recevoir le 4 décembre,nous somme le 16 décembre je n est toujours rien reçu j envoie des mail apart me dire c est en préparation!rien d autre je suis vraiment déçu  pourtant grosse firme",3.0,Neutral/Positive
Kiko Milano General,"ordinato dal sito, oltre ad un ritardo estremo è arrivato incompleto. esperienza terribile, sconsiglio a chiunque di effettuare acquisti qui",Trustpilot,2024-12-16T11:18:01.000Z,3.0,"ordinato dal sito, oltre ad un ritardo estremo è arrivato incompleto. esperienza terribile, sconsiglio a chiunque di effettuare acquisti qui",3.0,Neutral/Positive
Kiko Milano General,"i first went into kiko in spain about 10 years ago.  i bought the eye primer which is the best i have found.  about 7 years ago i placed an on line order which took for ages to arrive and i complained.  

thinking that i would try an online order years later and that delivery must have improved i have been disappointed.  

so far ... 15 days!!!!  it didn't leave italy for 10 of these days and it has now been in germany for 3.  in this time i have posted a parcel to the united states and it has arrived safely.   

a little give and take for international delivery but why is my product even in germany when i am in the uk and why did it take 10 days to even pack it?  if i don't receive it this side of christmas i will be placing a complaint.... again.",Trustpilot,2024-12-16T01:58:17.000Z,3.0,"i first went into kiko in spain about 10 years ago.  i bought the eye primer which is the best i have found.  about 7 years ago i placed an on line order which took for ages to arrive and i complained.  

thinking that i would try an online order years later and that delivery must have improved i have been disappointed.  

so far ... 15 days!!!!  it didn't leave italy for 10 of these days and it has now been in germany for 3.  in this time i have posted a parcel to the united states and it has arrived safely.   

a little give and take for international delivery but why is my product even in germany when i am in the uk and why did it take 10 days to even pack it?  if i don't receive it this side of christmas i will be placing a complaint.... again.",3.0,Neutral/Positive
Kiko Milano General,sofia truccatrice di kiko bari via sparano super top ! mi ha truccato per celebrare un matrimonio . brava accogliente competente !!!,Trustpilot,2024-12-15T19:58:04.000Z,3.0,sofia truccatrice di kiko bari via sparano super top ! mi ha truccato per celebrare un matrimonio . brava accogliente competente !!!,3.0,Neutral/Positive
Kiko Milano General,"oggi sono stata alla kiko del centro sicilia. 
ogni volta, spero ci sia una ragazza di nome martina, perché è davvero professionale, oltre che simpaticissima e gentilissima. oggi, ad esempio, a me e mia sorella, ci ha consigliato, spiegato e aiutato, trasmettendoci la sua passione e la sua preparazione per il make up. complimenti!",Trustpilot,2024-12-15T16:16:29.000Z,3.0,"oggi sono stata alla kiko del centro sicilia. 
ogni volta, spero ci sia una ragazza di nome martina, perché è davvero professionale, oltre che simpaticissima e gentilissima. oggi, ad esempio, a me e mia sorella, ci ha consigliato, spiegato e aiutato, trasmettendoci la sua passione e la sua preparazione per il make up. complimenti!",3.0,Neutral/Positive
Kiko Milano General,"bonjour
commande passée le 4 décembre, le 15 toujours pas reçu, ????? c est trop long, j aimerai bien l avoir avant noel quand meme;;;
commande numero 48008365
jp",Trustpilot,2024-12-15T13:43:51.000Z,3.0,"bonjour
commande passée le 4 décembre, le 15 toujours pas reçu, ????? c est trop long, j aimerai bien l avoir avant noel quand meme;;;
commande numero 48008365
jp",3.0,Neutral/Positive
Kiko Milano General,"ik wacht al bijna 2 weken op mijn bestelling..
echt te lang",Trustpilot,2024-12-15T02:29:36.000Z,3.0,"ik wacht al bijna 2 weken op mijn bestelling..
echt te lang",3.0,Neutral/Positive
Kiko Milano General,ottimo servizio personale competente ragazze squisite e molto professionali,Trustpilot,2024-12-14T22:38:09.000Z,3.0,ottimo servizio personale competente ragazze squisite e molto professionali,3.0,Neutral/Positive
Kiko Milano General,"ich habe das erste mal bei kiko bestellt- nie wieder. die produkte sind der absolute mist, farben sind in live mega hässlich, die ombré lippenstifte haben überhaupt nichts mit ombré zu tun. haltbarkeit katastrophal, da fahre ich besser mit meinen 2€ essence produkten. rücksendung nicht möglich, da nur ungeöffnet und unbenutzt retournierbar. nach kontakt zum kundenservice bleibe ich auf den 50€ für absoluten dreck sitzen. nie wieder!!!",Trustpilot,2024-12-14T20:52:15.000Z,3.0,"ich habe das erste mal bei kiko bestellt- nie wieder. die produkte sind der absolute mist, farben sind in live mega hässlich, die ombré lippenstifte haben überhaupt nichts mit ombré zu tun. haltbarkeit katastrophal, da fahre ich besser mit meinen 2€ essence produkten. rücksendung nicht möglich, da nur ungeöffnet und unbenutzt retournierbar. nach kontakt zum kundenservice bleibe ich auf den 50€ für absoluten dreck sitzen. nie wieder!!!",3.0,Neutral/Positive
Kiko Milano General,"de slechtste klantenservice, nooit online bestellen. langer dan 2 weken zonder antwoord van mijn bestelling. 
na veel berichten verloor ik mijn geduld en verhoogde de toon van mijn laatste bericht, en toen kreeg ik een reactie en het bleek dat zij degenen waren die beledigd waren.  ze moeten leren hun klanten te respecteren.",Trustpilot,2024-12-14T19:22:04.000Z,3.0,"de slechtste klantenservice, nooit online bestellen. langer dan 2 weken zonder antwoord van mijn bestelling. 
na veel berichten verloor ik mijn geduld en verhoogde de toon van mijn laatste bericht, en toen kreeg ik een reactie en het bleek dat zij degenen waren die beledigd waren.  ze moeten leren hun klanten te respecteren.",3.0,Neutral/Positive
